model,atom_def,n_params,n_seeds,seed_mean_r,seed_sd_r
deep_gine,ca,460034,3,0.3134642542874277,0.0121161928565243
deep_gine,cb,460034,3,0.3307573693510241,0.0262348740778233
deep_gine,centroid,460034,3,0.3615373594454776,0.0392704238959351
egnn,ca,508934,3,0.091230535807359,0.2184784600970559
egnn,cb,508934,3,0.0908196274475086,0.2330373196703882
egnn,centroid,508934,3,0.1306808426648089,0.2409913213393042
gnn_edge,allatom,50050,3,0.3485605324534766,0.0348787951412502
gnn_edge,ca,50050,3,0.3396403183374425,0.0053725357129288
gnn_edge,cb,50050,3,0.3734077237311193,0.0523964592983281
gnn_edge,centroid,50050,3,0.3467527190859863,0.0160748261818754
gnn_global,allatom,5825,3,0.0521124603790933,0.0227742792729961
gnn_global,ca,5825,3,0.0737992561038787,0.0195719593567759
gnn_global,cb,5825,3,0.1341818285657875,0.0355038809118881
gnn_global,centroid,5825,3,0.1501735205706389,0.0416011303974528
gnn_local,allatom,5889,3,0.3305625579304954,0.0148787567388169
gnn_local,ca,5889,3,0.3136189574025359,0.0033313404623929
gnn_local,cb,5889,3,0.3470524969779314,0.0115246034313434
gnn_local,centroid,5889,3,0.3774524495079223,0.0043684454236711
