model,family,seed,pearson,pearson_ci_low,pearson_ci_high,spearman,mae,rmse,protein_pearson,n_proteins,n_mutations
ridge,linear,-1,0.3924065326682503,0.2251634073134818,0.5067936691700726,0.3882948240398184,1.0864249253357419,1.4532710243236107,0.30679132135531534,19,511
gnn_global_s42,global,42,0.18353473959235359,0.04867254830151528,0.28991375265369496,0.22482295590349677,1.171877432352876,1.5470611467350204,0.43726278691435727,19,511
gnn_local_s42,local,42,0.38188636338700793,0.22435213294880274,0.48592225323996263,0.3794262829707018,1.0846567212948595,1.455398795519093,0.3428865397407234,19,511
gnn_local_blosum_s42,blosum,42,0.3682419706974859,0.20131108027082686,0.4755853902930338,0.37413160844272375,1.0988468468935757,1.4678694528818865,0.28031234271885547,19,511
gnn_edge_s42,edge,42,0.3540753258044311,0.21177472392892052,0.4540144181659458,0.37389364150058557,1.0912816410320145,1.4786986619648108,0.35593453560011723,19,511
gnn_global_s123,global,123,0.12802165108889973,-0.013578707356788235,0.2443354782020956,0.15502655927797682,1.2014778801754498,1.6045389939471533,0.42038275902818734,19,511
gnn_local_s123,local,123,0.3653359109094171,0.19950817543893112,0.4694352670695159,0.37713605350546375,1.1028814683211001,1.48518713863437,0.2585715258414765,19,511
gnn_local_blosum_s123,blosum,123,0.355138564261802,0.19510531800767267,0.4593963650539714,0.36781069023495033,1.1150401447215892,1.500797020829246,0.31389349753198026,19,511
gnn_edge_s123,edge,123,0.3022757307155387,0.1639857803368153,0.4232391642867227,0.30626948014979516,1.204513684146675,1.5932111029294205,0.4548017144598754,19,511
gnn_global_s2024,global,2024,0.1740005355441396,0.030548545178886083,0.2855063747749743,0.20870429295749224,1.1719522505198148,1.5557052620721807,0.4420749225842636,19,511
gnn_local_s2024,local,2024,0.37209272599510107,0.210536898083587,0.4789162838998945,0.3721662227397696,1.090786332782059,1.4638359586603935,0.2922256638817157,19,511
gnn_local_blosum_s2024,blosum,2024,0.35849330851100725,0.19847282054822626,0.4614976499222231,0.3675165591373452,1.1015887488173413,1.472783724782396,0.27486346655732585,19,511
gnn_edge_s2024,edge,2024,0.28926312840450413,0.12541893143780294,0.39623914286266027,0.3170651841372463,1.1340562671328476,1.5149349452294836,0.41307583516955554,19,511
gnn_local_cb_s42,cb,42,0.3318585804708621,0.17972191270063767,0.4422393996321072,0.3444633092648673,1.111841711798293,1.4849184754199376,0.27288885238463434,19,511
gnn_local_cb_s123,cb,123,0.34588249294943585,0.18410527254705614,0.4553112114905572,0.35396521414816134,1.106527287986997,1.4926601339272676,0.3073080692947385,19,511
gnn_local_cb_s2024,cb,2024,0.35459656503182707,0.1955863172197726,0.4597766712321036,0.36076957577901253,1.0982713609176256,1.4804415949297998,0.26353746397609834,19,511
