pdb_id,mut_info,ddg,n_broken,n_formed,n_edit,net_change,ratio,broken_hydro,broken_elec,broken_other,formed_hydro,formed_elec,formed_other
1BFM,M35W,0.7,0,1,1,1,0.0,0,0,0,0,0,1
1BFM,M35Y,0.4,1,1,2,0,1.0,1,0,0,0,0,1
1D5G,H71Y,0.04,2,1,3,-1,2.0,0,0,2,0,0,1
1D5G,I20F,-0.91,4,3,7,-1,1.3333333333333333,4,0,0,3,0,0
1EKG,L198C,1.0,0,3,3,3,0.0,0,0,0,1,0,2
1EKG,L200C,2.0,0,1,1,1,0.0,0,0,0,1,0,0
1EKG,L203C,-1.0,1,1,2,0,1.0,0,0,1,1,0,0
1EKG,S181F,2.6,3,2,5,-1,1.5,0,0,3,0,0,2
1FRD,H42R,-4.0,3,2,5,-1,1.5,0,0,3,0,0,2
1FXA,E94D,1.1,2,2,4,0,1.0,0,0,2,0,1,1
1FXA,E94K,0.4,4,2,6,-2,2.0,0,0,4,0,0,2
1FXA,E94Q,-0.6,2,2,4,0,1.0,0,0,2,0,0,2
1FXA,E95K,-1.0,0,0,0,0,,0,0,0,0,0,0
1FXA,F65A,1.0,4,2,6,-2,2.0,3,0,1,1,0,1
1FXA,F65I,0.9,1,2,3,1,0.5,1,0,0,1,0,1
1FXA,F65W,0.6,1,3,4,2,0.3333333333333333,0,0,1,0,0,3
1FXA,F65Y,0.5,0,1,1,1,0.0,0,0,0,0,0,1
1FXA,R42A,2.4,4,10,14,6,0.4,0,2,2,6,0,4
1FXA,R42H,1.4,2,8,10,6,0.25,0,1,1,2,0,6
1FXA,T48A,-0.1,0,1,1,1,0.0,0,0,0,0,0,1
1GLU,C500A,1.22,2,3,5,1,0.6666666666666666,1,0,1,1,0,2
1GUA,A118G,1.963,1,0,1,-1,,0,0,1,0,0,0
1GUA,A118L,1.951,4,6,10,2,0.6666666666666666,1,0,3,3,0,3
1GUA,A85G,2.149,1,2,3,1,0.5,1,0,0,0,0,2
1GUA,A97G,0.863,1,1,2,0,1.0,0,0,1,1,0,0
1GUA,C81A,-0.283,0,1,1,1,0.0,0,0,0,0,0,1
1GUA,C81I,0.912,0,0,0,0,,0,0,0,0,0,0
1GUA,C95A,0.08,1,0,1,-1,,0,0,1,0,0,0
1GUA,C96A,1.759,1,1,2,0,1.0,0,0,1,1,0,0
1GUA,C96L,0.043,1,2,3,1,0.5,0,0,1,1,0,1
1GUA,C96M,0.337,1,2,3,1,0.5,0,0,1,1,0,1
1GUA,D117A,0.706,1,0,1,-1,,0,0,1,0,0,0
1GUA,D129A,0.855,0,4,4,4,0.0,0,0,0,1,0,3
1GUA,D80A,0.493,0,0,0,0,,0,0,0,0,0,0
1GUA,E104A,-0.021,0,1,1,1,0.0,0,0,0,1,0,0
1GUA,E124A,0.101,2,3,5,1,0.6666666666666666,0,0,2,1,0,2
1GUA,E125A,0.591,2,2,4,0,1.0,0,0,2,1,0,1
1GUA,I58A,3.274,1,0,1,-1,,0,0,1,0,0,0
1GUA,I58F,1.2990000000000002,7,2,9,-5,3.5,5,0,2,1,0,1
1GUA,I58L,0.7709999999999999,2,0,2,-2,,1,0,1,0,0,0
1GUA,K109A,0.327,1,2,3,1,0.5,0,1,0,1,0,1
1GUA,L112A,2.593,0,5,5,5,0.0,0,0,0,0,0,5
1GUA,L121A,2.5340000000000003,0,3,3,3,0.0,0,0,0,2,0,1
1GUA,L126A,3.405,2,2,4,0,1.0,0,0,2,1,0,1
1GUA,L62A,3.46,1,1,2,0,1.0,1,0,0,1,0,0
1GUA,L78A,3.803,1,4,5,3,0.25,1,0,0,0,0,4
1GUA,L82A,3.529,2,3,5,1,0.6666666666666666,2,0,0,1,0,2
1GUA,L82I,1.6,1,3,4,2,0.3333333333333333,1,0,0,0,0,3
1GUA,L82V,1.7,0,3,3,3,0.0,0,0,0,0,0,3
1GUA,L86A,3.2260000000000004,2,6,8,4,0.3333333333333333,1,0,1,2,0,4
1GUA,L91A,1.575,0,4,4,4,0.0,0,0,0,1,0,3
1GUA,M76A,0.961,0,2,2,2,0.0,0,0,0,1,0,1
1GUA,N56M,-0.271,1,0,1,-1,,0,0,1,0,0,0
1GUA,N64A,1.14,0,2,2,2,0.0,0,0,0,2,0,0
1GUA,P63A,1.7080000000000002,0,1,1,1,0.0,0,0,0,0,0,1
1GUA,P93A,0.0819999999999999,3,1,4,-2,3.0,0,0,3,1,0,0
1GUA,Q66A,0.504,0,2,2,2,0.0,0,0,0,0,0,2
1GUA,R100A,0.693,1,4,5,3,0.25,0,0,1,3,0,1
1GUA,R59A,-0.178,0,4,4,4,0.0,0,0,0,3,0,1
1GUA,R89L,-1.078,0,0,0,0,,0,0,0,0,0,0
1GUA,S77A,1.5730000000000002,0,0,0,0,,0,0,0,0,0,0
1GUA,S77T,-0.581,0,0,0,0,,0,0,0,0,0,0
1GUA,T68A,0.109,0,1,1,1,0.0,0,0,0,0,0,1
1GUA,V128A,3.3680000000000003,1,0,1,-1,,0,0,1,0,0,0
1GUA,V60A,2.251,1,1,2,0,1.0,1,0,0,0,0,1
1GUA,V69A,1.116,0,0,0,0,,0,0,0,0,0,0
1GUA,V70A,1.77,0,0,0,0,,0,0,0,0,0,0
1GUA,V72A,1.052,0,0,0,0,,0,0,0,0,0,0
1GUA,V72I,0.8640000000000001,1,0,1,-1,,0,0,1,0,0,0
1GUA,V98A,1.981,0,0,0,0,,0,0,0,0,0,0
1H0X,P18A,1.936,0,0,0,0,,0,0,0,0,0,0
1H0X,P62A,2.5810000000000004,0,0,0,0,,0,0,0,0,0,0
1HCQ,C67A,2.09,6,1,7,-5,6.0,1,0,5,0,0,1
1HCQ,C67S,1.99,7,0,7,-7,,2,0,5,0,0,0
1IOJ,G15A,-0.4,1,3,4,2,0.3333333333333333,0,0,1,1,0,2
1IV9,S76Y,-4.299,1,4,5,3,0.25,0,0,1,0,0,4
1J8I,K25A,-0.1,2,4,6,2,0.5,0,0,2,2,0,2
1J8I,K66A,-0.1,1,5,6,4,0.2,0,0,1,0,1,4
1J8I,R23A,-0.8,1,2,3,1,0.5,1,0,0,2,0,0
1J8I,R35A,0.1,0,3,3,3,0.0,0,0,0,1,0,2
1J8I,R43A,-0.7,5,4,9,-1,1.25,0,0,5,1,0,3
1J8I,R9A,0.1,0,1,1,1,0.0,0,0,0,0,0,1
1JL9,A25C,1.44,0,0,0,0,,0,0,0,0,0,0
1L6H,F39A,1.6969999999999998,5,9,14,4,0.5555555555555556,2,0,3,3,0,6
1L6H,Y45A,0.55,7,7,14,0,1.0,0,1,6,1,1,5
1L6H,Y48A,1.482,7,5,12,-2,1.4,1,0,6,0,0,5
1N88,F21A,1.39,8,3,11,-5,2.6666666666666665,2,0,6,1,0,2
1N88,I39A,1.39,3,5,8,2,0.6,1,0,2,0,0,5
1N88,I80A,2.79,2,3,5,1,0.6666666666666666,0,0,2,1,0,2
1N88,I89A,2.35,4,9,13,5,0.4444444444444444,3,0,1,5,0,4
1N88,I8V,1.52,3,3,6,0,1.0,2,0,1,1,0,2
1N88,L13A,1.52,10,5,15,-5,2.0,3,0,7,3,0,2
1N88,L57A,1.11,2,1,3,-1,2.0,0,0,2,0,0,1
1N88,V12A,1.94,2,0,2,-2,,0,0,2,0,0,0
1N88,V30A,2.84,2,1,3,-1,2.0,0,0,2,0,0,1
1N88,V43A,2.82,2,0,2,-2,,1,0,1,0,0,0
1N88,V49A,2.83,3,2,5,-1,1.5,1,0,2,0,0,2
1N88,V51A,3.24,3,3,6,0,1.0,2,0,1,0,0,3
1N88,V54A,3.73,2,2,4,0,1.0,1,0,1,0,0,2
1N88,V81A,2.82,0,1,1,1,0.0,0,0,0,0,0,1
1N88,V83A,3.1,3,4,7,1,0.75,0,0,3,1,0,3
1N88,Y18A,-0.06,7,5,12,-2,1.4,3,0,4,3,0,2
1N88,Y26A,4.61,4,10,14,6,0.4,0,0,4,6,0,4
1O6X,A31G,1.2,0,0,0,0,,0,0,0,0,0,0
1O6X,A50G,1.4,5,4,9,-1,1.25,0,0,5,1,0,3
1O6X,D38A,-0.36,0,1,1,1,0.0,0,0,0,0,0,1
1O6X,E14A,0.3,2,3,5,1,0.6666666666666666,0,0,2,2,0,1
1O6X,E20G,1.42,0,3,3,3,0.0,0,0,0,0,0,3
1O6X,F39L,1.88,6,3,9,-3,2.0,2,0,4,0,0,3
1O6X,F65A,0.98,1,2,3,1,0.5,0,0,1,2,0,0
1O6X,H51A,0.61,8,9,17,1,0.8888888888888888,0,0,8,4,0,5
1O6X,I15V,0.43,3,1,4,-2,3.0,1,0,2,1,0,0
1O6X,I23V,-0.42,1,1,2,0,1.0,0,0,1,0,0,1
1O6X,I71V,1.31,7,0,7,-7,,2,0,5,0,0,0
1O6X,I75A,1.31,4,5,9,1,0.8,1,0,3,1,0,4
1O6X,K41A,1.98,2,2,4,0,1.0,0,0,2,0,0,2
1O6X,L26V,0.97,5,1,6,-4,5.0,1,0,4,1,0,0
1O6X,N58A,0.08,0,1,1,1,0.0,0,0,0,1,0,0
1O6X,Q60G,0.49,1,3,4,2,0.3333333333333333,0,0,1,0,0,3
1O6X,V12A,1.1,10,2,12,-8,5.0,0,0,10,0,0,2
1O6X,V52A,1.08,5,2,7,-3,2.5,2,0,3,1,0,1
1O6X,V64G,1.1,0,5,5,5,0.0,0,0,0,0,0,5
1O6X,Y73L,2.78,4,2,6,-2,2.0,1,0,3,0,0,2
1R6R,I88N,0.13,0,1,1,1,0.0,0,0,0,0,0,1
1R6R,L50S,2.81,7,3,10,-4,2.333333333333333,1,0,6,1,0,2
1R6R,L54S,0.24,0,8,8,8,0.0,0,0,0,1,0,7
1R6R,L81N,6.84,0,0,0,0,,0,0,0,0,0,0
2BJD,V84D,4.493,1,0,1,-1,,0,0,1,0,0,0
2BJD,V84P,4.517,0,0,0,0,,0,0,0,0,0,0
2BJD,Y86E,2.103,0,0,0,0,,0,0,0,0,0,0
2C9Q,Y79F,0.012,1,1,2,0,1.0,0,0,1,1,0,0
2C9Q,Y79W,1.233,1,2,3,1,0.5,0,0,1,0,0,2
2CLR,H13F,-0.12,0,0,0,0,,0,0,0,0,0,0
2CLR,H31F,-2.605,1,0,1,-1,,0,0,1,0,0,0
2CLR,H51F,1.912,1,0,1,-1,,0,0,1,0,0,0
2CLR,H84A,2.629,2,2,4,0,1.0,0,0,2,0,0,2
2DVV,Q443H,-0.89,8,0,8,-8,,0,0,8,0,0,0
2DVV,R419W,0.02,12,3,15,-9,4.0,0,1,11,0,0,3
2HBB,A22G,0.32,1,2,3,1,0.5,0,0,1,0,0,2
2HBB,A26G,1.79,1,3,4,2,0.3333333333333333,0,0,1,1,0,2
2HBB,A36G,1.55,1,1,2,0,1.0,1,0,0,0,0,1
2HBB,A39G,1.59,0,3,3,3,0.0,0,0,0,0,0,3
2HBB,A42G,0.33,0,1,1,1,0.0,0,0,0,0,0,1
2HBB,A46G,0.55,0,1,1,1,0.0,0,0,0,0,0,1
2HBB,A49G,0.22,0,2,2,2,0.0,0,0,0,0,0,2
2HBB,D23A,0.03,2,2,4,0,1.0,0,0,2,2,0,0
2HBB,D23N,0.79,1,1,2,0,1.0,0,0,1,1,0,0
2HBB,D8A,1.3,0,3,3,3,0.0,0,0,0,1,0,2
2HBB,D8N,0.38,1,2,3,1,0.5,0,1,0,0,0,2
2HBB,E17A,1.69,0,4,4,4,0.0,0,0,0,1,0,3
2HBB,E17Q,0.33,0,0,0,0,,0,0,0,0,0,0
2HBB,E38A,0.41,1,4,5,3,0.25,0,0,1,3,0,1
2HBB,E38Q,0.68,0,1,1,1,0.0,0,0,0,0,0,1
2HBB,E48Q,-0.07,1,0,1,-1,,0,0,1,0,0,0
2HBB,F31A,2.84,4,3,7,-1,1.3333333333333333,3,0,1,1,0,2
2HBB,F5L,1.15,1,4,5,3,0.25,0,0,1,2,0,2
2HBB,G24A,-0.02,2,0,2,-2,,0,0,2,0,0,0
2HBB,G34A,1.02,4,0,4,-4,,0,0,4,0,0,0
2HBB,I18A,2.05,0,6,6,6,0.0,0,0,0,2,0,4
2HBB,I18V,0.07,0,3,3,3,0.0,0,0,0,1,0,2
2HBB,I37A,1.28,1,1,2,0,1.0,1,0,0,0,0,1
2HBB,I37V,-0.09,0,0,0,0,,0,0,0,0,0,0
2HBB,I4V,0.59,0,1,1,1,0.0,0,0,0,1,0,0
2HBB,K10E,-0.13,0,2,2,2,0.0,0,0,0,0,0,2
2HBB,K10M,-0.47,0,4,4,4,0.0,0,0,0,1,0,3
2HBB,K12A,-0.61,1,1,2,0,1.0,0,0,1,0,0,1
2HBB,K12G,-0.03,1,1,2,0,1.0,0,0,1,0,0,1
2HBB,K12M,-1.8,0,1,1,1,0.0,0,0,0,0,0,1
2HBB,K14A,0.73,0,4,4,4,0.0,0,0,0,1,0,3
2HBB,K14G,1.3,0,7,7,7,0.0,0,0,0,0,0,7
2HBB,K14M,0.34,0,4,4,4,0.0,0,0,0,2,0,2
2HBB,K15G,1.74,0,4,4,4,0.0,0,0,0,0,0,4
2HBB,K15M,0.44,0,0,0,0,,0,0,0,0,0,0
2HBB,K7M,-0.21,1,1,2,0,1.0,0,1,0,1,0,0
2HBB,L30A,2.76,1,1,2,0,1.0,0,0,1,0,0,1
2HBB,L35A,1.21,2,1,3,-1,2.0,0,0,2,0,0,1
2HBB,L44A,1.73,0,3,3,3,0.0,0,0,0,2,0,1
2HBB,L47A,0.84,1,1,2,0,1.0,1,0,0,1,0,0
2HBB,L6A,3.1,0,3,3,3,0.0,0,0,0,1,0,2
2HBB,M1A,1.46,1,2,3,1,0.5,0,0,1,1,0,1
2HBB,T40S,0.8,0,0,0,0,,0,0,0,0,0,0
2HBB,V21A,2.33,0,2,2,2,0.0,0,0,0,0,0,2
2HBB,V3A,2.55,2,2,4,0,1.0,0,0,2,1,0,1
2HBB,V9A,1.81,0,1,1,1,0.0,0,0,0,0,0,1
2JUC,C57D,2.54,2,2,4,0,1.0,0,0,2,0,0,2
2JUC,C57S,0.71,0,2,2,2,0.0,0,0,0,1,0,1
2JUC,R18A,1.75,2,3,5,1,0.6666666666666666,0,1,1,0,0,3
2KJ3,D288A,-1.2,1,4,5,3,0.25,0,1,0,0,0,4
2KJ3,E272A,-1.9,1,2,3,1,0.5,0,0,1,1,0,1
2KJ3,G278A,0.8,1,1,2,0,1.0,0,0,1,0,0,1
2KJ3,K229A,-1.5,0,4,4,4,0.0,0,0,0,2,0,2
2KJ3,L241A,-1.0,1,0,1,-1,,0,0,1,0,0,0
2KJ3,S273A,-1.4,1,0,1,-1,,0,0,1,0,0,0
2KJ3,V239A,-1.0,0,0,0,0,,0,0,0,0,0,0
2KJ3,V264A,-1.0,1,0,1,-1,,1,0,0,0,0,0
2KJ3,V267A,-0.2,2,0,2,-2,,1,0,1,0,0,0
2MPC,A89T,0.24,1,3,4,2,0.3333333333333333,1,0,0,0,0,3
2MPC,R42A,-0.62,1,7,8,6,0.1428571428571428,0,0,1,0,0,7
2MPC,R42W,-2.08,3,8,11,5,0.375,0,0,3,0,0,8
2N7Z,P88A,0.6,1,1,2,0,1.0,0,0,1,0,0,1
2OUO,A420D,-0.44,12,3,15,-9,4.0,1,2,9,0,0,3
2PTL,A22G,2.43,0,2,2,2,0.0,0,0,0,0,0,2
2PTL,A27P,-0.1,2,2,4,0,1.0,0,0,2,0,0,2
2PTL,A27V,0.83,3,0,3,-3,,0,0,3,0,0,0
2PTL,A34G,2.17,3,0,3,-3,,2,0,1,0,0,0
2PTL,A34V,-1.47,2,1,3,-1,2.0,2,0,0,0,0,1
2PTL,A43G,2.54,4,1,5,-3,4.0,3,1,0,0,0,1
2PTL,A47G,3.1,2,1,3,-1,2.0,2,0,0,0,0,1
2PTL,A49G,1.32,0,0,0,0,,0,0,0,0,0,0
2PTL,A51G,3.12,2,0,2,-2,,1,0,1,0,0,0
2PTL,A66G,0.49,2,0,2,-2,,0,0,2,0,0,0
2PTL,D52A,1.21,4,4,8,0,1.0,0,1,3,0,0,4
2PTL,D52G,2.14,3,7,10,4,0.4285714285714285,0,1,2,0,0,7
2PTL,D64A,0.2,1,3,4,2,0.3333333333333333,0,1,0,2,0,1
2PTL,E35A,0.59,1,3,4,2,0.3333333333333333,0,0,1,2,0,1
2PTL,E46G,1.19,4,2,6,-2,2.0,2,2,0,0,0,2
2PTL,E46I,1.08,2,0,2,-2,,0,1,1,0,0,0
2PTL,E60A,0.23,1,5,6,4,0.2,0,0,1,2,0,3
2PTL,F26A,3.12,4,3,7,-1,1.3333333333333333,2,0,2,0,0,3
2PTL,F26L,0.68,1,2,3,1,0.5,0,0,1,0,0,2
2PTL,F36A,4.15,0,2,2,2,0.0,0,0,0,0,0,2
2PTL,F36L,3.12,0,1,1,1,0.0,0,0,0,0,0,1
2PTL,F40G,3.08,9,4,13,-5,2.25,0,1,8,0,0,4
2PTL,F40L,0.38,5,1,6,-4,5.0,0,0,5,0,0,1
2PTL,F76L,3.34,1,2,3,1,0.5,0,0,1,0,0,2
2PTL,F76V,3.73,2,3,5,1,0.6666666666666666,0,0,2,1,0,2
2PTL,G29A,1.52,1,0,1,-1,,0,0,1,0,0,0
2PTL,G29V,2.53,2,0,2,-2,,0,0,2,0,0,0
2PTL,G38A,2.08,3,2,5,-1,1.5,0,0,3,0,0,2
2PTL,G59A,2.23,2,0,2,-2,,0,0,2,0,0,0
2PTL,G69A,2.04,5,0,5,-5,,0,0,5,0,0,0
2PTL,I20A,4.9,2,2,4,0,1.0,2,0,0,0,0,2
2PTL,I20V,0.56,2,2,4,0,1.0,2,0,0,0,0,2
2PTL,I25A,1.37,3,3,6,0,1.0,0,0,3,2,0,1
2PTL,I25V,0.47,3,1,4,-2,3.0,0,0,3,1,0,0
2PTL,I74A,4.72,2,3,5,1,0.6666666666666666,1,0,1,1,0,2
2PTL,I74V,1.69,1,1,2,0,1.0,0,0,1,1,0,0
2PTL,K21A,0.92,2,4,6,2,0.5,0,0,2,2,0,2
2PTL,K37A,0.88,4,5,9,1,0.8,0,2,2,3,0,2
2PTL,K42G,-0.16,1,3,4,2,0.3333333333333333,0,0,1,0,0,3
2PTL,K55A,-0.58,2,6,8,4,0.3333333333333333,0,0,2,3,0,3
2PTL,K56A,-0.35,1,5,6,4,0.2,0,0,1,2,0,3
2PTL,K68A,0.09,1,0,1,-1,,0,0,1,0,0,0
2PTL,K75A,0.45,1,2,3,1,0.5,0,0,1,1,0,1
2PTL,L24A,3.12,1,1,2,0,1.0,1,0,0,0,0,1
2PTL,L54A,2.44,2,3,5,1,0.6666666666666666,0,0,2,1,0,2
2PTL,L72A,3.77,1,2,3,1,0.5,0,0,1,1,0,1
2PTL,N23A,1.87,1,1,2,0,1.0,0,0,1,1,0,0
2PTL,N28A,1.78,1,1,2,0,1.0,0,0,1,0,0,1
2PTL,N58A,0.34,2,2,4,0,1.0,0,0,2,1,0,1
2PTL,N73A,1.73,1,3,4,2,0.3333333333333333,0,0,1,2,0,1
2PTL,S30A,0.3,0,0,0,0,,0,0,0,0,0,0
2PTL,S45A,-0.41,1,0,1,-1,,0,1,0,0,0,0
2PTL,S45G,0.82,4,2,6,-2,2.0,0,1,3,0,0,2
2PTL,T19A,1.63,1,1,2,0,1.0,0,0,1,0,0,1
2PTL,T31A,1.17,0,1,1,1,0.0,0,0,0,0,0,1
2PTL,T33A,1.11,1,5,6,4,0.2,0,0,1,1,0,4
2PTL,T39A,1.25,0,0,0,0,,0,0,0,0,0,0
2PTL,T44A,1.09,3,6,9,3,0.5,0,0,3,2,0,4
2PTL,T53G,0.17,1,1,2,0,1.0,0,0,1,0,0,1
2PTL,T62A,0.97,0,1,1,1,0.0,0,0,0,1,0,0
2PTL,T71A,1.83,4,3,7,-1,1.3333333333333333,0,0,4,1,0,2
2PTL,V18A,1.22,0,2,2,2,0.0,0,0,0,1,0,1
2PTL,V63A,0.92,2,2,4,0,1.0,0,0,2,0,0,2
2PTL,V65A,1.14,0,1,1,1,0.0,0,0,0,0,0,1
2PTL,Y48A,2.82,1,4,5,3,0.25,0,0,1,3,0,1
2PTL,Y50A,2.46,1,1,2,0,1.0,0,0,1,1,0,0
2PTL,Y70A,1.66,6,3,9,-3,2.0,3,0,3,1,0,2
2PTL,Y70L,-0.43,1,2,3,1,0.5,0,0,1,1,0,1
2RPN,E7L,-1.05,0,0,0,0,,0,0,0,0,0,0
2RPN,V21K,-0.39,9,3,12,-6,3.0,2,1,6,0,0,3
2WQG,D15A,-0.3,0,2,2,2,0.0,0,0,0,2,0,0
2WQG,D38A,-0.1,2,5,7,3,0.4,0,0,2,2,0,3
2WQG,D39A,2.2,2,1,3,-1,2.0,0,0,2,0,0,1
2WQG,D39N,2.6,2,1,3,-1,2.0,0,0,2,0,0,1
2WQG,E40Q,0.1,0,0,0,0,,0,0,0,0,0,0
2WQG,E41G,0.4,0,3,3,3,0.0,0,0,0,0,0,3
2WQG,I36A,0.9,1,1,2,0,1.0,0,0,1,0,0,1
2WQG,I36V,0.3,1,0,1,-1,,0,0,1,0,0,0
2WQG,K14A,0.4,0,3,3,3,0.0,0,0,0,2,0,1
2WQG,K14G,1.9,0,4,4,4,0.0,0,0,0,0,0,4
2WQG,K19A,0.3,0,2,2,2,0.0,0,0,0,1,0,1
2WQG,K28A,0.6,3,0,3,-3,,0,0,3,0,0,0
2WQG,L13A,0.5,1,3,4,2,0.3333333333333333,0,0,1,2,0,1
2WQG,L16A,1.3,2,1,3,-1,2.0,0,0,2,0,0,1
2WQG,L8A,2.0,1,2,3,1,0.5,1,0,0,1,0,1
2WQG,Q12A,0.6,1,1,2,0,1.0,0,0,1,1,0,0
2WQG,Q12G,2.0,1,2,3,1,0.5,0,0,1,0,0,2
2WQG,Q33A,-0.1,1,4,5,3,0.25,0,1,0,1,0,3
2WQG,R34A,0.8,6,4,10,-2,1.5,0,0,6,1,0,3
2WQG,S23A,0.6,0,1,1,1,0.0,0,0,0,0,0,1
2WQG,S6A,-0.1,0,3,3,3,0.0,0,0,0,2,0,1
2WQG,S6G,0.2,0,3,3,3,0.0,0,0,0,0,0,3
2WQG,T9S,-0.1,1,0,1,-1,,0,0,1,0,0,0
2WQG,V10A,0.1,0,1,1,1,0.0,0,0,0,0,0,1
2WQG,V10G,0.7,4,2,6,-2,2.0,1,0,3,0,0,2
2WQG,V11A,-0.4,0,0,0,0,,0,0,0,0,0,0
2WQG,V11G,-0.1,0,3,3,3,0.0,0,0,0,0,0,3
2WQG,V24A,0.5,0,1,1,1,0.0,0,0,0,0,0,1
2WQG,Y5F,2.4,1,2,3,1,0.5,0,0,1,1,0,1
2ZTA,E11Q,0.74,1,0,1,-1,,0,1,0,0,0,0
2ZTA,E20Q,-0.2,2,1,3,-1,2.0,0,0,2,0,0,1
2ZTA,E22Q,1.83,4,5,9,1,0.8,0,0,4,0,0,5
2ZTA,K15A,0.41,0,3,3,3,0.0,0,0,0,0,0,3
2ZTA,K27A,0.91,0,3,3,3,0.0,0,0,0,1,0,2
2ZTA,K28A,0.06,0,3,3,3,0.0,0,0,0,1,0,2
2ZTA,K8A,0.39,0,1,1,1,0.0,0,0,0,0,0,1
2ZTA,R25A,1.66,1,4,5,3,0.25,0,0,1,2,0,2
3BN0,I20V,1.506,3,1,4,-2,3.0,1,1,1,0,0,1
3C2I,F155S,-0.43,2,4,6,2,0.5,1,0,1,0,0,4
3C2I,T158A,-0.47,0,0,0,0,,0,0,0,0,0,0
3C2I,T158M,-0.25,1,1,2,0,1.0,0,0,1,1,0,0
3FIS,P61A,0.5,1,0,1,-1,,0,0,1,0,0,0
3G1G,D155Y,-0.34,3,2,5,-1,1.5,0,0,3,0,0,2
3G1G,F167Y,0.74,3,1,4,-2,3.0,0,0,3,0,1,0
3G1G,I190V,0.17,3,0,3,-3,,0,0,3,0,0,0
3G1G,R185W,-1.32,3,1,4,-2,3.0,0,1,2,0,0,1
3K82,E334L,3.35,0,4,4,4,0.0,0,0,0,2,0,2
3K82,E334Q,1.68,0,0,0,0,,0,0,0,0,0,0
3K82,E401R,-5.49,2,2,4,0,1.0,0,0,2,0,0,2
3MON,R39G,-1.194,1,3,4,2,0.3333333333333333,0,1,0,0,0,3
3MON,W3C,2.866,0,2,2,2,0.0,0,0,0,0,0,2
3O39,L32P,3.25,25,5,30,-20,5.0,0,3,22,0,1,4
3S92,H395R,-2.03,4,4,8,0,1.0,0,0,4,0,2,2
4N6V,H75W,-0.574,1,1,2,0,1.0,0,0,1,0,0,1
4N6V,P36G,1.362,2,2,4,0,1.0,0,0,2,1,0,1
4N6V,P79S,-1.745,2,3,5,1,0.6666666666666666,0,0,2,0,0,3
4YEE,V134T,0.71,4,3,7,-1,1.3333333333333333,0,1,3,0,0,3
4YEF,T134V,0.93,2,2,4,0,1.0,0,0,2,1,0,1
5JXB,D329G,1.44,9,2,11,-7,4.5,0,1,8,0,1,1
5JXB,D329P,1.44,9,3,12,-6,3.0,0,1,8,0,1,2
1A0F,S11A,1.8,2,1,3,-1,2.0,0,0,2,0,0,1
1A7V,A104H,2.69,1,0,1,-1,,1,0,0,0,0,0
1A7V,A66H,1.98,1,4,5,3,0.25,1,0,0,1,0,3
1A7V,A91H,1.7,3,0,3,-3,,2,0,1,0,0,0
1A7V,D3H,1.36,0,0,0,0,,0,0,0,0,0,0
1A7V,D58H,2.05,1,0,1,-1,,0,0,1,0,0,0
1A7V,E73H,3.01,1,1,2,0,1.0,0,0,1,0,0,1
1A7V,K13H,0.6,2,3,5,1,0.6666666666666666,0,0,2,0,0,3
1A7V,K20H,2.88,1,2,3,1,0.5,0,0,1,0,0,2
1A7V,K31H,1.36,0,2,2,2,0.0,0,0,0,0,0,2
1A7V,K39H,1.86,0,0,0,0,,0,0,0,0,0,0
1A7V,K49H,2.02,2,2,4,0,1.0,0,0,2,0,0,2
1A7V,K84H,2.88,2,2,4,0,1.0,0,0,2,2,0,0
1A7V,K97H,1.97,5,0,5,-5,,0,0,5,0,0,0
1BNL,D76A,0.821,1,1,2,0,1.0,0,0,1,0,0,1
1DIV,D23A,0.46,1,1,2,0,1.0,0,0,1,1,0,0
1DIV,D23N,0.58,1,1,2,0,1.0,0,0,1,0,0,1
1DIV,D8N,0.3,1,2,3,1,0.5,0,0,1,0,0,2
1DIV,E100A,0.98,2,0,2,-2,,0,0,2,0,0,0
1DIV,E100G,1.52,2,3,5,1,0.6666666666666666,0,0,2,0,0,3
1DIV,E17Q,0.21,0,0,0,0,,0,0,0,0,0,0
1DIV,E38Q,0.56,1,0,1,-1,,0,0,1,0,0,0
1DIV,E48Q,-0.03,4,1,5,-3,4.0,0,1,3,0,0,1
1DIV,E54Q,-0.33,7,2,9,-5,3.5,0,4,3,0,0,2
1DIV,H106Q,1.53,3,1,4,-2,3.0,0,0,3,0,1,0
1DIV,I115A,3.52,1,1,2,0,1.0,1,0,0,0,0,1
1DIV,I4A,2.22,5,3,8,-2,1.6666666666666667,2,0,3,2,0,1
1DIV,I4V,0.59,1,3,4,2,0.3333333333333333,0,0,1,1,0,2
1DIV,I79A,3.49,0,0,0,0,,0,0,0,0,0,0
1DIV,I93A,3.19,0,1,1,1,0.0,0,0,0,1,0,0
1DIV,I98A,4.28,0,1,1,1,0.0,0,0,0,0,0,1
1DIV,K10M,-0.05,0,2,2,2,0.0,0,0,0,0,0,2
1DIV,K14M,-0.01,3,2,5,-1,1.5,0,1,2,1,0,1
1DIV,K15M,0.31,0,1,1,1,0.0,0,0,0,0,0,1
1DIV,K7M,-0.35,0,0,0,0,,0,0,0,0,0,0
1DIV,K96A,-0.61,0,1,1,1,0.0,0,0,0,1,0,0
1DIV,K96G,0.2,0,3,3,3,0.0,0,0,0,0,1,2
1DIV,L102A,2.37,1,3,4,2,0.3333333333333333,0,0,1,1,0,2
1DIV,L108A,2.33,3,5,8,2,0.6,0,0,3,0,1,4
1DIV,L110A,3.21,1,1,2,0,1.0,0,0,1,0,0,1
1DIV,L117A,0.82,0,0,0,0,,0,0,0,0,0,0
1DIV,L30A,2.76,0,1,1,1,0.0,0,0,0,0,0,1
1DIV,L30V,3.62,0,2,2,2,0.0,0,0,0,1,0,1
1DIV,L6A,3.1,1,5,6,4,0.2,0,0,1,2,0,3
1DIV,L6I,0.13,0,3,3,3,0.0,0,0,0,1,0,2
1DIV,L6V,0.41,2,3,5,1,0.6666666666666666,0,0,2,1,0,2
1DIV,L72A,3.77,0,0,0,0,,0,0,0,0,0,0
1DIV,M1A,1.46,5,2,7,-3,2.5,4,0,1,0,0,2
1DIV,M1G,2.36,7,2,9,-5,3.5,4,0,3,0,0,2
1DIV,V21A,2.33,1,2,3,1,0.5,0,0,1,0,0,2
1DIV,V21I,0.4,1,1,2,0,1.0,1,0,0,0,0,1
1DIV,V21L,1.23,2,1,3,-1,2.0,2,0,0,0,0,1
1DIV,V3A,2.55,0,1,1,1,0.0,0,0,0,0,0,1
1DIV,V3I,0.31,2,1,3,-1,2.0,2,0,0,0,0,1
1DIV,V3L,2.21,3,2,5,-1,1.5,2,0,1,1,0,1
1DXX,K18N,3.7,4,1,5,-3,4.0,0,0,4,0,0,1
1FH5,S18N,-0.6,0,0,0,0,,0,0,0,0,0,0
1FT8,L212V,1.38,1,0,1,-1,,1,0,0,0,0,0
1FT8,L238I,0.35,5,5,10,0,1.0,2,1,2,2,0,3
1FT8,M216L,-0.27,0,1,1,1,0.0,0,0,0,0,0,1
1G3P,N138G,-0.765,7,4,11,-3,1.75,2,0,5,0,0,4
1GWY,A8D,1.6,3,0,3,-3,,0,0,3,0,0,0
1ITM,C24T,3.3,2,4,6,2,0.5,0,0,2,0,0,4
1ITM,C3T,5.0,2,0,2,-2,,0,0,2,0,0,0
1ITM,W91S,-1.4,3,4,7,1,0.75,0,0,3,0,0,4
1JLV,E64D,1.162,0,2,2,2,0.0,0,0,0,0,0,2
1JLV,E64N,2.3040000000000003,2,3,5,1,0.6666666666666666,0,0,2,0,0,3
1JLV,E64Q,2.302,1,2,3,1,0.5,0,1,0,0,0,2
1LVM,E106G,-1.4,1,1,2,0,1.0,0,0,1,0,0,1
1LVM,K45F,-0.43,3,2,5,-1,1.5,0,0,3,1,0,1
1LVM,L56V,-0.0,1,1,2,0,1.0,0,0,1,0,0,1
1LVM,Q58F,-0.6,1,2,3,1,0.5,0,0,1,0,0,2
1N18,E100G,2.5,2,7,9,5,0.2857142857142857,0,0,2,0,0,7
1N18,G85R,1.4,11,3,14,-8,3.6666666666666665,0,1,10,0,1,2
1N18,H46R,-1.4,3,0,3,-3,,0,0,3,0,0,0
1O1U,E110A,3.3,4,2,6,-2,2.0,0,0,4,0,0,2
1O1U,N61A,1.2,2,1,3,-1,2.0,0,0,2,0,0,1
1O1U,Q51A,0.3,2,3,5,1,0.6666666666666666,1,0,1,0,0,3
1O1U,Q99A,-0.3,2,2,4,0,1.0,0,0,2,0,0,2
1O1U,T38A,1.2,0,1,1,1,0.0,0,0,0,0,0,1
1O1U,W49Y,1.2,2,2,4,0,1.0,0,0,2,0,0,2
1OSI,I11V,0.05,0,0,0,0,,0,0,0,0,0,0
1OSI,S92F,-0.39,3,2,5,-1,1.5,1,0,2,0,1,1
1OSI,V15I,0.78,0,0,0,0,,0,0,0,0,0,0
1PFL,A20T,1.53,1,0,1,-1,,1,0,0,0,0,0
1PFL,G117V,1.96,4,0,4,-4,,0,0,4,0,0,0
1PFL,M113T,3.53,8,10,18,2,0.8,0,0,8,0,1,9
1PFL,T108M,-0.07,6,1,7,-5,6.0,0,0,6,0,0,1
1PRG,Q286P,0.3,1,2,3,1,0.5,0,0,1,0,0,2
1PRG,R288H,-0.06,1,4,5,3,0.25,0,0,1,0,0,4
1PRG,V290M,-0.03,3,3,6,0,1.0,1,0,2,0,0,3
1SPD,C111S,-0.8,1,1,2,0,1.0,0,0,1,0,0,1
1SPD,C6A,-0.1,1,0,1,-1,,0,0,1,0,0,0
1XWS,E124Q,2.9,0,1,1,1,0.0,0,0,0,0,0,1
1XWS,E135K,4.59,0,0,0,0,,0,0,0,0,0,0
1XWS,E142D,3.22,0,0,0,0,,0,0,0,0,0,0
1XWS,Y53H,3.3,0,7,7,7,0.0,0,0,0,0,0,7
1XXN,N32D,0.86,2,1,3,-1,2.0,0,0,2,0,0,1
1XXN,N54E,0.645,1,0,1,-1,,0,0,1,0,0,0
1XXN,S22E,-0.239,1,0,1,-1,,0,0,1,0,0,0
1XXN,S27E,0.645,3,2,5,-1,1.5,0,0,3,1,0,1
1XZO,F42W,-2.87,5,3,8,-2,1.6666666666666667,2,1,2,1,0,2
1XZO,W101F,2.89,4,9,13,5,0.4444444444444444,2,1,1,2,0,7
1XZO,W36A,8.93,8,7,15,-1,1.1428571428571428,2,1,5,4,0,3
1XZO,W36F,4.25,4,3,7,-1,1.3333333333333333,2,1,1,1,0,2
2ARF,H1069Q,0.7170000000000001,1,3,4,2,0.3333333333333333,0,0,1,0,0,3
2H3F,E12A,-1.07,0,2,2,2,0.0,0,0,0,1,0,1
2JIE,H104R,-1.536,1,1,2,0,1.0,0,0,1,1,0,0
2JIE,Q22S,0.209,1,4,5,3,0.25,0,0,1,0,0,4
2JIE,S17A,1.246,0,3,3,3,0.0,0,0,0,0,0,3
2JIE,S19A,-0.951,0,2,2,2,0.0,0,0,0,0,0,2
2JIE,T18A,0.994,1,1,2,0,1.0,0,0,1,1,0,0
2JIE,W123F,-2.19,1,0,1,-1,,0,0,1,0,0,0
2JIE,W123H,-1.06,1,0,1,-1,,0,0,1,0,0,0
2JIE,Y21A,3.443,5,6,11,1,0.8333333333333334,0,0,5,1,0,5
2KS4,D9A,-1.26,1,0,1,-1,,0,0,1,0,0,0
2KS4,E2A,0.23,0,1,1,1,0.0,0,0,0,0,0,1
2LTB,L558P,1.57,5,5,10,0,1.0,0,0,5,0,2,3
2LTB,L569R,3.11,3,2,5,-1,1.5,1,0,2,0,0,2
2LTB,M619K,3.34,0,0,0,0,,0,0,0,0,0,0
2LTB,R533Q,1.1,1,3,4,2,0.3333333333333333,0,1,0,0,0,3
2LTB,R555Q,0.36,0,0,0,0,,0,0,0,0,0,0
2LTB,R555W,-1.79,3,1,4,-2,3.0,0,0,3,0,0,1
2M5S,D302A,4.0,0,2,2,2,0.0,0,0,0,1,0,1
2M5S,H305A,2.0,1,3,4,2,0.3333333333333333,0,0,1,2,0,1
2NTE,R658C,2.3,3,9,12,6,0.3333333333333333,0,1,2,0,0,9
2PR5,A33Y,-0.5,1,2,3,1,0.5,1,0,0,0,0,2
2PR5,A81M,0.4,1,2,3,1,0.5,1,0,0,0,0,2
2PR5,D109E,-0.3,3,5,8,2,0.6,0,0,3,0,0,5
2PR5,H22K,-0.3,1,2,3,1,0.5,0,0,1,0,0,2
2PR5,H22W,-1.2,2,2,4,0,1.0,0,0,2,0,0,2
2PR5,M111F,-2.9,1,5,6,4,0.2,0,0,1,1,1,3
2PR5,N107F,-0.9,1,2,3,1,0.5,0,0,1,0,0,2
2PR5,N107Y,-0.8,1,2,3,1,0.5,0,0,1,0,0,2
2PR5,N124F,-1.1,9,4,13,-5,2.25,0,0,9,1,0,3
2PR5,N124Y,-2.6,11,6,17,-5,1.8333333333333333,0,0,11,1,0,5
2PR5,T30M,-0.5,3,5,8,2,0.6,0,0,3,1,0,4
2PR5,T50M,0.5,2,4,6,2,0.5,0,0,2,0,0,4
2PR5,T54Y,-0.2,2,2,4,0,1.0,0,0,2,0,0,2
2PR5,V120I,-1.4,0,3,3,3,0.0,0,0,0,0,0,3
2PR5,V25I,-0.4,0,2,2,2,0.0,0,0,0,0,0,2
2PR5,V88L,0.2,0,2,2,2,0.0,0,0,0,0,0,2
2PR5,V90I,0.7,0,4,4,4,0.0,0,0,0,1,0,3
2VY0,E53A,6.597,1,4,5,3,0.25,0,0,1,0,0,4
3BCI,E96Q,-1.369,0,0,0,0,,0,0,0,0,0,0
3D3B,D118A,0.65,4,1,5,-3,4.0,3,0,1,0,0,1
3D3B,D118E,0.6,5,1,6,-4,5.0,3,0,2,0,0,1
3D3B,D118K,1.6,5,1,6,-4,5.0,3,0,2,0,0,1
3D3B,D118N,1.34,4,1,5,-3,4.0,3,0,1,0,0,1
3D3B,D118R,1.41,7,1,8,-6,7.0,3,0,4,0,0,1
3ECU,H46R,-0.8,2,1,3,-1,2.0,0,0,2,0,0,1
3S4M,D122Y,1.3,1,2,3,1,0.5,0,1,0,0,0,2
3S4M,G130V,2.5,4,3,7,-1,1.3333333333333333,0,0,4,0,0,3
3S4M,I154F,-0.096,3,3,6,0,1.0,0,0,3,1,0,2
3S4M,W155R,0.693,3,4,7,1,0.75,0,0,3,0,1,3
4BJX,A89V,-0.99,1,2,3,1,0.5,0,0,1,0,0,2
4BUQ,Y48A,1.435,0,5,5,5,0.0,0,0,0,0,0,5
4WAA,K65A,-0.1,1,4,5,3,0.25,0,0,1,0,0,4
4WAA,K67A,2.07,2,3,5,1,0.6666666666666666,0,1,1,2,0,1
4WAA,R27A,0.44,1,1,2,0,1.0,0,1,0,0,0,1
5VP3,R39K,-0.413,2,5,7,3,0.4,0,0,2,0,1,4
1BA3,H461D,1.745,28,8,36,-20,3.5,0,1,27,0,3,5
1BA3,H489D,-0.287,26,9,35,-17,2.888888888888889,0,1,25,0,3,6
1BA3,H489K,0.287,24,9,33,-15,2.6666666666666665,0,1,23,0,4,5
1BA3,H489M,0.263,24,10,34,-14,2.4,0,1,23,2,3,5
1F8I,F345A,0.455,2,1,3,-1,2.0,0,0,2,0,0,1
1NM1,D187N,0.88,10,5,15,-5,2.0,0,1,9,0,1,4
1NM1,D187Y,1.9,9,5,14,-4,1.8,0,3,6,0,0,5
1PRE,C159S,2.4,1,1,2,0,1.0,0,0,1,0,0,1
1R2Y,R244E,4.2,24,5,29,-19,4.8,0,4,20,0,0,5
3D2A,M134E,-3.02,2,0,2,-2,,1,0,1,0,0,0
3D2A,M137P,-3.34,1,1,2,0,1.0,1,0,0,0,0,1
3D2A,S163P,-2.11,1,0,1,-1,,0,0,1,0,0,0
5OAQ,Y429H,2.99,0,0,0,0,,0,0,0,0,0,0
