pdb_id,mut_info,n_broken,n_formed
1BFM,M35W,0,1
1BFM,M35Y,1,1
1D5G,H71Y,2,1
1D5G,I20F,4,3
1EKG,L198C,0,3
1EKG,L200C,0,1
1EKG,L203C,1,1
1EKG,S181F,3,2
1FRD,H42R,3,2
1FXA,E94D,2,2
1FXA,E94K,4,2
1FXA,E94Q,2,2
1FXA,E95K,0,0
1FXA,F65A,4,2
1FXA,F65I,1,2
1FXA,F65W,1,3
1FXA,F65Y,0,1
1FXA,R42A,4,10
1FXA,R42H,2,8
1FXA,T48A,0,1
1GLU,C500A,2,3
1GUA,A118G,1,0
1GUA,A118L,4,6
1GUA,A85G,1,2
1GUA,A97G,1,1
1GUA,C81A,0,1
1GUA,C81I,0,0
1GUA,C95A,1,0
1GUA,C96A,1,1
1GUA,C96L,1,2
1GUA,C96M,1,2
1GUA,D117A,1,0
1GUA,D129A,0,4
1GUA,D80A,0,0
1GUA,E104A,0,1
1GUA,E124A,2,3
1GUA,E125A,2,2
1GUA,I58A,1,0
1GUA,I58F,7,2
1GUA,I58L,2,0
1GUA,K109A,1,2
1GUA,L112A,0,5
1GUA,L121A,0,3
1GUA,L126A,2,2
1GUA,L62A,1,1
1GUA,L78A,1,4
1GUA,L82A,2,3
1GUA,L82I,1,3
1GUA,L82V,0,3
1GUA,L86A,2,6
1GUA,L91A,0,4
1GUA,M76A,0,2
1GUA,N56M,1,0
1GUA,N64A,0,2
1GUA,P63A,0,1
1GUA,P93A,3,1
1GUA,Q66A,0,2
1GUA,R100A,1,4
1GUA,R59A,0,4
1GUA,R89L,0,0
1GUA,S77A,0,0
1GUA,S77T,0,0
1GUA,T68A,0,1
1GUA,V128A,1,0
1GUA,V60A,1,1
1GUA,V69A,0,0
1GUA,V70A,0,0
1GUA,V72A,0,0
1GUA,V72I,1,0
1GUA,V98A,0,0
1H0X,P18A,0,0
1H0X,P62A,0,0
1HCQ,C67A,6,1
1HCQ,C67S,7,0
1IOJ,G15A,1,3
1IV9,S76Y,1,4
1J8I,K25A,2,4
1J8I,K66A,1,5
1J8I,R23A,1,2
1J8I,R35A,0,3
1J8I,R43A,5,4
1J8I,R9A,0,1
1JL9,A25C,0,0
1L6H,F39A,5,9
1L6H,Y45A,7,7
1L6H,Y48A,7,5
1N88,F21A,8,3
1N88,I39A,3,5
1N88,I80A,2,3
1N88,I89A,4,9
1N88,I8V,3,3
1N88,L13A,10,5
1N88,L57A,2,1
1N88,V12A,2,0
1N88,V30A,2,1
1N88,V43A,2,0
1N88,V49A,3,2
1N88,V51A,3,3
1N88,V54A,2,2
1N88,V81A,0,1
1N88,V83A,3,4
1N88,Y18A,7,5
1N88,Y26A,4,10
1O6X,A31G,0,0
1O6X,A50G,5,4
1O6X,D38A,0,1
1O6X,E14A,2,3
1O6X,E20G,0,3
1O6X,F39L,6,3
1O6X,F65A,1,2
1O6X,H51A,8,9
1O6X,I15V,3,1
1O6X,I23V,1,1
1O6X,I71V,7,0
1O6X,I75A,4,5
1O6X,K41A,2,2
1O6X,L26V,5,1
1O6X,N58A,0,1
1O6X,Q60G,1,3
1O6X,V12A,10,2
1O6X,V52A,5,2
1O6X,V64G,0,5
1O6X,Y73L,4,2
1R6R,I88N,0,1
1R6R,L50S,7,3
1R6R,L54S,0,8
1R6R,L81N,0,0
2BJD,V84D,1,0
2BJD,V84P,0,0
2BJD,Y86E,0,0
2C9Q,Y79F,1,1
2C9Q,Y79W,1,2
2CLR,H13F,0,0
2CLR,H31F,1,0
2CLR,H51F,1,0
2CLR,H84A,2,2
2DVV,Q443H,8,0
2DVV,R419W,12,3
2HBB,A22G,1,2
2HBB,A26G,1,3
2HBB,A36G,1,1
2HBB,A39G,0,3
2HBB,A42G,0,1
2HBB,A46G,0,1
2HBB,A49G,0,2
2HBB,D23A,2,2
2HBB,D23N,1,1
2HBB,D8A,0,3
2HBB,D8N,1,2
2HBB,E17A,0,4
2HBB,E17Q,0,0
2HBB,E38A,1,4
2HBB,E38Q,0,1
2HBB,E48Q,1,0
2HBB,F31A,4,3
2HBB,F5L,1,4
2HBB,G24A,2,0
2HBB,G34A,4,0
2HBB,I18A,0,6
2HBB,I18V,0,3
2HBB,I37A,1,1
2HBB,I37V,0,0
2HBB,I4V,0,1
2HBB,K10E,0,2
2HBB,K10M,0,4
2HBB,K12A,1,1
2HBB,K12G,1,1
2HBB,K12M,0,1
2HBB,K14A,0,4
2HBB,K14G,0,7
2HBB,K14M,0,4
2HBB,K15G,0,4
2HBB,K15M,0,0
2HBB,K7M,1,1
2HBB,L30A,1,1
2HBB,L35A,2,1
2HBB,L44A,0,3
2HBB,L47A,1,1
2HBB,L6A,0,3
2HBB,M1A,1,2
2HBB,T40S,0,0
2HBB,V21A,0,2
2HBB,V3A,2,2
2HBB,V9A,0,1
2JUC,C57D,2,2
2JUC,C57S,0,2
2JUC,R18A,2,3
2KJ3,D288A,1,4
2KJ3,E272A,1,2
2KJ3,G278A,1,1
2KJ3,K229A,0,4
2KJ3,L241A,1,0
2KJ3,S273A,1,0
2KJ3,V239A,0,0
2KJ3,V264A,1,0
2KJ3,V267A,2,0
2MPC,A89T,1,3
2MPC,R42A,1,7
2MPC,R42W,3,8
2N7Z,P88A,1,1
2OUO,A420D,12,3
2PTL,A22G,0,2
2PTL,A27P,2,2
2PTL,A27V,3,0
2PTL,A34G,3,0
2PTL,A34V,2,1
2PTL,A43G,4,1
2PTL,A47G,2,1
2PTL,A49G,0,0
2PTL,A51G,2,0
2PTL,A66G,2,0
2PTL,D52A,4,4
2PTL,D52G,3,7
2PTL,D64A,1,3
2PTL,E35A,1,3
2PTL,E46G,4,2
2PTL,E46I,2,0
2PTL,E60A,1,5
2PTL,F26A,4,3
2PTL,F26L,1,2
2PTL,F36A,0,2
2PTL,F36L,0,1
2PTL,F40G,9,4
2PTL,F40L,5,1
2PTL,F76L,1,2
2PTL,F76V,2,3
2PTL,G29A,1,0
2PTL,G29V,2,0
2PTL,G38A,3,2
2PTL,G59A,2,0
2PTL,G69A,5,0
2PTL,I20A,2,2
2PTL,I20V,2,2
2PTL,I25A,3,3
2PTL,I25V,3,1
2PTL,I74A,2,3
2PTL,I74V,1,1
2PTL,K21A,2,4
2PTL,K37A,4,5
2PTL,K42G,1,3
2PTL,K55A,2,6
2PTL,K56A,1,5
2PTL,K68A,1,0
2PTL,K75A,1,2
2PTL,L24A,1,1
2PTL,L54A,2,3
2PTL,L72A,1,2
2PTL,N23A,1,1
2PTL,N28A,1,1
2PTL,N58A,2,2
2PTL,N73A,1,3
2PTL,S30A,0,0
2PTL,S45A,1,0
2PTL,S45G,4,2
2PTL,T19A,1,1
2PTL,T31A,0,1
2PTL,T33A,1,5
2PTL,T39A,0,0
2PTL,T44A,3,6
2PTL,T53G,1,1
2PTL,T62A,0,1
2PTL,T71A,4,3
2PTL,V18A,0,2
2PTL,V63A,2,2
2PTL,V65A,0,1
2PTL,Y48A,1,4
2PTL,Y50A,1,1
2PTL,Y70A,6,3
2PTL,Y70L,1,2
2RPN,E7L,0,0
2RPN,V21K,9,3
2WQG,D15A,0,2
2WQG,D38A,2,5
2WQG,D39A,2,1
2WQG,D39N,2,1
2WQG,E40Q,0,0
2WQG,E41G,0,3
2WQG,I36A,1,1
2WQG,I36V,1,0
2WQG,K14A,0,3
2WQG,K14G,0,4
2WQG,K19A,0,2
2WQG,K28A,3,0
2WQG,L13A,1,3
2WQG,L16A,2,1
2WQG,L8A,1,2
2WQG,Q12A,1,1
2WQG,Q12G,1,2
2WQG,Q33A,1,4
2WQG,R34A,6,4
2WQG,S23A,0,1
2WQG,S6A,0,3
2WQG,S6G,0,3
2WQG,T9S,1,0
2WQG,V10A,0,1
2WQG,V10G,4,2
2WQG,V11A,0,0
2WQG,V11G,0,3
2WQG,V24A,0,1
2WQG,Y5F,1,2
2ZTA,E11Q,1,0
2ZTA,E20Q,2,1
2ZTA,E22Q,4,5
2ZTA,K15A,0,3
2ZTA,K27A,0,3
2ZTA,K28A,0,3
2ZTA,K8A,0,1
2ZTA,R25A,1,4
3BN0,I20V,3,1
3C2I,F155S,2,4
3C2I,T158A,0,0
3C2I,T158M,1,1
3FIS,P61A,1,0
3G1G,D155Y,3,2
3G1G,F167Y,3,1
3G1G,I190V,3,0
3G1G,R185W,3,1
3K82,E334L,0,4
3K82,E334Q,0,0
3K82,E401R,2,2
3MON,R39G,1,3
3MON,W3C,0,2
3O39,L32P,25,5
3S92,H395R,4,4
4N6V,H75W,1,1
4N6V,P36G,2,2
4N6V,P79S,2,3
4YEE,V134T,4,3
4YEF,T134V,2,2
5JXB,D329G,9,2
5JXB,D329P,9,3
1A0F,S11A,2,1
1A7V,A104H,1,0
1A7V,A66H,1,4
1A7V,A91H,3,0
1A7V,D3H,0,0
1A7V,D58H,1,0
1A7V,E73H,1,1
1A7V,K13H,2,3
1A7V,K20H,1,2
1A7V,K31H,0,2
1A7V,K39H,0,0
1A7V,K49H,2,2
1A7V,K84H,2,2
1A7V,K97H,5,0
1BNL,D76A,1,1
1DIV,D23A,1,1
1DIV,D23N,1,1
1DIV,D8N,1,2
1DIV,E100A,2,0
1DIV,E100G,2,3
1DIV,E17Q,0,0
1DIV,E38Q,1,0
1DIV,E48Q,4,1
1DIV,E54Q,7,2
1DIV,H106Q,3,1
1DIV,I115A,1,1
1DIV,I4A,5,3
1DIV,I4V,1,3
1DIV,I79A,0,0
1DIV,I93A,0,1
1DIV,I98A,0,1
1DIV,K10M,0,2
1DIV,K14M,3,2
1DIV,K15M,0,1
1DIV,K7M,0,0
1DIV,K96A,0,1
1DIV,K96G,0,3
1DIV,L102A,1,3
1DIV,L108A,3,5
1DIV,L110A,1,1
1DIV,L117A,0,0
1DIV,L30A,0,1
1DIV,L30V,0,2
1DIV,L6A,1,5
1DIV,L6I,0,3
1DIV,L6V,2,3
1DIV,L72A,0,0
1DIV,M1A,5,2
1DIV,M1G,7,2
1DIV,V21A,1,2
1DIV,V21I,1,1
1DIV,V21L,2,1
1DIV,V3A,0,1
1DIV,V3I,2,1
1DIV,V3L,3,2
1DXX,K18N,4,1
1FH5,S18N,0,0
1FT8,L212V,1,0
1FT8,L238I,5,5
1FT8,M216L,0,1
1G3P,N138G,7,4
1GWY,A8D,3,0
1ITM,C24T,2,4
1ITM,C3T,2,0
1ITM,W91S,3,4
1JLV,E64D,0,2
1JLV,E64N,2,3
1JLV,E64Q,1,2
1LVM,E106G,1,1
1LVM,K45F,3,2
1LVM,L56V,1,1
1LVM,Q58F,1,2
1N18,E100G,2,7
1N18,G85R,11,3
1N18,H46R,3,0
1O1U,E110A,4,2
1O1U,N61A,2,1
1O1U,Q51A,2,3
1O1U,Q99A,2,2
1O1U,T38A,0,1
1O1U,W49Y,2,2
1OSI,I11V,0,0
1OSI,S92F,3,2
1OSI,V15I,0,0
1PFL,A20T,1,0
1PFL,G117V,4,0
1PFL,M113T,8,10
1PFL,T108M,6,1
1PRG,Q286P,1,2
1PRG,R288H,1,4
1PRG,V290M,3,3
1SPD,C111S,1,1
1SPD,C6A,1,0
1XWS,E124Q,0,1
1XWS,E135K,0,0
1XWS,E142D,0,0
1XWS,Y53H,0,7
1XXN,N32D,2,1
1XXN,N54E,1,0
1XXN,S22E,1,0
1XXN,S27E,3,2
1XZO,F42W,5,3
1XZO,W101F,4,9
1XZO,W36A,8,7
1XZO,W36F,4,3
2ARF,H1069Q,1,3
2H3F,E12A,0,2
2JIE,H104R,1,1
2JIE,Q22S,1,4
2JIE,S17A,0,3
2JIE,S19A,0,2
2JIE,T18A,1,1
2JIE,W123F,1,0
2JIE,W123H,1,0
2JIE,Y21A,5,6
2KS4,D9A,1,0
2KS4,E2A,0,1
2LTB,L558P,5,5
2LTB,L569R,3,2
2LTB,M619K,0,0
2LTB,R533Q,1,3
2LTB,R555Q,0,0
2LTB,R555W,3,1
2M5S,D302A,0,2
2M5S,H305A,1,3
2NTE,R658C,3,9
2PR5,A33Y,1,2
2PR5,A81M,1,2
2PR5,D109E,3,5
2PR5,H22K,1,2
2PR5,H22W,2,2
2PR5,M111F,1,5
2PR5,N107F,1,2
2PR5,N107Y,1,2
2PR5,N124F,9,4
2PR5,N124Y,11,6
2PR5,T30M,3,5
2PR5,T50M,2,4
2PR5,T54Y,2,2
2PR5,V120I,0,3
2PR5,V25I,0,2
2PR5,V88L,0,2
2PR5,V90I,0,4
2VY0,E53A,1,4
3BCI,E96Q,0,0
3D3B,D118A,4,1
3D3B,D118E,5,1
3D3B,D118K,5,1
3D3B,D118N,4,1
3D3B,D118R,7,1
3ECU,H46R,2,1
3S4M,D122Y,1,2
3S4M,G130V,4,3
3S4M,I154F,3,3
3S4M,W155R,3,4
4BJX,A89V,1,2
4BUQ,Y48A,0,5
4WAA,K65A,1,4
4WAA,K67A,2,3
4WAA,R27A,1,1
5VP3,R39K,2,5
1BA3,H461D,28,8
1BA3,H489D,26,9
1BA3,H489K,24,9
1BA3,H489M,24,10
1F8I,F345A,2,1
1NM1,D187N,10,5
1NM1,D187Y,9,5
1PRE,C159S,1,1
1R2Y,R244E,24,5
3D2A,M134E,2,0
3D2A,M137P,1,1
3D2A,S163P,1,0
5OAQ,Y429H,0,0
