pdb_id,mut_info,mut_idx,n_broken,n_formed,broken_edges,formed_edges,ddg,total_edits
1BFM,M35W,34,0,1,,,0.7,1
1BFM,M35Y,34,1,1,,,0.4,2
1D5G,H71Y,70,2,1,,,0.04,3
1D5G,I20F,19,4,3,,,-0.91,7
1EKG,L198C,108,0,3,,,1.0,3
1EKG,L200C,110,0,1,,,2.0,1
1EKG,L203C,113,1,1,,,-1.0,2
1EKG,S181F,91,3,2,,,2.6,5
1FRD,H42R,41,3,2,,,-4.0,5
1FXA,E94D,93,2,2,,,1.1,4
1FXA,E94K,93,4,2,,,0.4,6
1FXA,E94Q,93,2,2,,,-0.6,4
1FXA,E95K,94,0,0,,,-1.0,0
1FXA,F65A,64,4,2,,,1.0,6
1FXA,F65I,64,1,2,,,0.9,3
1FXA,F65W,64,1,3,,,0.6,4
1FXA,F65Y,64,0,1,,,0.5,1
1FXA,R42A,41,4,10,,,2.4,14
1FXA,R42H,41,2,8,,,1.4,10
1FXA,T48A,47,0,1,,,-0.1,1
1GLU,C500A,66,2,3,,,1.22,5
1GUA,A118G,62,1,0,,,1.963,1
1GUA,A118L,62,4,6,,,1.951,10
1GUA,A85G,29,1,2,,,2.149,3
1GUA,A97G,41,1,1,,,0.863,2
1GUA,C81A,25,0,1,,,-0.283,1
1GUA,C81I,25,0,0,,,0.912,0
1GUA,C95A,39,1,0,,,0.08,1
1GUA,C96A,40,1,1,,,1.759,2
1GUA,C96L,40,1,2,,,0.043,3
1GUA,C96M,40,1,2,,,0.337,3
1GUA,D117A,61,1,0,,,0.706,1
1GUA,D129A,73,0,4,,,0.855,4
1GUA,D80A,24,0,0,,,0.493,0
1GUA,E104A,48,0,1,,,-0.021,1
1GUA,E124A,68,2,3,,,0.101,5
1GUA,E125A,69,2,2,,,0.591,4
1GUA,I58A,2,1,0,,,3.274,1
1GUA,I58F,2,7,2,,,1.2990000000000002,9
1GUA,I58L,2,2,0,,,0.7709999999999999,2
1GUA,K109A,53,1,2,,,0.327,3
1GUA,L112A,56,0,5,,,2.593,5
1GUA,L121A,65,0,3,,,2.5340000000000003,3
1GUA,L126A,70,2,2,,,3.405,4
1GUA,L62A,6,1,1,,,3.46,2
1GUA,L78A,22,1,4,,,3.803,5
1GUA,L82A,26,2,3,,,3.529,5
1GUA,L82I,26,1,3,,,1.6,4
1GUA,L82V,26,0,3,,,1.7,3
1GUA,L86A,30,2,6,,,3.2260000000000004,8
1GUA,L91A,35,0,4,,,1.575,4
1GUA,M76A,20,0,2,,,0.961,2
1GUA,N56M,0,1,0,,,-0.271,1
1GUA,N64A,8,0,2,,,1.14,2
1GUA,P63A,7,0,1,,,1.7080000000000002,1
1GUA,P93A,37,3,1,,,0.0819999999999999,4
1GUA,Q66A,10,0,2,,,0.504,2
1GUA,R100A,44,1,4,,,0.693,5
1GUA,R59A,3,0,4,,,-0.178,4
1GUA,R89L,33,0,0,,,-1.078,0
1GUA,S77A,21,0,0,,,1.5730000000000002,0
1GUA,S77T,21,0,0,,,-0.581,0
1GUA,T68A,12,0,1,,,0.109,1
1GUA,V128A,72,1,0,,,3.3680000000000003,1
1GUA,V60A,4,1,1,,,2.251,2
1GUA,V69A,13,0,0,,,1.116,0
1GUA,V70A,14,0,0,,,1.77,0
1GUA,V72A,16,0,0,,,1.052,0
1GUA,V72I,16,1,0,,,0.8640000000000001,1
1GUA,V98A,42,0,0,,,1.981,0
1H0X,P18A,9,0,0,,,1.936,0
1H0X,P62A,53,0,0,,,2.5810000000000004,0
1HCQ,C67A,66,6,1,,,2.09,7
1HCQ,C67S,66,7,0,,,1.99,7
1IOJ,G15A,14,1,3,,,-0.4,4
1IV9,S76Y,75,1,4,,,-4.299,5
1J8I,K25A,24,2,4,,,-0.1,6
1J8I,K66A,65,1,5,,,-0.1,6
1J8I,R23A,22,1,2,,,-0.8,3
1J8I,R35A,34,0,3,,,0.1,3
1J8I,R43A,42,5,4,,,-0.7,9
1J8I,R9A,8,0,1,,,0.1,1
1JL9,A25C,19,0,0,,,1.44,0
1L6H,F39A,38,5,9,,,1.6969999999999998,14
1L6H,Y45A,44,7,7,,,0.55,14
1L6H,Y48A,47,7,5,,,1.482,12
1N88,F21A,20,8,3,,,1.39,11
1N88,I39A,38,3,5,,,1.39,8
1N88,I80A,79,2,3,,,2.79,5
1N88,I89A,88,4,9,,,2.35,13
1N88,I8V,7,3,3,,,1.52,6
1N88,L13A,12,10,5,,,1.52,15
1N88,L57A,56,2,1,,,1.11,3
1N88,V12A,11,2,0,,,1.94,2
1N88,V30A,29,2,1,,,2.84,3
1N88,V43A,42,2,0,,,2.82,2
1N88,V49A,48,3,2,,,2.83,5
1N88,V51A,50,3,3,,,3.24,6
1N88,V54A,53,2,2,,,3.73,4
1N88,V81A,80,0,1,,,2.82,1
1N88,V83A,82,3,4,,,3.1,7
1N88,Y18A,17,7,5,,,-0.06,12
1N88,Y26A,25,4,10,,,4.61,14
1O6X,A31G,30,0,0,,,1.2,0
1O6X,A50G,49,5,4,,,1.4,9
1O6X,D38A,37,0,1,,,-0.36,1
1O6X,E14A,13,2,3,,,0.3,5
1O6X,E20G,19,0,3,,,1.42,3
1O6X,F39L,38,6,3,,,1.88,9
1O6X,F65A,64,1,2,,,0.98,3
1O6X,H51A,50,8,9,,,0.61,17
1O6X,I15V,14,3,1,,,0.43,4
1O6X,I23V,22,1,1,,,-0.42,2
1O6X,I71V,70,7,0,,,1.31,7
1O6X,I75A,74,4,5,,,1.31,9
1O6X,K41A,40,2,2,,,1.98,4
1O6X,L26V,25,5,1,,,0.97,6
1O6X,N58A,57,0,1,,,0.08,1
1O6X,Q60G,59,1,3,,,0.49,4
1O6X,V12A,11,10,2,,,1.1,12
1O6X,V52A,51,5,2,,,1.08,7
1O6X,V64G,63,0,5,,,1.1,5
1O6X,Y73L,72,4,2,,,2.78,6
1R6R,I88N,67,0,1,,,0.13,1
1R6R,L50S,29,7,3,,,2.81,10
1R6R,L54S,33,0,8,,,0.24,8
1R6R,L81N,60,0,0,,,6.84,0
2BJD,V84D,72,1,0,,,4.493,1
2BJD,V84P,72,0,0,,,4.517,0
2BJD,Y86E,74,0,0,,,2.103,0
2C9Q,Y79F,78,1,1,,,0.012,2
2C9Q,Y79W,78,1,2,,,1.233,3
2CLR,H13F,13,0,0,,,-0.12,0
2CLR,H31F,31,1,0,,,-2.605,1
2CLR,H51F,51,1,0,,,1.912,1
2CLR,H84A,84,2,2,,,2.629,4
2DVV,Q443H,99,8,0,,,-0.89,8
2DVV,R419W,75,12,3,,,0.02,15
2HBB,A22G,21,1,2,,,0.32,3
2HBB,A26G,25,1,3,,,1.79,4
2HBB,A36G,35,1,1,,,1.55,2
2HBB,A39G,38,0,3,,,1.59,3
2HBB,A42G,41,0,1,,,0.33,1
2HBB,A46G,45,0,1,,,0.55,1
2HBB,A49G,48,0,2,,,0.22,2
2HBB,D23A,22,2,2,,,0.03,4
2HBB,D23N,22,1,1,,,0.79,2
2HBB,D8A,7,0,3,,,1.3,3
2HBB,D8N,7,1,2,,,0.38,3
2HBB,E17A,16,0,4,,,1.69,4
2HBB,E17Q,16,0,0,,,0.33,0
2HBB,E38A,37,1,4,,,0.41,5
2HBB,E38Q,37,0,1,,,0.68,1
2HBB,E48Q,47,1,0,,,-0.07,1
2HBB,F31A,30,4,3,,,2.84,7
2HBB,F5L,4,1,4,,,1.15,5
2HBB,G24A,23,2,0,,,-0.02,2
2HBB,G34A,33,4,0,,,1.02,4
2HBB,I18A,17,0,6,,,2.05,6
2HBB,I18V,17,0,3,,,0.07,3
2HBB,I37A,36,1,1,,,1.28,2
2HBB,I37V,36,0,0,,,-0.09,0
2HBB,I4V,3,0,1,,,0.59,1
2HBB,K10E,9,0,2,,,-0.13,2
2HBB,K10M,9,0,4,,,-0.47,4
2HBB,K12A,11,1,1,,,-0.61,2
2HBB,K12G,11,1,1,,,-0.03,2
2HBB,K12M,11,0,1,,,-1.8,1
2HBB,K14A,13,0,4,,,0.73,4
2HBB,K14G,13,0,7,,,1.3,7
2HBB,K14M,13,0,4,,,0.34,4
2HBB,K15G,14,0,4,,,1.74,4
2HBB,K15M,14,0,0,,,0.44,0
2HBB,K7M,6,1,1,,,-0.21,2
2HBB,L30A,29,1,1,,,2.76,2
2HBB,L35A,34,2,1,,,1.21,3
2HBB,L44A,43,0,3,,,1.73,3
2HBB,L47A,46,1,1,,,0.84,2
2HBB,L6A,5,0,3,,,3.1,3
2HBB,M1A,0,1,2,,,1.46,3
2HBB,T40S,39,0,0,,,0.8,0
2HBB,V21A,20,0,2,,,2.33,2
2HBB,V3A,2,2,2,,,2.55,4
2HBB,V9A,8,0,1,,,1.81,1
2JUC,C57D,52,2,2,,,2.54,4
2JUC,C57S,52,0,2,,,0.71,2
2JUC,R18A,13,2,3,,,1.75,5
2KJ3,D288A,71,1,4,,,-1.2,5
2KJ3,E272A,55,1,2,,,-1.9,3
2KJ3,G278A,61,1,1,,,0.8,2
2KJ3,K229A,12,0,4,,,-1.5,4
2KJ3,L241A,24,1,0,,,-1.0,1
2KJ3,S273A,56,1,0,,,-1.4,1
2KJ3,V239A,22,0,0,,,-1.0,0
2KJ3,V264A,47,1,0,,,-1.0,1
2KJ3,V267A,50,2,0,,,-0.2,2
2MPC,A89T,85,1,3,,,0.24,4
2MPC,R42A,38,1,7,,,-0.62,8
2MPC,R42W,38,3,8,,,-2.08,11
2N7Z,P88A,87,1,1,,,0.6,2
2OUO,A420D,71,12,3,,,-0.44,15
2PTL,A22G,21,0,2,,,2.43,2
2PTL,A27P,26,2,2,,,-0.1,4
2PTL,A27V,26,3,0,,,0.83,3
2PTL,A34G,33,3,0,,,2.17,3
2PTL,A34V,33,2,1,,,-1.47,3
2PTL,A43G,42,4,1,,,2.54,5
2PTL,A47G,46,2,1,,,3.1,3
2PTL,A49G,48,0,0,,,1.32,0
2PTL,A51G,50,2,0,,,3.12,2
2PTL,A66G,65,2,0,,,0.49,2
2PTL,D52A,51,4,4,,,1.21,8
2PTL,D52G,51,3,7,,,2.14,10
2PTL,D64A,63,1,3,,,0.2,4
2PTL,E35A,34,1,3,,,0.59,4
2PTL,E46G,45,4,2,,,1.19,6
2PTL,E46I,45,2,0,,,1.08,2
2PTL,E60A,59,1,5,,,0.23,6
2PTL,F26A,25,4,3,,,3.12,7
2PTL,F26L,25,1,2,,,0.68,3
2PTL,F36A,35,0,2,,,4.15,2
2PTL,F36L,35,0,1,,,3.12,1
2PTL,F40G,39,9,4,,,3.08,13
2PTL,F40L,39,5,1,,,0.38,6
2PTL,F76L,75,1,2,,,3.34,3
2PTL,F76V,75,2,3,,,3.73,5
2PTL,G29A,28,1,0,,,1.52,1
2PTL,G29V,28,2,0,,,2.53,2
2PTL,G38A,37,3,2,,,2.08,5
2PTL,G59A,58,2,0,,,2.23,2
2PTL,G69A,68,5,0,,,2.04,5
2PTL,I20A,19,2,2,,,4.9,4
2PTL,I20V,19,2,2,,,0.56,4
2PTL,I25A,24,3,3,,,1.37,6
2PTL,I25V,24,3,1,,,0.47,4
2PTL,I74A,73,2,3,,,4.72,5
2PTL,I74V,73,1,1,,,1.69,2
2PTL,K21A,20,2,4,,,0.92,6
2PTL,K37A,36,4,5,,,0.88,9
2PTL,K42G,41,1,3,,,-0.16,4
2PTL,K55A,54,2,6,,,-0.58,8
2PTL,K56A,55,1,5,,,-0.35,6
2PTL,K68A,67,1,0,,,0.09,1
2PTL,K75A,74,1,2,,,0.45,3
2PTL,L24A,23,1,1,,,3.12,2
2PTL,L54A,53,2,3,,,2.44,5
2PTL,L72A,71,1,2,,,3.77,3
2PTL,N23A,22,1,1,,,1.87,2
2PTL,N28A,27,1,1,,,1.78,2
2PTL,N58A,57,2,2,,,0.34,4
2PTL,N73A,72,1,3,,,1.73,4
2PTL,S30A,29,0,0,,,0.3,0
2PTL,S45A,44,1,0,,,-0.41,1
2PTL,S45G,44,4,2,,,0.82,6
2PTL,T19A,18,1,1,,,1.63,2
2PTL,T31A,30,0,1,,,1.17,1
2PTL,T33A,32,1,5,,,1.11,6
2PTL,T39A,38,0,0,,,1.25,0
2PTL,T44A,43,3,6,,,1.09,9
2PTL,T53G,52,1,1,,,0.17,2
2PTL,T62A,61,0,1,,,0.97,1
2PTL,T71A,70,4,3,,,1.83,7
2PTL,V18A,17,0,2,,,1.22,2
2PTL,V63A,62,2,2,,,0.92,4
2PTL,V65A,64,0,1,,,1.14,1
2PTL,Y48A,47,1,4,,,2.82,5
2PTL,Y50A,49,1,1,,,2.46,2
2PTL,Y70A,69,6,3,,,1.66,9
2PTL,Y70L,69,1,2,,,-0.43,3
2RPN,E7L,6,0,0,,,-1.05,0
2RPN,V21K,20,9,3,,,-0.39,12
2WQG,D15A,14,0,2,,,-0.3,2
2WQG,D38A,37,2,5,,,-0.1,7
2WQG,D39A,38,2,1,,,2.2,3
2WQG,D39N,38,2,1,,,2.6,3
2WQG,E40Q,39,0,0,,,0.1,0
2WQG,E41G,40,0,3,,,0.4,3
2WQG,I36A,35,1,1,,,0.9,2
2WQG,I36V,35,1,0,,,0.3,1
2WQG,K14A,13,0,3,,,0.4,3
2WQG,K14G,13,0,4,,,1.9,4
2WQG,K19A,18,0,2,,,0.3,2
2WQG,K28A,27,3,0,,,0.6,3
2WQG,L13A,12,1,3,,,0.5,4
2WQG,L16A,15,2,1,,,1.3,3
2WQG,L8A,7,1,2,,,2.0,3
2WQG,Q12A,11,1,1,,,0.6,2
2WQG,Q12G,11,1,2,,,2.0,3
2WQG,Q33A,32,1,4,,,-0.1,5
2WQG,R34A,33,6,4,,,0.8,10
2WQG,S23A,22,0,1,,,0.6,1
2WQG,S6A,5,0,3,,,-0.1,3
2WQG,S6G,5,0,3,,,0.2,3
2WQG,T9S,8,1,0,,,-0.1,1
2WQG,V10A,9,0,1,,,0.1,1
2WQG,V10G,9,4,2,,,0.7,6
2WQG,V11A,10,0,0,,,-0.4,0
2WQG,V11G,10,0,3,,,-0.1,3
2WQG,V24A,23,0,1,,,0.5,1
2WQG,Y5F,4,1,2,,,2.4,3
2ZTA,E11Q,10,1,0,,,0.74,1
2ZTA,E20Q,19,2,1,,,-0.2,3
2ZTA,E22Q,21,4,5,,,1.83,9
2ZTA,K15A,14,0,3,,,0.41,3
2ZTA,K27A,26,0,3,,,0.91,3
2ZTA,K28A,27,0,3,,,0.06,3
2ZTA,K8A,7,0,1,,,0.39,1
2ZTA,R25A,24,1,4,,,1.66,5
3BN0,I20V,18,3,1,,,1.506,4
3C2I,F155S,64,2,4,,,-0.43,6
3C2I,T158A,67,0,0,,,-0.47,0
3C2I,T158M,67,1,1,,,-0.25,2
3FIS,P61A,35,1,0,,,0.5,1
3G1G,D155Y,4,3,2,,,-0.34,5
3G1G,F167Y,16,3,1,,,0.74,4
3G1G,I190V,39,3,0,,,0.17,3
3G1G,R185W,34,3,1,,,-1.32,4
3K82,E334L,28,0,4,,,3.35,4
3K82,E334Q,28,0,0,,,1.68,0
3K82,E401R,95,2,2,,,-5.49,4
3MON,R39G,38,1,3,,,-1.194,4
3MON,W3C,2,0,2,,,2.866,2
3O39,L32P,3,25,5,,,3.25,30
3S92,H395R,88,4,4,,,-2.03,8
4N6V,H75W,67,1,1,,,-0.574,2
4N6V,P36G,28,2,2,,,1.362,4
4N6V,P79S,71,2,3,,,-1.745,5
4YEE,V134T,59,4,3,,,0.71,7
4YEF,T134V,57,2,2,,,0.93,4
5JXB,D329G,24,9,2,,,1.44,11
5JXB,D329P,24,9,3,,,1.44,12
1A0F,S11A,10,2,1,,,1.8,3
1A7V,A104H,103,1,0,,,2.69,1
1A7V,A66H,65,1,4,,,1.98,5
1A7V,A91H,90,3,0,,,1.7,3
1A7V,D3H,2,0,0,,,1.36,0
1A7V,D58H,57,1,0,,,2.05,1
1A7V,E73H,72,1,1,,,3.01,2
1A7V,K13H,12,2,3,,,0.6,5
1A7V,K20H,19,1,2,,,2.88,3
1A7V,K31H,30,0,2,,,1.36,2
1A7V,K39H,38,0,0,,,1.86,0
1A7V,K49H,48,2,2,,,2.02,4
1A7V,K84H,83,2,2,,,2.88,4
1A7V,K97H,96,5,0,,,1.97,5
1BNL,D76A,75,1,1,,,0.821,2
1DIV,D23A,22,1,1,,,0.46,2
1DIV,D23N,22,1,1,,,0.58,2
1DIV,D8N,7,1,2,,,0.3,3
1DIV,E100A,99,2,0,,,0.98,2
1DIV,E100G,99,2,3,,,1.52,5
1DIV,E17Q,16,0,0,,,0.21,0
1DIV,E38Q,37,1,0,,,0.56,1
1DIV,E48Q,47,4,1,,,-0.03,5
1DIV,E54Q,53,7,2,,,-0.33,9
1DIV,H106Q,105,3,1,,,1.53,4
1DIV,I115A,114,1,1,,,3.52,2
1DIV,I4A,3,5,3,,,2.22,8
1DIV,I4V,3,1,3,,,0.59,4
1DIV,I79A,78,0,0,,,3.49,0
1DIV,I93A,92,0,1,,,3.19,1
1DIV,I98A,97,0,1,,,4.28,1
1DIV,K10M,9,0,2,,,-0.05,2
1DIV,K14M,13,3,2,,,-0.01,5
1DIV,K15M,14,0,1,,,0.31,1
1DIV,K7M,6,0,0,,,-0.35,0
1DIV,K96A,95,0,1,,,-0.61,1
1DIV,K96G,95,0,3,,,0.2,3
1DIV,L102A,101,1,3,,,2.37,4
1DIV,L108A,107,3,5,,,2.33,8
1DIV,L110A,109,1,1,,,3.21,2
1DIV,L117A,116,0,0,,,0.82,0
1DIV,L30A,29,0,1,,,2.76,1
1DIV,L30V,29,0,2,,,3.62,2
1DIV,L6A,5,1,5,,,3.1,6
1DIV,L6I,5,0,3,,,0.13,3
1DIV,L6V,5,2,3,,,0.41,5
1DIV,L72A,71,0,0,,,3.77,0
1DIV,M1A,0,5,2,,,1.46,7
1DIV,M1G,0,7,2,,,2.36,9
1DIV,V21A,20,1,2,,,2.33,3
1DIV,V21I,20,1,1,,,0.4,2
1DIV,V21L,20,2,1,,,1.23,3
1DIV,V3A,2,0,1,,,2.55,1
1DIV,V3I,2,2,1,,,0.31,3
1DIV,V3L,2,3,2,,,2.21,5
1DXX,K18N,9,4,1,,,3.7,5
1FH5,S18N,14,0,0,,,-0.6,0
1FT8,L212V,91,1,0,,,1.38,1
1FT8,L238I,117,5,5,,,0.35,10
1FT8,M216L,95,0,1,,,-0.27,1
1G3P,N138G,112,7,4,,,-0.765,11
1GWY,A8D,7,3,0,,,1.6,3
1ITM,C24T,24,2,4,,,3.3,6
1ITM,C3T,3,2,0,,,5.0,2
1ITM,W91S,91,3,4,,,-1.4,7
1JLV,E64D,63,0,2,,,1.162,2
1JLV,E64N,63,2,3,,,2.3040000000000003,5
1JLV,E64Q,63,1,2,,,2.302,3
1LVM,E106G,113,1,1,,,-1.4,2
1LVM,K45F,52,3,2,,,-0.43,5
1LVM,L56V,63,1,1,,,-0.0,2
1LVM,Q58F,65,1,2,,,-0.6,3
1N18,E100G,99,2,7,,,2.5,9
1N18,G85R,84,11,3,,,1.4,14
1N18,H46R,45,3,0,,,-1.4,3
1O1U,E110A,109,4,2,,,3.3,6
1O1U,N61A,60,2,1,,,1.2,3
1O1U,Q51A,50,2,3,,,0.3,5
1O1U,Q99A,98,2,2,,,-0.3,4
1O1U,T38A,37,0,1,,,1.2,1
1O1U,W49Y,48,2,2,,,1.2,4
1OSI,I11V,10,0,0,,,0.05,0
1OSI,S92F,91,3,2,,,-0.39,5
1OSI,V15I,14,0,0,,,0.78,0
1PFL,A20T,19,1,0,,,1.53,1
1PFL,G117V,116,4,0,,,1.96,4
1PFL,M113T,112,8,10,,,3.53,18
1PFL,T108M,107,6,1,,,-0.07,7
1PRG,Q286P,79,1,2,,,0.3,3
1PRG,R288H,81,1,4,,,-0.06,5
1PRG,V290M,83,3,3,,,-0.03,6
1SPD,C111S,110,1,1,,,-0.8,2
1SPD,C6A,5,1,0,,,-0.1,1
1XWS,E124Q,91,0,1,,,2.9,1
1XWS,E135K,102,0,0,,,4.59,0
1XWS,E142D,109,0,0,,,3.22,0
1XWS,Y53H,20,0,7,,,3.3,7
1XXN,N32D,31,2,1,,,0.86,3
1XXN,N54E,53,1,0,,,0.645,1
1XXN,S22E,21,1,0,,,-0.239,1
1XXN,S27E,26,3,2,,,0.645,5
1XZO,F42W,39,5,3,,,-2.87,8
1XZO,W101F,98,4,9,,,2.89,13
1XZO,W36A,33,8,7,,,8.93,15
1XZO,W36F,33,4,3,,,4.25,7
2ARF,H1069Q,37,1,3,,,0.7170000000000001,4
2H3F,E12A,10,0,2,,,-1.07,2
2JIE,H104R,100,1,1,,,-1.536,2
2JIE,Q22S,18,1,4,,,0.209,5
2JIE,S17A,13,0,3,,,1.246,3
2JIE,S19A,15,0,2,,,-0.951,2
2JIE,T18A,14,1,1,,,0.994,2
2JIE,W123F,119,1,0,,,-2.19,1
2JIE,W123H,119,1,0,,,-1.06,1
2JIE,Y21A,17,5,6,,,3.443,11
2KS4,D9A,8,1,0,,,-1.26,1
2KS4,E2A,1,0,1,,,0.23,1
2LTB,L558P,58,5,5,,,1.57,10
2LTB,L569R,69,3,2,,,3.11,5
2LTB,M619K,119,0,0,,,3.34,0
2LTB,R533Q,33,1,3,,,1.1,4
2LTB,R555Q,55,0,0,,,0.36,0
2LTB,R555W,55,3,1,,,-1.79,4
2M5S,D302A,80,0,2,,,4.0,2
2M5S,H305A,83,1,3,,,2.0,4
2NTE,R658C,90,3,9,,,2.3,12
2PR5,A33Y,12,1,2,,,-0.5,3
2PR5,A81M,60,1,2,,,0.4,3
2PR5,D109E,88,3,5,,,-0.3,8
2PR5,H22K,1,1,2,,,-0.3,3
2PR5,H22W,1,2,2,,,-1.2,4
2PR5,M111F,90,1,5,,,-2.9,6
2PR5,N107F,86,1,2,,,-0.9,3
2PR5,N107Y,86,1,2,,,-0.8,3
2PR5,N124F,103,9,4,,,-1.1,13
2PR5,N124Y,103,11,6,,,-2.6,17
2PR5,T30M,9,3,5,,,-0.5,8
2PR5,T50M,29,2,4,,,0.5,6
2PR5,T54Y,33,2,2,,,-0.2,4
2PR5,V120I,99,0,3,,,-1.4,3
2PR5,V25I,4,0,2,,,-0.4,2
2PR5,V88L,67,0,2,,,0.2,2
2PR5,V90I,69,0,4,,,0.7,4
2VY0,E53A,19,1,4,,,6.597,5
3BCI,E96Q,82,0,0,,,-1.369,0
3D3B,D118A,117,4,1,,,0.65,5
3D3B,D118E,117,5,1,,,0.6,6
3D3B,D118K,117,5,1,,,1.6,6
3D3B,D118N,117,4,1,,,1.34,5
3D3B,D118R,117,7,1,,,1.41,8
3ECU,H46R,45,2,1,,,-0.8,3
3S4M,D122Y,33,1,2,,,1.3,3
3S4M,G130V,41,4,3,,,2.5,7
3S4M,I154F,65,3,3,,,-0.096,6
3S4M,W155R,66,3,4,,,0.693,7
4BJX,A89V,47,1,2,,,-0.99,3
4BUQ,Y48A,47,0,5,,,1.435,5
4WAA,K65A,56,1,4,,,-0.1,5
4WAA,K67A,58,2,3,,,2.07,5
4WAA,R27A,18,1,1,,,0.44,2
5VP3,R39K,38,2,5,,,-0.413,7
1BA3,H461D,456,28,8,,,1.745,36
1BA3,H489D,484,26,9,,,-0.287,35
1BA3,H489K,484,24,9,,,0.287,33
1BA3,H489M,484,24,10,,,0.263,34
1F8I,F345A,344,2,1,,,0.455,3
1NM1,D187N,175,10,5,,,0.88,15
1NM1,D187Y,175,9,5,,,1.9,14
1PRE,C159S,157,1,1,,,2.4,2
1R2Y,R244E,242,24,5,,,4.2,29
3D2A,M134E,131,2,0,,,-3.02,2
3D2A,M137P,134,1,1,,,-3.34,2
3D2A,S163P,160,1,0,,,-2.11,1
5OAQ,Y429H,198,0,0,,,2.99,0
