pdb_id,chain,offset,wt_len,chain_len,status,note
1A0F,A,0,120,201,OK,精确子串
1A7V,A,0,120,125,OK,精确子串
1BA3,A,120,420,540,OK,精确子串
1BFM,A,0,69,69,OK,精确子串
1BNL,A,0,120,178,OK,精确子串
1D5G,A,0,96,96,OK,精确子串
1DIV,A,0,120,149,OK,精确子串
1DXX,A,0,120,238,OK,精确子串
1EKG,A,0,119,119,OK,精确子串
1F8I,A,120,307,427,OK,精确子串
1FH5,H,0,120,198,OK,精确子串
1FRD,A,0,98,98,OK,精确子串
1FT8,A,0,120,242,OK,精确子串
1FXA,A,0,98,98,OK,精确子串
1G3P,A,0,120,191,OK,模糊匹配(score=236)
1GLU,A,0,81,81,OK,精确子串
1GUA,B,0,76,76,OK,精确子串
1GWY,A,0,120,175,OK,精确子串
1H0X,A,0,89,89,OK,精确子串
1HCQ,A,0,74,74,OK,精确子串
1IOJ,A,0,57,57,OK,精确子串
1IR3,A,120,183,300,OK,模糊匹配(score=356)
1ITM,A,0,120,130,OK,精确子串
1IV7,A,0,96,96,OK,精确子串
1IV9,A,0,96,96,OK,精确子串
1J8I,A,0,93,93,OK,精确子串
1JL9,A,0,42,42,OK,精确子串
1JLV,A,0,120,207,OK,精确子串
1L6H,A,0,69,69,OK,精确子串
1LVM,A,0,120,229,OK,精确子串
1N18,A,0,120,153,OK,精确子串
1N88,A,0,96,96,OK,精确子串
1NM1,A,120,244,364,OK,精确子串
1O1U,A,0,120,127,OK,精确子串
1O6X,A,0,81,81,OK,精确子串
1OSI,A,0,120,345,OK,精确子串
1PFL,A,0,120,139,OK,精确子串
1PRE,A,120,329,449,OK,精确子串
1PRG,A,0,120,270,OK,精确子串
1R2Y,A,120,153,273,OK,精确子串
1R6R,A,0,80,80,OK,精确子串
1SPD,A,0,120,153,OK,精确子串
1X0J,A,0,114,107,OK,模糊匹配(score=200)
1XWS,A,0,120,273,OK,精确子串
1XXN,A,0,120,185,OK,精确子串
1XZO,A,0,120,172,OK,精确子串
2ARF,A,0,120,165,OK,精确子串
2BJD,A,0,90,90,OK,精确子串
2C9Q,A,0,102,102,OK,精确子串
2CLR,B,0,100,100,OK,精确子串
2DVV,A,0,112,112,OK,精确子串
2H3F,A,0,120,131,OK,精确子串
2HBB,A,0,51,51,OK,精确子串
2JIE,A,0,120,445,OK,精确子串
2JUC,A,0,55,55,OK,精确子串
2KJ3,A,0,79,79,OK,精确子串
2KS4,A,0,120,176,OK,精确子串
2LTB,A,0,120,135,OK,精确子串
2M5S,A,0,120,124,OK,精确子串
2MPC,A,0,90,90,OK,精确子串
2N7Z,A,0,106,106,OK,精确子串
2NTE,A,0,120,210,OK,精确子串
2OUO,A,0,111,111,OK,精确子串
2PR5,A,0,120,127,OK,精确子串
2PTL,A,0,78,78,OK,精确子串
2RPN,A,0,59,59,OK,精确子串
2VY0,A,0,120,264,OK,精确子串
2WQG,A,0,51,51,OK,精确子串
2ZTA,A,0,31,31,OK,精确子串
3BCI,A,0,120,165,OK,精确子串
3BN0,A,0,95,95,OK,精确子串
3C2I,A,0,72,70,OK,模糊匹配(score=136)
3D2A,A,120,59,179,OK,精确子串
3D3B,A,0,120,139,OK,精确子串
3DV0,I,0,43,43,OK,精确子串
3ECU,A,0,120,153,OK,精确子串
3FIS,A,0,73,73,OK,精确子串
3G1G,A,0,77,77,OK,精确子串
3K82,A,0,97,97,OK,精确子串
3L15,A,108,84,189,OK,模糊匹配(score=158)
3MON,B,0,50,50,OK,精确子串
3O39,A,0,96,90,OK,模糊匹配(score=168)
3S4M,A,0,120,121,OK,精确子串
3S92,A,0,110,110,OK,精确子串
4BJX,A,0,120,127,OK,精确子串
4BUQ,A,0,120,158,OK,精确子串
4HE7,A,0,54,53,OK,模糊匹配(score=106)
4N6V,2,0,91,91,OK,精确子串
4WAA,A,0,120,126,OK,精确子串
4YEE,A,0,82,82,OK,精确子串
4YEF,A,0,80,80,OK,精确子串
5JXB,A,0,117,117,OK,精确子串
5OAQ,A,120,84,204,OK,精确子串
5VP3,A,0,120,195,OK,精确子串
