benchmark,model,n,n_proteins,pearson,ci_low,ci_high,spearman,mae,rmse,protein_pearson,n_proteins_pl
S669,ridge,511,88,0.39240653266825043,0.23185520622892183,0.5199518847104055,0.3882948240398184,1.0864249253357419,1.4532710243236107,0.3067913213553154,19
S669,gnn_global_s42,511,88,0.18353473959235356,0.053616818669534334,0.29695228612484964,0.22482295590349677,1.171877432352876,1.5470611467350204,0.4372627869143572,19
S669,gnn_local_s42,511,88,0.381886363387008,0.2202068665796186,0.4878272600797345,0.3794262829707018,1.0846567212948595,1.455398795519093,0.3428865397407234,19
S669,gnn_local_blosum_s42,511,88,0.3682419706974859,0.20306908514344318,0.47583869778030574,0.37413160844272375,1.0988468468935757,1.4678694528818865,0.2803123427188554,19
S669,gnn_edge_s42,511,88,0.3540753258044311,0.1993680952183663,0.454221240210696,0.37389364150058557,1.0912816410320145,1.4786986619648108,0.3559345356001171,19
S669,gnn_global_s123,511,88,0.12802165108889973,-0.007770855083592056,0.2510858567588866,0.15502655927797682,1.2014778801754498,1.6045389939471533,0.42038275902818745,19
S669,gnn_local_s123,511,88,0.3653359109094171,0.2037861639587427,0.47010770739912305,0.37713605350546375,1.1028814683211001,1.48518713863437,0.2585715258414766,19
S669,gnn_local_blosum_s123,511,88,0.355138564261802,0.19659887953655575,0.45948657358943157,0.36781069023495033,1.1150401447215892,1.500797020829246,0.3138934975319802,19
S669,gnn_edge_s123,511,88,0.30227573071553876,0.14623465371741018,0.4177146669995122,0.30626948014979516,1.204513684146675,1.5932111029294205,0.4548017144598754,19
S669,gnn_global_s2024,511,88,0.1740005355441396,0.02649755930507715,0.29005370732866476,0.20870429295749224,1.1719522505198148,1.5557052620721807,0.4420749225842636,19
S669,gnn_local_s2024,511,88,0.3720927259951011,0.2055492508710295,0.47886250076947995,0.3721662227397696,1.090786332782059,1.4638359586603935,0.2922256638817157,19
S669,gnn_local_blosum_s2024,511,88,0.3584933085110072,0.1952011564632887,0.45974552028574883,0.3675165591373452,1.1015887488173413,1.4727837247823958,0.27486346655732574,19
S669,gnn_edge_s2024,511,88,0.28926312840450413,0.12107810069268135,0.397989978843757,0.3170651841372463,1.1340562671328476,1.5149349452294836,0.41307583516955554,19
ssym,ridge,342,15,0.3155499250041425,0.047093115598226,0.5441422951891168,0.31009748528626074,1.1198258694935816,1.469922292069455,0.09766695732210233,9
ssym,gnn_global_s42,342,15,0.10500902993324127,-0.08029285741973588,0.42179214364745615,0.06371218895860054,1.1774302744900276,1.563065078370193,0.06505255194734547,9
ssym,gnn_local_s42,342,15,0.4172448603198154,0.1536028255129401,0.5872609157363826,0.37029538147391444,1.081699141977649,1.4078838633830086,0.13397428089491795,9
ssym,gnn_local_blosum_s42,342,15,0.4136495576829228,0.14087013826173556,0.5848352839302847,0.36571600130776616,1.0922674529995138,1.414899484744734,0.16939438213946417,9
ssym,gnn_edge_s42,342,15,0.2752523298291693,-0.05629733673408531,0.5693077470971625,0.2901951665771702,1.1257004595290847,1.5494904035995096,0.2731563134700474,9
ssym,gnn_global_s123,342,15,0.14932467113899958,-0.05307170603371598,0.5118746058850345,0.08620140356399265,1.192955172327701,1.6381471053820644,0.06820307817254813,9
ssym,gnn_local_s123,342,15,0.40019448294016235,0.10432422453594858,0.5943180654135088,0.3649601987619132,1.068335787089792,1.4312409994935829,0.13642224993060756,9
ssym,gnn_local_blosum_s123,342,15,0.3909859219782056,0.09878880392199532,0.6114655737262956,0.34778756065139194,1.0832748962076086,1.4442934944361288,0.11157191851617766,9
ssym,gnn_edge_s123,342,15,0.3668047933905455,0.03536295322277,0.5790310909415051,0.31128711429612527,1.1402183093043448,1.5464761838040741,0.22174083123997962,9
ssym,gnn_global_s2024,342,15,0.14030698083581322,-0.06711266213417262,0.4861110640195131,0.07931215157118937,1.1692942857393744,1.5866313121223974,0.06532150854101235,9
ssym,gnn_local_s2024,342,15,0.3816132416997027,0.10920874808218982,0.5573032794207214,0.3510514512563939,1.0781539800135713,1.4327454590690902,0.09713217270135795,9
ssym,gnn_local_blosum_s2024,342,15,0.36747576569925267,0.07764206475895925,0.5741911193454241,0.3310970336347412,1.0917238631705093,1.4432163716295066,0.11570466904783416,9
ssym,gnn_edge_s2024,342,15,0.35670345377476853,0.056125057977172786,0.5720126847921412,0.32044617472869796,1.0758516322581742,1.4715873638226318,0.24573428860832897,9
