pdb_id,mut_info,gly_switch,wt_aa,mt_aa,broken_ca,formed_ca,broken_cb,formed_cb,broken_centroid,formed_centroid
1BFM,M35W,False,M,W,0,0,0,0,0,1
1BFM,M35Y,False,M,Y,0,0,0,0,1,1
1D5G,H71Y,False,H,Y,0,0,0,0,2,1
1D5G,I20F,False,I,F,0,0,0,0,4,3
1EKG,L198C,False,L,C,0,0,0,0,0,3
1EKG,L200C,False,L,C,0,0,0,0,0,1
1EKG,L203C,False,L,C,0,0,0,0,1,1
1EKG,S181F,False,S,F,0,0,0,0,3,2
1FRD,H42R,False,H,R,0,0,0,0,3,2
1FXA,E94D,False,E,D,0,0,0,0,2,2
1FXA,E94K,False,E,K,0,0,0,0,4,2
1FXA,E94Q,False,E,Q,0,0,0,0,2,2
1FXA,E95K,False,E,K,0,0,0,0,0,0
1FXA,F65A,False,F,A,0,0,0,0,4,2
1FXA,F65I,False,F,I,0,0,0,0,1,2
1FXA,F65W,False,F,W,0,0,0,0,1,3
1FXA,F65Y,False,F,Y,0,0,0,0,0,1
1FXA,R42A,False,R,A,0,0,0,0,4,10
1FXA,R42H,False,R,H,0,0,0,0,2,8
1FXA,T48A,False,T,A,0,0,0,0,0,1
1GLU,C500A,False,C,A,0,0,0,0,2,3
1GUA,A118G,True,A,G,0,0,1,0,1,0
1GUA,A118L,False,A,L,0,0,0,0,4,6
1GUA,A85G,True,A,G,0,0,2,1,1,2
1GUA,A97G,True,A,G,0,0,0,1,1,1
1GUA,C81A,False,C,A,0,0,0,0,0,1
1GUA,C81I,False,C,I,0,0,0,0,0,0
1GUA,C95A,False,C,A,0,0,0,0,1,0
1GUA,C96A,False,C,A,0,0,0,0,1,1
1GUA,C96L,False,C,L,0,0,0,0,1,2
1GUA,C96M,False,C,M,0,0,0,0,1,2
1GUA,D117A,False,D,A,0,0,0,0,1,0
1GUA,D129A,False,D,A,0,0,0,0,0,4
1GUA,D80A,False,D,A,0,0,0,0,0,0
1GUA,E104A,False,E,A,0,0,0,0,0,1
1GUA,E124A,False,E,A,0,0,0,0,2,3
1GUA,E125A,False,E,A,0,0,0,0,2,2
1GUA,I58A,False,I,A,0,0,0,0,1,0
1GUA,I58F,False,I,F,0,0,0,0,7,2
1GUA,I58L,False,I,L,0,0,0,0,2,0
1GUA,K109A,False,K,A,0,0,0,0,1,2
1GUA,L112A,False,L,A,0,0,0,0,0,5
1GUA,L121A,False,L,A,0,0,0,0,0,3
1GUA,L126A,False,L,A,0,0,0,0,2,2
1GUA,L62A,False,L,A,0,0,0,0,1,1
1GUA,L78A,False,L,A,0,0,0,0,1,4
1GUA,L82A,False,L,A,0,0,0,0,2,3
1GUA,L82I,False,L,I,0,0,0,0,1,3
1GUA,L82V,False,L,V,0,0,0,0,0,3
1GUA,L86A,False,L,A,0,0,0,0,2,6
1GUA,L91A,False,L,A,0,0,0,0,0,4
1GUA,M76A,False,M,A,0,0,0,0,0,2
1GUA,N56M,False,N,M,0,0,0,0,1,0
1GUA,N64A,False,N,A,0,0,0,0,0,2
1GUA,P63A,False,P,A,0,0,0,0,0,1
1GUA,P93A,False,P,A,0,0,0,0,3,1
1GUA,Q66A,False,Q,A,0,0,0,0,0,2
1GUA,R100A,False,R,A,0,0,0,0,1,4
1GUA,R59A,False,R,A,0,0,0,0,0,4
1GUA,R89L,False,R,L,0,0,0,0,0,0
1GUA,S77A,False,S,A,0,0,0,0,0,0
1GUA,S77T,False,S,T,0,0,0,0,0,0
1GUA,T68A,False,T,A,0,0,0,0,0,1
1GUA,V128A,False,V,A,0,0,0,0,1,0
1GUA,V60A,False,V,A,0,0,0,0,1,1
1GUA,V69A,False,V,A,0,0,0,0,0,0
1GUA,V70A,False,V,A,0,0,0,0,0,0
1GUA,V72A,False,V,A,0,0,0,0,0,0
1GUA,V72I,False,V,I,0,0,0,0,1,0
1GUA,V98A,False,V,A,0,0,0,0,0,0
1H0X,P18A,False,P,A,0,0,0,0,0,0
1H0X,P62A,False,P,A,0,0,0,0,0,0
1HCQ,C67A,False,C,A,0,0,1,0,6,1
1HCQ,C67S,False,C,S,0,0,1,0,7,0
1IOJ,G15A,True,G,A,0,0,0,2,1,3
1IV9,S76Y,False,S,Y,0,0,0,0,1,4
1J8I,K25A,False,K,A,0,0,0,0,2,4
1J8I,K66A,False,K,A,0,0,0,0,1,5
1J8I,R23A,False,R,A,0,0,0,0,1,2
1J8I,R35A,False,R,A,0,0,0,0,0,3
1J8I,R43A,False,R,A,0,0,0,0,5,4
1J8I,R9A,False,R,A,0,0,0,0,0,1
1JL9,A25C,False,A,C,0,0,0,0,0,0
1L6H,F39A,False,F,A,0,0,0,0,5,9
1L6H,Y45A,False,Y,A,0,0,0,0,7,7
1L6H,Y48A,False,Y,A,0,0,0,0,7,5
1N88,F21A,False,F,A,0,0,0,0,8,3
1N88,I39A,False,I,A,0,0,0,0,3,5
1N88,I80A,False,I,A,0,0,0,0,2,3
1N88,I89A,False,I,A,0,0,0,0,4,9
1N88,I8V,False,I,V,0,0,0,0,3,3
1N88,L13A,False,L,A,0,0,0,0,10,5
1N88,L57A,False,L,A,0,0,0,0,2,1
1N88,V12A,False,V,A,0,0,0,0,2,0
1N88,V30A,False,V,A,0,0,0,0,2,1
1N88,V43A,False,V,A,0,0,0,0,2,0
1N88,V49A,False,V,A,0,0,0,0,3,2
1N88,V51A,False,V,A,0,0,0,0,3,3
1N88,V54A,False,V,A,0,0,0,0,2,2
1N88,V81A,False,V,A,0,0,0,0,0,1
1N88,V83A,False,V,A,0,0,0,0,3,4
1N88,Y18A,False,Y,A,0,0,0,0,7,5
1N88,Y26A,False,Y,A,0,0,0,0,4,10
1O6X,A31G,True,A,G,0,0,0,1,0,0
1O6X,A50G,True,A,G,0,0,2,1,5,4
1O6X,D38A,False,D,A,0,0,0,0,0,1
1O6X,E14A,False,E,A,0,0,0,0,2,3
1O6X,E20G,True,E,G,0,0,0,2,0,3
1O6X,F39L,False,F,L,0,0,0,0,6,3
1O6X,F65A,False,F,A,0,0,0,0,1,2
1O6X,H51A,False,H,A,0,0,0,0,8,9
1O6X,I15V,False,I,V,0,0,0,0,3,1
1O6X,I23V,False,I,V,0,0,0,0,1,1
1O6X,I71V,False,I,V,0,0,0,0,7,0
1O6X,I75A,False,I,A,0,0,0,0,4,5
1O6X,K41A,False,K,A,0,0,0,0,2,2
1O6X,L26V,False,L,V,0,0,0,0,5,1
1O6X,N58A,False,N,A,0,0,0,0,0,1
1O6X,Q60G,True,Q,G,0,0,1,0,1,3
1O6X,V12A,False,V,A,0,0,0,0,10,2
1O6X,V52A,False,V,A,0,0,0,0,5,2
1O6X,V64G,True,V,G,0,0,0,0,0,5
1O6X,Y73L,False,Y,L,0,0,0,0,4,2
1R6R,I88N,False,I,N,0,0,0,0,0,1
1R6R,L50S,False,L,S,0,0,0,0,7,3
1R6R,L54S,False,L,S,0,0,0,0,0,8
1R6R,L81N,False,L,N,0,0,0,0,0,0
2BJD,V84D,False,V,D,0,0,0,0,1,0
2BJD,V84P,False,V,P,0,0,0,0,0,0
2BJD,Y86E,False,Y,E,0,0,0,0,0,0
2C9Q,Y79F,False,Y,F,0,0,0,0,1,1
2C9Q,Y79W,False,Y,W,0,0,0,0,1,2
2CLR,H13F,False,H,F,0,0,0,0,0,0
2CLR,H31F,False,H,F,0,0,0,0,1,0
2CLR,H51F,False,H,F,0,0,0,0,1,0
2CLR,H84A,False,H,A,0,0,0,0,2,2
2DVV,Q443H,False,Q,H,0,0,0,0,8,0
2DVV,R419W,False,R,W,0,0,0,0,12,3
2HBB,A22G,True,A,G,0,0,0,2,1,2
2HBB,A26G,True,A,G,0,0,1,1,1,3
2HBB,A36G,True,A,G,0,0,3,0,1,1
2HBB,A39G,True,A,G,0,0,1,1,0,3
2HBB,A42G,True,A,G,0,0,0,0,0,1
2HBB,A46G,True,A,G,0,0,0,0,0,1
2HBB,A49G,True,A,G,0,0,0,0,0,2
2HBB,D23A,False,D,A,0,0,0,0,2,2
2HBB,D23N,False,D,N,0,0,0,0,1,1
2HBB,D8A,False,D,A,0,0,0,0,0,3
2HBB,D8N,False,D,N,0,0,0,0,1,2
2HBB,E17A,False,E,A,0,0,0,0,0,4
2HBB,E17Q,False,E,Q,0,0,0,0,0,0
2HBB,E38A,False,E,A,0,0,0,0,1,4
2HBB,E38Q,False,E,Q,0,0,0,0,0,1
2HBB,E48Q,False,E,Q,0,0,0,0,1,0
2HBB,F31A,False,F,A,0,0,0,0,4,3
2HBB,F5L,False,F,L,0,0,0,0,1,4
2HBB,G24A,True,G,A,0,0,1,0,2,0
2HBB,G34A,True,G,A,0,0,3,0,4,0
2HBB,I18A,False,I,A,0,0,0,0,0,6
2HBB,I18V,False,I,V,0,0,0,0,0,3
2HBB,I37A,False,I,A,0,0,0,0,1,1
2HBB,I37V,False,I,V,0,0,0,0,0,0
2HBB,I4V,False,I,V,0,0,0,0,0,1
2HBB,K10E,False,K,E,0,0,0,0,0,2
2HBB,K10M,False,K,M,0,0,0,0,0,4
2HBB,K12A,False,K,A,0,0,0,0,1,1
2HBB,K12G,True,K,G,0,0,3,0,1,1
2HBB,K12M,False,K,M,0,0,0,0,0,1
2HBB,K14A,False,K,A,0,0,0,0,0,4
2HBB,K14G,True,K,G,0,0,0,2,0,7
2HBB,K14M,False,K,M,0,0,0,0,0,4
2HBB,K15G,True,K,G,0,0,0,1,0,4
2HBB,K15M,False,K,M,0,0,0,0,0,0
2HBB,K7M,False,K,M,0,0,0,0,1,1
2HBB,L30A,False,L,A,0,0,0,0,1,1
2HBB,L35A,False,L,A,0,0,0,0,2,1
2HBB,L44A,False,L,A,0,0,0,0,0,3
2HBB,L47A,False,L,A,0,0,0,0,1,1
2HBB,L6A,False,L,A,0,0,0,0,0,3
2HBB,M1A,False,M,A,0,0,0,0,1,2
2HBB,T40S,False,T,S,0,0,0,0,0,0
2HBB,V21A,False,V,A,0,0,0,0,0,2
2HBB,V3A,False,V,A,0,0,0,0,2,2
2HBB,V9A,False,V,A,0,0,0,0,0,1
2JUC,C57D,False,C,D,0,0,0,0,2,2
2JUC,C57S,False,C,S,0,0,0,0,0,2
2JUC,R18A,False,R,A,0,0,0,0,2,3
2KJ3,D288A,False,D,A,0,0,0,0,1,4
2KJ3,E272A,False,E,A,0,0,0,0,1,2
2KJ3,G278A,True,G,A,0,0,1,0,1,1
2KJ3,K229A,False,K,A,0,0,0,0,0,4
2KJ3,L241A,False,L,A,0,0,0,0,1,0
2KJ3,S273A,False,S,A,0,0,0,0,1,0
2KJ3,V239A,False,V,A,0,0,0,0,0,0
2KJ3,V264A,False,V,A,0,0,0,0,1,0
2KJ3,V267A,False,V,A,0,0,0,0,2,0
2MPC,A89T,False,A,T,0,0,0,0,1,3
2MPC,R42A,False,R,A,0,0,0,0,1,7
2MPC,R42W,False,R,W,0,0,0,0,3,8
2N7Z,P88A,False,P,A,0,0,0,0,1,1
2OUO,A420D,False,A,D,0,0,0,0,12,3
2PTL,A22G,True,A,G,0,0,2,1,0,2
2PTL,A27P,False,A,P,0,0,0,0,2,2
2PTL,A27V,False,A,V,0,0,0,0,3,0
2PTL,A34G,True,A,G,0,0,1,0,3,0
2PTL,A34V,False,A,V,0,0,0,0,2,1
2PTL,A43G,True,A,G,0,0,2,0,4,1
2PTL,A47G,True,A,G,0,0,1,0,2,1
2PTL,A49G,True,A,G,0,0,0,0,0,0
2PTL,A51G,True,A,G,0,0,1,0,2,0
2PTL,A66G,True,A,G,0,0,0,2,2,0
2PTL,D52A,False,D,A,0,0,0,0,4,4
2PTL,D52G,True,D,G,0,0,0,0,3,7
2PTL,D64A,False,D,A,0,0,0,0,1,3
2PTL,E35A,False,E,A,0,0,0,0,1,3
2PTL,E46G,True,E,G,0,0,0,0,4,2
2PTL,E46I,False,E,I,0,0,0,0,2,0
2PTL,E60A,False,E,A,0,0,0,0,1,5
2PTL,F26A,False,F,A,0,0,0,0,4,3
2PTL,F26L,False,F,L,0,0,0,0,1,2
2PTL,F36A,False,F,A,0,0,0,0,0,2
2PTL,F36L,False,F,L,0,0,0,0,0,1
2PTL,F40G,True,F,G,0,0,0,0,9,4
2PTL,F40L,False,F,L,0,0,0,0,5,1
2PTL,F76L,False,F,L,0,0,0,0,1,2
2PTL,F76V,False,F,V,0,0,0,0,2,3
2PTL,G29A,True,G,A,0,0,0,0,1,0
2PTL,G29V,True,G,V,0,0,0,0,2,0
2PTL,G38A,True,G,A,0,0,2,0,3,2
2PTL,G59A,True,G,A,0,0,1,0,2,0
2PTL,G69A,True,G,A,0,0,2,0,5,0
2PTL,I20A,False,I,A,0,0,0,0,2,2
2PTL,I20V,False,I,V,0,0,0,1,2,2
2PTL,I25A,False,I,A,0,0,0,0,3,3
2PTL,I25V,False,I,V,0,0,0,0,3,1
2PTL,I74A,False,I,A,0,0,0,0,2,3
2PTL,I74V,False,I,V,0,0,0,0,1,1
2PTL,K21A,False,K,A,0,0,0,0,2,4
2PTL,K37A,False,K,A,0,0,0,0,4,5
2PTL,K42G,True,K,G,0,0,1,1,1,3
2PTL,K55A,False,K,A,0,0,0,0,2,6
2PTL,K56A,False,K,A,0,0,0,0,1,5
2PTL,K68A,False,K,A,0,0,0,0,1,0
2PTL,K75A,False,K,A,0,0,0,0,1,2
2PTL,L24A,False,L,A,0,0,0,0,1,1
2PTL,L54A,False,L,A,0,0,0,0,2,3
2PTL,L72A,False,L,A,0,0,0,0,1,2
2PTL,N23A,False,N,A,0,0,0,0,1,1
2PTL,N28A,False,N,A,0,0,0,0,1,1
2PTL,N58A,False,N,A,0,0,0,0,2,2
2PTL,N73A,False,N,A,0,0,0,0,1,3
2PTL,S30A,False,S,A,0,0,0,0,0,0
2PTL,S45A,False,S,A,0,0,0,0,1,0
2PTL,S45G,True,S,G,0,0,0,0,4,2
2PTL,T19A,False,T,A,0,0,0,0,1,1
2PTL,T31A,False,T,A,0,0,0,0,0,1
2PTL,T33A,False,T,A,0,0,0,0,1,5
2PTL,T39A,False,T,A,0,0,0,0,0,0
2PTL,T44A,False,T,A,0,0,0,0,3,6
2PTL,T53G,True,T,G,0,0,0,0,1,1
2PTL,T62A,False,T,A,0,0,0,0,0,1
2PTL,T71A,False,T,A,0,0,0,0,4,3
2PTL,V18A,False,V,A,0,0,0,0,0,2
2PTL,V63A,False,V,A,0,0,0,0,2,2
2PTL,V65A,False,V,A,0,0,0,0,0,1
2PTL,Y48A,False,Y,A,0,0,0,0,1,4
2PTL,Y50A,False,Y,A,0,0,0,0,1,1
2PTL,Y70A,False,Y,A,0,0,0,0,6,3
2PTL,Y70L,False,Y,L,0,0,0,0,1,2
2RPN,E7L,False,E,L,0,0,0,0,0,0
2RPN,V21K,False,V,K,0,0,0,0,9,3
2WQG,D15A,False,D,A,0,0,0,0,0,2
2WQG,D38A,False,D,A,0,0,0,0,2,5
2WQG,D39A,False,D,A,0,0,0,0,2,1
2WQG,D39N,False,D,N,0,0,0,0,2,1
2WQG,E40Q,False,E,Q,0,0,0,0,0,0
2WQG,E41G,True,E,G,0,0,0,0,0,3
2WQG,I36A,False,I,A,0,0,0,0,1,1
2WQG,I36V,False,I,V,0,0,0,0,1,0
2WQG,K14A,False,K,A,0,0,0,0,0,3
2WQG,K14G,True,K,G,0,0,1,0,0,4
2WQG,K19A,False,K,A,0,0,0,0,0,2
2WQG,K28A,False,K,A,0,0,0,0,3,0
2WQG,L13A,False,L,A,0,0,0,0,1,3
2WQG,L16A,False,L,A,0,0,0,0,2,1
2WQG,L8A,False,L,A,0,0,0,0,1,2
2WQG,Q12A,False,Q,A,0,0,0,0,1,1
2WQG,Q12G,True,Q,G,0,0,1,1,1,2
2WQG,Q33A,False,Q,A,0,0,0,0,1,4
2WQG,R34A,False,R,A,0,0,0,0,6,4
2WQG,S23A,False,S,A,0,0,0,0,0,1
2WQG,S6A,False,S,A,0,0,0,0,0,3
2WQG,S6G,True,S,G,0,0,0,1,0,3
2WQG,T9S,False,T,S,0,0,0,0,1,0
2WQG,V10A,False,V,A,0,0,0,0,0,1
2WQG,V10G,True,V,G,0,0,0,1,4,2
2WQG,V11A,False,V,A,0,0,0,0,0,0
2WQG,V11G,True,V,G,0,0,0,0,0,3
2WQG,V24A,False,V,A,0,0,0,0,0,1
2WQG,Y5F,False,Y,F,0,0,0,0,1,2
2ZTA,E11Q,False,E,Q,0,0,0,0,1,0
2ZTA,E20Q,False,E,Q,0,0,0,0,2,1
2ZTA,E22Q,False,E,Q,0,0,0,0,4,5
2ZTA,K15A,False,K,A,0,0,0,0,0,3
2ZTA,K27A,False,K,A,0,0,0,0,0,3
2ZTA,K28A,False,K,A,0,0,0,0,0,3
2ZTA,K8A,False,K,A,0,0,0,0,0,1
2ZTA,R25A,False,R,A,0,0,0,0,1,4
3BN0,I20V,False,I,V,0,0,0,0,3,1
3C2I,F155S,False,F,S,0,0,0,0,2,4
3C2I,T158A,False,T,A,0,0,0,0,0,0
3C2I,T158M,False,T,M,0,0,0,0,1,1
3DV0,A131G,True,A,G,46,39,66,57,93,76
3DV0,A139G,True,A,G,46,39,66,55,94,77
3DV0,A165G,True,A,G,46,39,66,58,93,78
3DV0,A168G,True,A,G,46,39,66,58,93,77
3DV0,D145A,False,D,A,46,39,66,58,91,78
3DV0,D145N,False,D,N,46,39,66,58,93,77
3DV0,D162N,False,D,N,46,39,66,58,93,76
3DV0,D164A,False,D,A,46,39,66,58,94,78
3DV0,D164G,True,D,G,46,39,66,60,94,81
3DV0,D164N,False,D,N,46,39,66,58,94,78
3DV0,E141A,False,E,A,46,39,66,58,92,79
3DV0,E141Q,False,E,Q,46,39,66,58,94,76
3DV0,I130A,False,I,A,46,39,66,58,93,76
3DV0,I130G,True,I,G,46,39,65,57,93,76
3DV0,I130V,False,I,V,46,39,66,58,93,77
3DV0,I146A,False,I,A,46,39,66,58,92,77
3DV0,I146V,False,I,V,46,39,66,58,93,77
3DV0,I163V,False,I,V,46,39,66,58,93,78
3DV0,L159A,False,L,A,46,39,66,58,91,76
3DV0,L159G,True,L,G,46,39,65,58,92,77
3DV0,L159V,False,L,V,46,39,66,58,92,77
3DV0,L167A,False,L,A,46,39,66,58,93,77
3DV0,L167V,False,L,V,46,39,66,58,93,77
3DV0,V135A,False,V,A,46,39,66,58,94,77
3DV0,V144A,False,V,A,46,39,66,58,93,78
3DV0,V149A,False,V,A,46,39,66,58,93,76
3DV0,V149G,True,V,G,46,39,66,57,92,75
3DV0,V158A,False,V,A,46,39,66,58,92,77
3DV0,Y138F,False,Y,F,46,39,66,58,93,76
3FIS,P61A,False,P,A,0,0,0,0,1,0
3G1G,D155Y,False,D,Y,0,0,0,0,3,2
3G1G,F167Y,False,F,Y,0,0,0,0,3,1
3G1G,I190V,False,I,V,0,0,0,0,3,0
3G1G,R185W,False,R,W,0,0,0,0,3,1
3K82,E334L,False,E,L,119,120,164,164,194,197
3K82,E334Q,False,E,Q,119,120,164,164,196,195
3K82,E401R,False,E,R,119,120,164,164,196,195
3MON,R39G,True,R,G,0,0,0,0,1,3
3MON,W3C,False,W,C,0,0,0,0,0,2
3O39,L32P,False,L,P,0,0,0,0,25,5
3S92,H395R,False,H,R,0,0,0,0,4,4
4N6V,H75W,False,H,W,0,0,0,0,1,1
4N6V,P36G,True,P,G,0,0,1,1,2,2
4N6V,P79S,False,P,S,0,0,0,0,2,3
4YEE,V134T,False,V,T,0,0,0,0,4,3
4YEF,T134V,False,T,V,0,0,0,0,2,2
5JXB,D329G,True,D,G,0,0,0,1,9,2
5JXB,D329P,False,D,P,0,0,0,0,9,3
1A0F,S11A,False,S,A,0,0,0,0,2,1
1A7V,A104H,False,A,H,0,0,0,0,1,0
1A7V,A66H,False,A,H,0,0,0,0,1,4
1A7V,A91H,False,A,H,0,0,0,0,3,0
1A7V,D3H,False,D,H,0,0,0,0,0,0
1A7V,D58H,False,D,H,0,0,0,0,1,0
1A7V,E73H,False,E,H,0,0,0,0,1,1
1A7V,K13H,False,K,H,0,0,0,0,2,3
1A7V,K20H,False,K,H,0,0,0,0,1,2
1A7V,K31H,False,K,H,0,0,0,0,0,2
1A7V,K39H,False,K,H,0,0,0,0,0,0
1A7V,K49H,False,K,H,0,0,0,0,2,2
1A7V,K84H,False,K,H,0,0,0,0,2,2
1A7V,K97H,False,K,H,0,0,0,0,5,0
1BNL,D76A,False,D,A,0,0,0,0,1,1
1DIV,D23A,False,D,A,0,0,0,0,1,1
1DIV,D23N,False,D,N,0,0,0,0,1,1
1DIV,D8N,False,D,N,0,0,0,0,1,2
1DIV,E100A,False,E,A,0,0,0,0,2,0
1DIV,E100G,True,E,G,0,0,0,0,2,3
1DIV,E17Q,False,E,Q,0,0,0,0,0,0
1DIV,E38Q,False,E,Q,0,0,0,0,1,0
1DIV,E48Q,False,E,Q,0,0,0,0,4,1
1DIV,E54Q,False,E,Q,0,0,0,0,7,2
1DIV,H106Q,False,H,Q,0,0,0,0,3,1
1DIV,I115A,False,I,A,0,0,0,0,1,1
1DIV,I4A,False,I,A,0,0,0,0,5,3
1DIV,I4V,False,I,V,0,0,0,0,1,3
1DIV,I79A,False,I,A,0,0,0,0,0,0
1DIV,I93A,False,I,A,0,0,0,0,0,1
1DIV,I98A,False,I,A,0,0,0,0,0,1
1DIV,K10M,False,K,M,0,0,0,0,0,2
1DIV,K14M,False,K,M,0,0,0,0,3,2
1DIV,K15M,False,K,M,0,0,0,0,0,1
1DIV,K7M,False,K,M,0,0,0,0,0,0
1DIV,K96A,False,K,A,0,0,0,0,0,1
1DIV,K96G,True,K,G,0,0,0,1,0,3
1DIV,L102A,False,L,A,0,0,0,0,1,3
1DIV,L108A,False,L,A,0,0,0,0,3,5
1DIV,L110A,False,L,A,0,0,0,0,1,1
1DIV,L117A,False,L,A,0,0,0,0,0,0
1DIV,L30A,False,L,A,0,0,0,0,0,1
1DIV,L30V,False,L,V,0,0,0,0,0,2
1DIV,L6A,False,L,A,0,0,0,0,1,5
1DIV,L6I,False,L,I,0,0,0,0,0,3
1DIV,L6V,False,L,V,0,0,0,0,2,3
1DIV,L72A,False,L,A,0,0,0,0,0,0
1DIV,M1A,False,M,A,0,0,0,0,5,2
1DIV,M1G,True,M,G,0,0,2,0,7,2
1DIV,V21A,False,V,A,0,0,0,0,1,2
1DIV,V21I,False,V,I,0,0,0,0,1,1
1DIV,V21L,False,V,L,0,0,0,0,2,1
1DIV,V3A,False,V,A,0,0,0,0,0,1
1DIV,V3I,False,V,I,0,0,0,0,2,1
1DIV,V3L,False,V,L,0,0,0,0,3,2
1DXX,K18N,False,K,N,0,0,0,0,4,1
1FH5,S18N,False,S,N,0,0,0,0,0,0
1FT8,L212V,False,L,V,0,0,0,0,1,0
1FT8,L238I,False,L,I,0,0,0,0,5,5
1FT8,M216L,False,M,L,0,0,0,0,0,1
1G3P,N138G,True,N,G,126,121,172,170,223,216
1GWY,A8D,False,A,D,0,0,0,0,3,0
1ITM,C24T,False,C,T,0,0,0,0,2,4
1ITM,C3T,False,C,T,0,0,0,0,2,0
1ITM,W91S,False,W,S,0,0,0,0,3,4
1JLV,E64D,False,E,D,0,0,0,0,0,2
1JLV,E64N,False,E,N,0,0,0,0,2,3
1JLV,E64Q,False,E,Q,0,0,0,0,1,2
1LVM,E106G,True,E,G,0,0,0,1,1,1
1LVM,K45F,False,K,F,0,0,0,0,3,2
1LVM,L56V,False,L,V,0,0,0,0,1,1
1LVM,Q58F,False,Q,F,0,0,0,0,1,2
1N18,E100G,True,E,G,0,0,0,1,2,7
1N18,G85R,True,G,R,0,0,1,2,11,3
1N18,H46R,False,H,R,0,0,0,0,3,0
1O1U,E110A,False,E,A,0,0,0,0,4,2
1O1U,N61A,False,N,A,0,0,0,0,2,1
1O1U,Q51A,False,Q,A,0,0,0,0,2,3
1O1U,Q99A,False,Q,A,0,0,0,0,2,2
1O1U,T38A,False,T,A,0,0,0,0,0,1
1O1U,W49Y,False,W,Y,0,0,0,0,2,2
1OSI,I11V,False,I,V,0,0,0,0,0,0
1OSI,S92F,False,S,F,0,0,0,0,3,2
1OSI,V15I,False,V,I,0,0,0,0,0,0
1PFL,A20T,False,A,T,0,0,0,0,1,0
1PFL,G117V,True,G,V,0,0,2,0,4,0
1PFL,M113T,False,M,T,0,0,0,0,8,10
1PFL,T108M,False,T,M,0,0,0,0,6,1
1PRG,Q286P,False,Q,P,0,0,0,0,1,2
1PRG,R288H,False,R,H,0,0,0,0,1,4
1PRG,V290M,False,V,M,0,0,0,0,3,3
1SPD,C111S,False,C,S,0,0,0,0,1,1
1SPD,C6A,False,C,A,0,0,0,0,1,0
1XWS,E124Q,False,E,Q,0,0,0,0,0,1
1XWS,E135K,False,E,K,0,0,0,0,0,0
1XWS,E142D,False,E,D,0,0,0,0,0,0
1XWS,Y53H,False,Y,H,0,0,0,0,0,7
1XXN,N32D,False,N,D,0,0,0,0,2,1
1XXN,N54E,False,N,E,0,0,0,0,1,0
1XXN,S22E,False,S,E,0,0,0,0,1,0
1XXN,S27E,False,S,E,0,0,0,0,3,2
1XZO,F42W,False,F,W,0,0,0,0,5,3
1XZO,W101F,False,W,F,0,0,0,0,4,9
1XZO,W36A,False,W,A,0,0,0,0,8,7
1XZO,W36F,False,W,F,0,0,0,0,4,3
2ARF,H1069Q,False,H,Q,0,0,0,0,1,3
2H3F,E12A,False,E,A,0,0,0,0,0,2
2JIE,H104R,False,H,R,0,0,0,0,1,1
2JIE,Q22S,False,Q,S,0,0,0,0,1,4
2JIE,S17A,False,S,A,0,0,0,0,0,3
2JIE,S19A,False,S,A,0,0,0,0,0,2
2JIE,T18A,False,T,A,0,0,0,0,1,1
2JIE,W123F,False,W,F,0,0,0,0,1,0
2JIE,W123H,False,W,H,0,0,0,0,1,0
2JIE,Y21A,False,Y,A,0,0,0,0,5,6
2KS4,D9A,False,D,A,0,0,0,0,1,0
2KS4,E2A,False,E,A,0,0,0,0,0,1
2LTB,L558P,False,L,P,0,0,0,0,5,5
2LTB,L569R,False,L,R,0,0,0,0,3,2
2LTB,M619K,False,M,K,0,0,0,0,0,0
2LTB,R533Q,False,R,Q,0,0,0,0,1,3
2LTB,R555Q,False,R,Q,0,0,0,0,0,0
2LTB,R555W,False,R,W,0,0,0,0,3,1
2M5S,D302A,False,D,A,0,0,0,0,0,2
2M5S,H305A,False,H,A,0,0,0,0,1,3
2NTE,R658C,False,R,C,0,0,0,0,3,9
2PR5,A33Y,False,A,Y,0,0,0,0,1,2
2PR5,A81M,False,A,M,0,0,0,0,1,2
2PR5,D109E,False,D,E,0,0,0,0,3,5
2PR5,H22K,False,H,K,0,0,0,0,1,2
2PR5,H22W,False,H,W,0,0,0,0,2,2
2PR5,M111F,False,M,F,0,0,0,0,1,5
2PR5,N107F,False,N,F,0,0,0,0,1,2
2PR5,N107Y,False,N,Y,0,0,0,0,1,2
2PR5,N124F,False,N,F,0,0,0,0,9,4
2PR5,N124Y,False,N,Y,0,0,0,0,11,6
2PR5,T30M,False,T,M,0,0,0,0,3,5
2PR5,T50M,False,T,M,0,0,0,0,2,4
2PR5,T54Y,False,T,Y,0,0,0,0,2,2
2PR5,V120I,False,V,I,0,0,0,0,0,3
2PR5,V25I,False,V,I,0,0,0,0,0,2
2PR5,V88L,False,V,L,0,0,0,0,0,2
2PR5,V90I,False,V,I,0,0,0,0,0,4
2VY0,E53A,False,E,A,0,0,0,0,1,4
3BCI,E96Q,False,E,Q,0,0,0,0,0,0
3D3B,D118A,False,D,A,0,0,1,1,4,1
3D3B,D118E,False,D,E,0,0,1,1,5,1
3D3B,D118K,False,D,K,0,0,1,1,5,1
3D3B,D118N,False,D,N,0,0,1,1,4,1
3D3B,D118R,False,D,R,0,0,1,1,7,1
3ECU,H46R,False,H,R,0,0,0,0,2,1
3S4M,D122Y,False,D,Y,0,0,0,0,1,2
3S4M,G130V,True,G,V,0,0,2,1,4,3
3S4M,I154F,False,I,F,0,0,0,0,3,3
3S4M,W155R,False,W,R,0,0,0,0,3,4
4BJX,A89V,False,A,V,0,0,0,0,1,2
4BUQ,Y48A,False,Y,A,0,0,0,0,0,5
4WAA,K65A,False,K,A,0,0,0,0,1,4
4WAA,K67A,False,K,A,0,0,0,0,2,3
4WAA,R27A,False,R,A,0,0,0,0,1,1
5VP3,R39K,False,R,K,0,0,0,0,2,5
1BA3,H461D,False,H,D,0,0,0,0,28,8
1BA3,H489D,False,H,D,0,0,0,0,26,9
1BA3,H489K,False,H,K,0,0,0,0,24,9
1BA3,H489M,False,H,M,0,0,0,0,24,10
1DIV,V129A,False,V,A,0,0,0,0,0,0
1F8I,F345A,False,F,A,0,0,0,0,2,1
1FT8,L349I,False,L,I,0,0,0,0,0,0
1LVM,S135G,True,S,G,0,0,0,0,1,0
1NM1,D187N,False,D,N,0,0,0,0,10,5
1NM1,D187Y,False,D,Y,0,0,0,0,9,5
1PRE,C159S,False,C,S,0,0,0,0,1,1
1R2Y,R244E,False,R,E,0,0,0,0,24,5
1XXN,N181R,False,N,R,0,0,0,0,0,0
3D2A,M134E,False,M,E,0,0,0,0,2,0
3D2A,M137P,False,M,P,0,0,0,0,1,1
3D2A,S163P,False,S,P,0,0,0,0,1,0
5OAQ,Y429H,False,Y,H,0,0,0,0,0,0
