pdb_id,mut_info,n_res,mode,wt_edges_c,mt_edges_c,broken_scwrl4,formed_scwrl4,broken_ca,formed_ca,broken_cb,formed_cb,n_edit_ca,n_edit_cb,n_edit_centroid
1BFM,M35W,69,local8A,222,224,10,12,0,0,1,3,0,4,22
1BFM,M35Y,69,local8A,222,226,10,14,0,0,1,3,0,4,24
1D5G,H71Y,96,local8A,351,346,12,7,0,0,3,5,0,8,19
1D5G,I20F,96,local8A,351,352,10,11,0,0,3,5,0,8,21
1EKG,L198C,119,local8A,462,464,8,10,0,0,1,0,0,1,18
1EKG,L200C,119,local8A,462,471,2,11,0,0,1,0,0,1,13
1EKG,L203C,119,local8A,462,469,5,12,0,0,1,0,0,1,17
1EKG,S181F,119,local8A,462,465,7,10,0,0,1,0,0,1,17
1FRD,H42R,98,local8A,404,402,14,12,0,0,10,8,0,18,26
1FXA,E94D,98,local8A,407,406,11,10,0,0,3,6,0,9,21
1FXA,E94K,98,local8A,407,405,11,9,0,0,3,6,0,9,20
1FXA,E94Q,98,local8A,407,405,11,9,0,0,3,6,0,9,20
1FXA,E95K,98,local8A,407,404,11,8,0,0,3,6,0,9,19
1FXA,F65A,98,local8A,407,403,13,9,0,0,3,6,0,9,22
1FXA,F65I,98,local8A,407,403,13,9,0,0,3,6,0,9,22
1FXA,F65W,98,local8A,407,400,15,8,0,0,3,6,0,9,23
1FXA,F65Y,98,local8A,407,402,14,9,0,0,3,6,0,9,23
1FXA,R42A,98,local8A,407,407,16,16,0,0,3,6,0,9,32
1FXA,R42H,98,local8A,407,403,17,13,0,0,3,6,0,9,30
1FXA,T48A,98,local8A,407,404,11,8,0,0,3,6,0,9,19
1GLU,C500A,81,local8A,290,295,16,21,0,0,6,3,0,9,37
1GUA,A118G,76,local8A,273,274,4,5,0,0,2,1,0,3,9
1GUA,A118L,76,local8A,273,274,6,7,0,0,1,1,0,2,13
1GUA,A85G,76,local8A,273,276,6,9,0,0,3,2,0,5,15
1GUA,A97G,76,local8A,273,275,3,5,0,0,1,2,0,3,8
1GUA,C81A,76,local8A,273,274,4,5,0,0,1,1,0,2,9
1GUA,C81I,76,local8A,273,274,4,5,0,0,1,1,0,2,9
1GUA,C95A,76,local8A,273,276,5,8,0,0,1,1,0,2,13
1GUA,C96A,76,local8A,273,275,3,5,0,0,1,1,0,2,8
1GUA,C96L,76,local8A,273,272,7,6,0,0,1,1,0,2,13
1GUA,C96M,76,local8A,273,276,4,7,0,0,1,1,0,2,11
1GUA,D117A,76,local8A,273,275,3,5,0,0,1,1,0,2,8
1GUA,D129A,76,local8A,273,277,3,7,0,0,1,1,0,2,10
1GUA,D80A,76,local8A,273,275,4,6,0,0,1,1,0,2,10
1GUA,E104A,76,local8A,273,276,4,7,0,0,1,1,0,2,11
1GUA,E124A,76,local8A,273,275,5,7,0,0,1,1,0,2,12
1GUA,E125A,76,local8A,273,275,5,7,0,0,1,1,0,2,12
1GUA,I58A,76,local8A,273,270,7,4,0,0,1,1,0,2,11
1GUA,I58F,76,local8A,273,269,9,5,0,0,1,1,0,2,14
1GUA,I58L,76,local8A,273,271,6,4,0,0,1,1,0,2,10
1GUA,K109A,76,local8A,273,277,3,7,0,0,1,1,0,2,10
1GUA,L112A,76,local8A,273,277,3,7,0,0,1,1,0,2,10
1GUA,L121A,76,local8A,273,280,3,10,0,0,1,1,0,2,13
1GUA,L126A,76,local8A,273,276,4,7,0,0,1,1,0,2,11
1GUA,L62A,76,local8A,273,274,6,7,0,0,1,1,0,2,13
1GUA,L78A,76,local8A,273,274,5,6,0,0,1,1,0,2,11
1GUA,L82A,76,local8A,273,274,7,8,0,0,1,1,0,2,15
1GUA,L82I,76,local8A,273,274,7,8,0,0,1,1,0,2,15
1GUA,L82V,76,local8A,273,275,7,9,0,0,1,1,0,2,16
1GUA,L86A,76,local8A,273,276,6,9,0,0,1,1,0,2,15
1GUA,L91A,76,local8A,273,277,4,8,0,0,1,1,0,2,12
1GUA,M76A,76,local8A,273,276,5,8,0,0,1,1,0,2,13
1GUA,N56M,76,local8A,273,275,3,5,0,0,1,1,0,2,8
1GUA,N64A,76,local8A,273,277,4,8,0,0,1,1,0,2,12
1GUA,P63A,76,local8A,273,275,4,6,0,0,1,1,0,2,10
1GUA,P93A,76,local8A,273,275,7,9,0,0,1,1,0,2,16
1GUA,Q66A,76,local8A,273,278,3,8,0,0,1,1,0,2,11
1GUA,R100A,76,local8A,273,280,2,9,0,0,1,1,0,2,11
1GUA,R59A,76,local8A,273,277,10,14,0,0,1,1,0,2,24
1GUA,R89L,76,local8A,273,274,5,6,0,0,1,1,0,2,11
1GUA,S77A,76,local8A,273,274,4,5,0,0,1,1,0,2,9
1GUA,S77T,76,local8A,273,274,4,5,0,0,1,1,0,2,9
1GUA,T68A,76,local8A,273,276,4,7,0,0,1,1,0,2,11
1GUA,V128A,76,local8A,273,275,4,6,0,0,1,1,0,2,10
1GUA,V60A,76,local8A,273,273,12,12,0,0,2,1,0,3,24
1GUA,V69A,76,local8A,273,274,5,6,0,0,1,1,0,2,11
1GUA,V70A,76,local8A,273,274,4,5,0,0,1,0,0,1,9
1GUA,V72A,76,local8A,273,271,6,4,0,0,1,1,0,2,10
1GUA,V72I,76,local8A,273,271,6,4,0,0,1,1,0,2,10
1GUA,V98A,76,local8A,273,274,3,4,0,0,2,1,0,3,7
1H0X,P18A,89,local8A,325,325,8,8,0,0,1,2,0,3,16
1H0X,P62A,89,local8A,325,327,4,6,0,0,1,2,0,3,10
1HCQ,C67A,74,local8A,277,262,24,9,0,0,9,4,0,13,33
1HCQ,C67S,74,local8A,277,260,25,8,0,0,9,4,0,13,33
1IOJ,G15A,57,local8A,136,142,7,13,0,0,1,3,0,4,20
1IV7,A173C,96,local8A,343,343,12,12,0,0,4,3,0,7,24
1IV7,F189C,96,local8A,343,346,9,12,0,0,4,3,0,7,21
1IV7,L162C,96,local8A,343,340,11,8,0,0,4,3,0,7,19
1IV9,S76Y,96,local8A,337,344,5,12,0,0,7,5,0,12,17
1J8I,K25A,93,local8A,271,273,10,12,0,0,2,1,0,3,22
1J8I,K66A,93,local8A,271,269,10,8,0,0,2,1,0,3,18
1J8I,R23A,93,local8A,271,273,7,9,0,0,2,1,0,3,16
1J8I,R35A,93,local8A,271,270,9,8,0,0,2,1,0,3,17
1J8I,R43A,93,local8A,271,272,7,8,0,0,2,1,0,3,15
1J8I,R9A,93,local8A,271,274,6,9,0,0,2,1,0,3,15
1JL9,A25C,42,local8A,120,125,1,6,0,0,1,0,0,1,7
1L6H,F39A,69,local8A,335,334,20,19,0,0,3,5,0,8,39
1L6H,Y45A,69,local8A,335,335,15,15,0,0,3,5,0,8,30
1L6H,Y48A,69,local8A,335,329,17,11,0,0,3,5,0,8,28
1N88,F21A,96,local8A,386,373,29,16,0,0,10,7,0,17,45
1N88,I39A,96,local8A,386,381,20,15,0,0,10,7,0,17,35
1N88,I80A,96,local8A,386,375,26,15,0,0,10,7,0,17,41
1N88,I89A,96,local8A,386,380,23,17,0,0,10,7,0,17,40
1N88,I8V,96,local8A,386,371,31,16,0,0,10,7,0,17,47
1N88,L13A,96,local8A,386,377,24,15,0,0,10,7,0,17,39
1N88,L57A,96,local8A,386,374,24,12,0,0,10,7,0,17,36
1N88,V12A,96,local8A,386,377,28,19,0,0,10,7,0,17,47
1N88,V30A,96,local8A,386,369,34,17,0,0,10,7,0,17,51
1N88,V43A,96,local8A,386,376,24,14,0,0,10,7,0,17,38
1N88,V49A,96,local8A,386,372,25,11,0,0,10,7,0,17,36
1N88,V51A,96,local8A,386,373,24,11,0,0,10,7,0,17,35
1N88,V54A,96,local8A,386,381,21,16,0,0,10,7,0,17,37
1N88,V81A,96,local8A,386,374,27,15,0,0,10,7,0,17,42
1N88,V83A,96,local8A,386,377,21,12,0,0,10,7,0,17,33
1N88,Y18A,96,local8A,386,378,20,12,0,0,10,7,0,17,32
1N88,Y26A,96,local8A,386,376,31,21,0,0,10,7,0,17,52
1O6X,A31G,81,local8A,291,291,6,6,0,0,2,1,0,3,12
1O6X,A50G,81,local8A,291,284,14,7,0,0,4,1,0,5,21
1O6X,D38A,81,local8A,291,290,8,7,0,0,2,0,0,2,15
1O6X,E14A,81,local8A,291,299,4,12,0,0,2,0,0,2,16
1O6X,E20G,81,local8A,291,294,5,8,0,0,2,2,0,4,13
1O6X,F39L,81,local8A,291,287,11,7,0,0,2,0,0,2,18
1O6X,F65A,81,local8A,291,287,8,4,0,0,2,0,0,2,12
1O6X,H51A,81,local8A,291,290,10,9,0,0,2,0,0,2,19
1O6X,I15V,81,local8A,291,293,7,9,0,0,2,0,0,2,16
1O6X,I71V,81,local8A,291,286,13,8,0,0,2,0,0,2,21
1O6X,I75A,81,local8A,291,292,11,12,0,0,2,0,0,2,23
1O6X,K41A,81,local8A,291,286,11,6,0,0,2,0,0,2,17
1O6X,L26V,81,local8A,291,279,20,8,0,0,2,0,0,2,28
1O6X,N58A,81,local8A,291,294,4,7,0,0,2,0,0,2,11
1O6X,Q60G,81,local8A,291,293,6,8,0,0,3,0,0,3,14
1O6X,V12A,81,local8A,291,290,12,11,0,0,2,0,0,2,23
1O6X,V52A,81,local8A,291,289,10,8,0,0,2,0,0,2,18
1O6X,V64G,81,local8A,291,291,8,8,0,0,2,0,0,2,16
1O6X,Y73L,81,local8A,291,291,7,7,0,0,2,0,0,2,14
1R6R,I88N,80,local8A,261,259,10,8,0,0,3,3,0,6,18
1R6R,L50S,80,local8A,261,254,16,9,0,0,3,3,0,6,25
1R6R,L54S,80,local8A,261,264,9,12,0,0,3,3,0,6,21
1R6R,L81N,80,local8A,261,255,14,8,0,0,3,3,0,6,22
2BJD,V84D,90,local8A,374,378,6,10,0,0,3,2,0,5,16
2BJD,V84P,90,local8A,374,376,6,8,0,0,3,2,0,5,14
2BJD,Y86E,90,local8A,374,376,6,8,0,0,3,2,0,5,14
2C9Q,Y79F,102,local8A,418,417,10,9,0,0,0,3,0,3,19
2C9Q,Y79W,102,local8A,418,418,11,11,0,0,0,3,0,3,22
2CLR,H13F,100,local8A,352,342,16,6,0,0,7,4,0,11,22
2CLR,H31F,100,local8A,352,350,10,8,0,0,7,4,0,11,18
2CLR,H51F,100,local8A,352,350,8,6,0,0,7,4,0,11,14
2CLR,H84A,100,local8A,352,351,11,10,0,0,7,4,0,11,21
2DVV,Q443H,112,local8A,419,410,16,7,0,0,1,2,0,3,23
2DVV,R419W,112,local8A,419,409,16,6,0,0,1,2,0,3,22
2HBB,A22G,51,local8A,175,172,10,7,0,0,1,3,0,4,17
2HBB,A26G,51,local8A,175,179,6,10,0,0,2,2,0,4,16
2HBB,A36G,51,local8A,175,176,6,7,0,0,3,1,0,4,13
2HBB,A39G,51,local8A,175,176,5,6,0,0,2,2,0,4,11
2HBB,A42G,51,local8A,175,179,4,8,0,0,1,1,0,2,12
2HBB,A46G,51,local8A,175,181,2,8,0,0,1,1,0,2,10
2HBB,A49G,51,local8A,175,180,2,7,0,0,1,1,0,2,9
2HBB,D23A,51,local8A,175,177,4,6,0,0,1,1,0,2,10
2HBB,D23N,51,local8A,175,181,1,7,0,0,1,1,0,2,8
2HBB,D8A,51,local8A,175,181,1,7,0,0,1,1,0,2,8
2HBB,D8N,51,local8A,175,181,3,9,0,0,1,1,0,2,12
2HBB,E17A,51,local8A,175,180,3,8,0,0,1,1,0,2,11
2HBB,E17Q,51,local8A,175,179,3,7,0,0,1,1,0,2,10
2HBB,E38A,51,local8A,175,176,7,8,0,0,1,1,0,2,15
2HBB,E38Q,51,local8A,175,173,9,7,0,0,1,1,0,2,16
2HBB,E48Q,51,local8A,175,177,4,6,0,0,1,1,0,2,10
2HBB,F31A,51,local8A,175,179,4,8,0,0,1,1,0,2,12
2HBB,F5L,51,local8A,175,181,3,9,0,0,1,1,0,2,12
2HBB,G24A,51,local8A,175,179,3,7,0,0,2,1,0,3,10
2HBB,G34A,51,local8A,175,174,8,7,0,0,4,1,0,5,15
2HBB,I18A,51,local8A,175,180,5,10,0,0,1,1,0,2,15
2HBB,I18V,51,local8A,175,177,6,8,0,0,1,1,0,2,14
2HBB,I37A,51,local8A,175,175,7,7,0,0,1,1,0,2,14
2HBB,I37V,51,local8A,175,175,7,7,0,0,1,1,0,2,14
2HBB,I4V,51,local8A,175,178,3,6,0,0,1,1,0,2,9
2HBB,K10E,51,local8A,175,180,0,5,0,0,1,1,0,2,5
2HBB,K10M,51,local8A,175,180,0,5,0,0,1,1,0,2,5
2HBB,K12A,51,local8A,175,179,3,7,0,0,1,1,0,2,10
2HBB,K12G,51,local8A,175,178,3,6,0,0,4,1,0,5,9
2HBB,K12M,51,local8A,175,180,2,7,0,0,1,1,0,2,9
2HBB,K14A,51,local8A,175,184,2,11,0,0,1,1,0,2,13
2HBB,K14G,51,local8A,175,185,2,12,0,0,1,3,0,4,14
2HBB,K14M,51,local8A,175,181,2,8,0,0,1,1,0,2,10
2HBB,K15G,51,local8A,175,183,2,10,0,0,1,2,0,3,12
2HBB,K15M,51,local8A,175,179,2,6,0,0,1,1,0,2,8
2HBB,K7M,51,local8A,175,181,1,7,0,0,1,1,0,2,8
2HBB,L30A,51,local8A,175,176,6,7,0,0,1,1,0,2,13
2HBB,L35A,51,local8A,175,180,1,6,0,0,1,1,0,2,7
2HBB,L44A,51,local8A,175,183,2,10,0,0,1,1,0,2,12
2HBB,L47A,51,local8A,175,177,4,6,0,0,1,1,0,2,10
2HBB,L6A,51,local8A,175,180,2,7,0,0,1,1,0,2,9
2HBB,M1A,51,local8A,175,178,4,7,0,0,1,1,0,2,11
2HBB,T40S,51,local8A,175,176,5,6,0,0,1,1,0,2,11
2HBB,V21A,51,local8A,175,178,5,8,0,0,1,1,0,2,13
2HBB,V3A,51,local8A,175,169,12,6,0,0,1,1,0,2,18
2HBB,V9A,51,local8A,175,179,2,6,0,0,1,1,0,2,8
2JUC,C57D,55,local8A,194,197,11,14,0,0,0,2,0,2,25
2JUC,C57S,55,local8A,194,198,11,15,0,0,0,2,0,2,26
2JUC,R18A,55,local8A,194,197,8,11,0,0,0,2,0,2,19
2KJ3,D288A,79,local8A,254,259,6,11,0,0,2,1,0,3,17
2KJ3,E272A,79,local8A,254,258,7,11,0,0,2,1,0,3,18
2KJ3,G278A,79,local8A,254,260,7,13,0,0,3,1,0,4,20
2KJ3,K229A,79,local8A,254,261,9,16,0,0,2,1,0,3,25
2KJ3,L241A,79,local8A,254,263,2,11,0,0,2,1,0,3,13
2KJ3,S273A,79,local8A,254,258,9,13,0,0,2,1,0,3,22
2KJ3,V239A,79,local8A,254,262,4,12,0,0,2,1,0,3,16
2KJ3,V264A,79,local8A,254,261,6,13,0,0,2,1,0,3,19
2KJ3,V267A,79,local8A,254,257,10,13,0,0,2,1,0,3,23
2MPC,A89T,90,local8A,333,333,2,2,0,0,0,0,0,0,4
2MPC,R42A,90,local8A,333,336,3,6,0,0,0,0,0,0,9
2MPC,R42W,90,local8A,333,335,4,6,0,0,0,0,0,0,10
2N7Z,P88A,106,local8A,375,376,15,16,0,0,1,0,0,1,31
2OUO,A420D,111,local8A,417,405,23,11,0,0,4,0,0,4,34
2PTL,A22G,78,local8A,267,266,13,12,0,0,2,6,0,8,25
2PTL,A27P,78,local8A,267,267,6,6,0,0,0,6,0,6,12
2PTL,A27V,78,local8A,267,264,7,4,0,0,0,6,0,6,11
2PTL,A34G,78,local8A,267,265,11,9,0,0,1,6,0,7,20
2PTL,A34V,78,local8A,267,264,15,12,0,0,0,6,0,6,27
2PTL,A43G,78,local8A,267,259,17,9,0,0,2,6,0,8,26
2PTL,A47G,78,local8A,267,265,11,9,0,0,1,6,0,7,20
2PTL,A49G,78,local8A,267,265,7,5,0,0,0,6,0,6,12
2PTL,A51G,78,local8A,267,263,8,4,0,0,0,6,0,6,12
2PTL,A66G,78,local8A,267,266,6,5,0,0,0,8,0,8,11
2PTL,D52A,78,local8A,267,265,10,8,0,0,0,6,0,6,18
2PTL,D52G,78,local8A,267,267,10,10,0,0,0,6,0,6,20
2PTL,D64A,78,local8A,267,268,9,10,0,0,0,6,0,6,19
2PTL,E35A,78,local8A,267,267,9,9,0,0,0,6,0,6,18
2PTL,E46G,78,local8A,267,261,13,7,0,0,0,6,0,6,20
2PTL,E46I,78,local8A,267,260,13,6,0,0,0,6,0,6,19
2PTL,E60A,78,local8A,267,268,8,9,0,0,0,6,0,6,17
2PTL,F26A,78,local8A,267,267,7,7,0,0,0,6,0,6,14
2PTL,F26L,78,local8A,267,266,6,5,0,0,0,6,0,6,11
2PTL,F36A,78,local8A,267,270,6,9,0,0,0,6,0,6,15
2PTL,F36L,78,local8A,267,267,6,6,0,0,0,6,0,6,12
2PTL,F40G,78,local8A,267,264,11,8,0,0,0,6,0,6,19
2PTL,F40L,78,local8A,267,263,10,6,0,0,0,6,0,6,16
2PTL,F76L,78,local8A,267,266,6,5,0,0,0,6,0,6,11
2PTL,F76V,78,local8A,267,268,5,6,0,0,0,6,0,6,11
2PTL,G29A,78,local8A,267,267,5,5,0,0,0,6,0,6,10
2PTL,G29V,78,local8A,267,267,5,5,0,0,0,6,0,6,10
2PTL,G38A,78,local8A,267,267,8,8,0,0,2,6,0,8,16
2PTL,G59A,78,local8A,267,265,11,9,0,0,1,6,0,7,20
2PTL,G69A,78,local8A,267,257,17,7,0,0,2,6,0,8,24
2PTL,I20A,78,local8A,267,259,18,10,0,0,0,6,0,6,28
2PTL,I20V,78,local8A,267,257,20,10,0,0,0,6,0,6,30
2PTL,I25A,78,local8A,267,261,11,5,0,0,0,6,0,6,16
2PTL,I25V,78,local8A,267,260,11,4,0,0,0,6,0,6,15
2PTL,I74A,78,local8A,267,263,12,8,0,0,0,6,0,6,20
2PTL,I74V,78,local8A,267,263,11,7,0,0,0,6,0,6,18
2PTL,K21A,78,local8A,267,268,13,14,0,0,0,6,0,6,27
2PTL,K37A,78,local8A,267,263,13,9,0,0,0,6,0,6,22
2PTL,K42G,78,local8A,267,268,7,8,0,0,1,7,0,8,15
2PTL,K55A,78,local8A,267,273,6,12,0,0,0,6,0,6,18
2PTL,K56A,78,local8A,267,269,8,10,0,0,0,6,0,6,18
2PTL,K68A,78,local8A,267,266,5,4,0,0,0,7,0,7,9
2PTL,K75A,78,local8A,267,267,6,6,0,0,0,6,0,6,12
2PTL,L24A,78,local8A,267,260,14,7,0,0,0,6,0,6,21
2PTL,L54A,78,local8A,267,270,8,11,0,0,0,6,0,6,19
2PTL,L72A,78,local8A,267,267,9,9,0,0,0,6,0,6,18
2PTL,N23A,78,local8A,267,261,11,5,0,0,0,6,0,6,16
2PTL,N28A,78,local8A,267,267,4,4,0,0,0,6,0,6,8
2PTL,N58A,78,local8A,267,267,9,9,0,0,0,6,0,6,18
2PTL,N73A,78,local8A,267,267,11,11,0,0,0,6,0,6,22
2PTL,S30A,78,local8A,267,268,6,7,0,0,0,6,0,6,13
2PTL,S45A,78,local8A,267,263,9,5,0,0,0,6,0,6,14
2PTL,S45G,78,local8A,267,264,9,6,0,0,0,6,0,6,15
2PTL,T19A,78,local8A,267,264,9,6,0,0,0,6,0,6,15
2PTL,T31A,78,local8A,267,265,9,7,0,0,0,6,0,6,16
2PTL,T33A,78,local8A,267,260,16,9,0,0,0,6,0,6,25
2PTL,T39A,78,local8A,267,258,17,8,0,0,0,6,0,6,25
2PTL,T44A,78,local8A,267,253,26,12,0,0,0,6,0,6,38
2PTL,T53G,78,local8A,267,266,7,6,0,0,0,6,0,6,13
2PTL,T62A,78,local8A,267,266,8,7,0,0,0,7,0,7,15
2PTL,T71A,78,local8A,267,258,14,5,0,0,0,5,0,5,19
2PTL,V18A,78,local8A,267,261,15,9,0,0,0,6,0,6,24
2PTL,V63A,78,local8A,267,263,8,4,0,0,0,6,0,6,12
2PTL,V65A,78,local8A,267,269,6,8,0,0,0,6,0,6,14
2PTL,Y48A,78,local8A,267,271,5,9,0,0,0,6,0,6,14
2PTL,Y50A,78,local8A,267,268,5,6,0,0,0,6,0,6,11
2PTL,Y70A,78,local8A,267,265,8,6,0,0,0,6,0,6,14
2PTL,Y70L,78,local8A,267,267,6,6,0,0,0,6,0,6,12
2RPN,E7L,59,local8A,243,238,11,6,0,0,2,1,0,3,17
2RPN,V21K,59,local8A,243,233,13,3,0,0,2,1,0,3,16
2WQG,D15A,51,local8A,167,168,1,2,0,0,0,1,0,1,3
2WQG,D38A,51,local8A,167,171,6,10,0,0,0,1,0,1,16
2WQG,D39A,51,local8A,167,170,6,9,0,0,0,1,0,1,15
2WQG,D39N,51,local8A,167,169,5,7,0,0,0,1,0,1,12
2WQG,E40Q,51,local8A,167,170,5,8,0,0,0,1,0,1,13
2WQG,E41G,51,local8A,167,169,7,9,0,0,0,1,0,1,16
2WQG,I36A,51,local8A,167,165,5,3,0,0,0,1,0,1,8
2WQG,I36V,51,local8A,167,165,5,3,0,0,0,1,0,1,8
2WQG,K14A,51,local8A,167,169,1,3,0,0,0,1,0,1,4
2WQG,K14G,51,local8A,167,170,1,4,0,0,1,1,0,2,5
2WQG,K19A,51,local8A,167,167,4,4,0,0,0,1,0,1,8
2WQG,K28A,51,local8A,167,162,6,1,0,0,0,1,0,1,7
2WQG,L13A,51,local8A,167,170,2,5,0,0,0,1,0,1,7
2WQG,L16A,51,local8A,167,166,2,1,0,0,0,1,0,1,3
2WQG,L8A,51,local8A,167,168,1,2,0,0,0,1,0,1,3
2WQG,Q12A,51,local8A,167,169,1,3,0,0,0,1,0,1,4
2WQG,Q12G,51,local8A,167,168,2,3,0,0,1,2,0,3,5
2WQG,Q33A,51,local8A,167,164,8,5,0,0,0,1,0,1,13
2WQG,R34A,51,local8A,167,167,5,5,0,0,0,1,0,1,10
2WQG,S23A,51,local8A,167,168,2,3,0,0,0,1,0,1,5
2WQG,S6A,51,local8A,167,169,1,3,0,0,0,1,0,1,4
2WQG,S6G,51,local8A,167,169,1,3,0,0,0,2,0,2,4
2WQG,T9S,51,local8A,167,168,0,1,0,0,0,1,0,1,1
2WQG,V10A,51,local8A,167,170,0,3,0,0,0,1,0,1,3
2WQG,V10G,51,local8A,167,170,1,4,0,0,0,2,0,2,5
2WQG,V11A,51,local8A,167,170,0,3,0,0,0,1,0,1,3
2WQG,V11G,51,local8A,167,171,0,4,0,0,0,1,0,1,4
2WQG,V24A,51,local8A,167,166,3,2,0,0,0,1,0,1,5
2WQG,Y5F,51,local8A,167,167,1,1,0,0,0,1,0,1,2
2ZTA,E11Q,31,local8A,69,74,3,8,0,0,0,0,0,0,11
2ZTA,E20Q,31,local8A,69,68,4,3,0,0,0,0,0,0,7
2ZTA,E22Q,31,local8A,69,68,5,4,0,0,0,0,0,0,9
2ZTA,K15A,31,local8A,69,72,5,8,0,0,0,0,0,0,13
2ZTA,K27A,31,local8A,69,73,1,5,0,0,0,0,0,0,6
2ZTA,K28A,31,local8A,69,74,1,6,0,0,0,0,0,0,7
2ZTA,K8A,31,local8A,69,74,2,7,0,0,0,0,0,0,9
2ZTA,R25A,31,local8A,69,74,2,7,0,0,0,0,0,0,9
3BN0,I20V,95,local8A,327,322,13,8,0,0,6,0,0,6,21
3C2I,F155S,72,local8A,226,228,8,10,0,0,1,1,0,2,18
3C2I,T158A,72,local8A,226,225,6,5,0,0,1,1,0,2,11
3C2I,T158M,72,local8A,226,223,7,4,0,0,1,1,0,2,11
3FIS,P61A,73,local8A,230,229,6,5,0,0,2,1,0,3,11
3G1G,D155Y,77,local8A,293,284,14,5,0,0,4,0,0,4,19
3G1G,F167Y,77,local8A,293,287,12,6,0,0,4,0,0,4,18
3G1G,I190V,77,local8A,293,290,10,7,0,0,4,0,0,4,17
3G1G,R185W,77,local8A,293,288,11,6,0,0,4,0,0,4,17
3MON,R39G,50,local8A,137,145,3,11,0,0,1,0,0,1,14
3MON,W3C,50,local8A,137,145,1,9,0,0,2,1,0,3,10
3O39,L32P,96,local8A,296,281,31,16,0,0,0,1,0,1,47
3S92,H395R,110,local8A,413,408,11,6,0,0,4,2,0,6,17
4N6V,H75W,91,local8A,338,335,15,12,0,0,4,2,0,6,27
4N6V,P36G,91,local8A,338,341,11,14,0,0,5,3,0,8,25
4N6V,P79S,91,local8A,338,341,12,15,0,0,4,2,0,6,27
4YEE,V134T,82,local8A,299,293,13,7,0,0,1,2,0,3,20
4YEF,T134V,80,local8A,283,282,10,9,0,0,3,1,0,4,19
5JXB,D329G,117,local8A,479,469,16,6,0,0,1,1,0,2,22
5JXB,D329P,117,local8A,479,470,17,8,0,0,1,0,0,1,25
1A0F,S11A,120,local8A,423,421,12,10,0,0,2,2,0,4,22
1A7V,A104H,120,local8A,495,492,8,5,0,0,1,2,0,3,13
1A7V,A66H,120,local8A,495,492,8,5,0,0,1,2,0,3,13
1A7V,A91H,120,local8A,495,490,11,6,0,0,1,2,0,3,17
1A7V,D3H,120,local8A,495,489,11,5,0,0,1,2,0,3,16
1A7V,D58H,120,local8A,495,494,13,12,0,0,1,2,0,3,25
1A7V,E73H,120,local8A,495,490,12,7,0,0,1,2,0,3,19
1A7V,K13H,120,local8A,495,493,7,5,0,0,1,2,0,3,12
1A7V,K20H,120,local8A,495,491,10,6,0,0,1,2,0,3,16
1A7V,K31H,120,local8A,495,495,7,7,0,0,1,2,0,3,14
1A7V,K39H,120,local8A,495,493,8,6,0,0,1,2,0,3,14
1A7V,K49H,120,local8A,495,494,8,7,0,0,1,2,0,3,15
1A7V,K84H,120,local8A,495,494,6,5,0,0,1,2,0,3,11
1A7V,K97H,120,local8A,495,492,9,6,0,0,1,2,0,3,15
1BNL,D76A,120,local8A,422,416,10,4,0,0,6,4,0,10,14
1DIV,D23A,120,local8A,392,385,13,6,0,0,3,3,0,6,19
1DIV,D23N,120,local8A,392,384,13,5,0,0,3,3,0,6,18
1DIV,D8N,120,local8A,392,387,7,2,0,0,3,3,0,6,9
1DIV,E100A,120,local8A,392,382,12,2,0,0,3,3,0,6,14
1DIV,E100G,120,local8A,392,384,12,4,0,0,3,3,0,6,16
1DIV,E17Q,120,local8A,392,388,9,5,0,0,3,3,0,6,14
1DIV,E38Q,120,local8A,392,383,13,4,0,0,3,3,0,6,17
1DIV,E48Q,120,local8A,392,381,14,3,0,0,3,3,0,6,17
1DIV,E54Q,120,local8A,392,385,13,6,0,0,3,3,0,6,19
1DIV,H106Q,120,local8A,392,385,11,4,0,0,3,3,0,6,15
1DIV,I115A,120,local8A,392,387,9,4,0,0,3,3,0,6,13
1DIV,I4A,120,local8A,392,391,9,8,0,0,3,3,0,6,17
1DIV,I4V,120,local8A,392,391,9,8,0,0,3,3,0,6,17
1DIV,I79A,120,local8A,392,383,12,3,0,0,3,3,0,6,15
1DIV,I93A,120,local8A,392,386,10,4,0,0,3,3,0,6,14
1DIV,I98A,120,local8A,392,384,12,4,0,0,3,3,0,6,16
1DIV,K10M,120,local8A,392,387,8,3,0,0,3,3,0,6,11
1DIV,K14M,120,local8A,392,385,12,5,0,0,3,3,0,6,17
1DIV,K15M,120,local8A,392,386,12,6,0,0,3,3,0,6,18
1DIV,K7M,120,local8A,392,389,8,5,0,0,3,3,0,6,13
1DIV,K96A,120,local8A,392,387,9,4,0,0,3,3,0,6,13
1DIV,K96G,120,local8A,392,388,9,5,0,0,3,4,0,7,14
1DIV,L102A,120,local8A,392,386,10,4,0,0,3,3,0,6,14
1DIV,L108A,120,local8A,392,389,8,5,0,0,3,3,0,6,13
1DIV,L110A,120,local8A,392,386,9,3,0,0,3,3,0,6,12
1DIV,L117A,120,local8A,392,386,8,2,0,0,3,3,0,6,10
1DIV,L30A,120,local8A,392,384,14,6,0,0,3,3,0,6,20
1DIV,L30V,120,local8A,392,384,14,6,0,0,2,4,0,6,20
1DIV,L6A,120,local8A,392,390,8,6,0,0,3,3,0,6,14
1DIV,L6I,120,local8A,392,388,8,4,0,0,3,3,0,6,12
1DIV,L6V,120,local8A,392,389,8,5,0,0,3,3,0,6,13
1DIV,L72A,120,local8A,392,387,10,5,0,0,3,3,0,6,15
1DIV,M1A,120,local8A,392,386,10,4,0,0,3,3,0,6,14
1DIV,M1G,120,local8A,392,385,12,5,0,0,5,3,0,8,17
1DIV,V21A,120,local8A,392,387,12,7,0,0,3,3,0,6,19
1DIV,V21I,120,local8A,392,385,14,7,0,0,3,3,0,6,21
1DIV,V21L,120,local8A,392,384,15,7,0,0,3,3,0,6,22
1DIV,V3A,120,local8A,392,386,13,7,0,0,3,3,0,6,20
1DIV,V3I,120,local8A,392,385,14,7,0,0,3,3,0,6,21
1DIV,V3L,120,local8A,392,385,14,7,0,0,3,3,0,6,21
1DXX,K18N,120,local8A,459,450,20,11,0,0,4,7,0,11,31
1FH5,S18N,120,local8A,456,457,11,12,0,0,6,2,0,8,23
1FT8,L212V,120,local8A,415,412,11,8,0,0,2,2,0,4,19
1FT8,L238I,120,local8A,415,412,11,8,0,0,2,2,0,4,19
1FT8,M216L,120,local8A,415,412,14,11,0,0,2,2,0,4,25
1GWY,A8D,120,local8A,504,504,6,6,0,0,4,3,0,7,12
1ITM,C24T,120,local8A,461,458,17,14,0,0,1,4,0,5,31
1ITM,C3T,120,local8A,461,460,9,8,0,0,1,4,0,5,17
1ITM,W91S,120,local8A,461,459,12,10,0,0,1,4,0,5,22
1JLV,E64D,120,local8A,427,421,16,10,0,0,6,1,0,7,26
1JLV,E64N,120,local8A,427,421,16,10,0,0,6,1,0,7,26
1JLV,E64Q,120,local8A,427,421,14,8,0,0,6,1,0,7,22
1LVM,E106G,120,local8A,381,383,9,11,0,0,4,3,0,7,20
1LVM,K45F,120,local8A,381,382,12,13,0,0,4,2,0,6,25
1LVM,L56V,120,local8A,381,380,13,12,0,0,4,2,0,6,25
1LVM,Q58F,120,local8A,381,383,9,11,0,0,4,2,0,6,20
1N18,E100G,120,local8A,484,486,8,10,0,0,1,6,0,7,18
1N18,G85R,120,local8A,484,482,12,10,0,0,2,7,0,9,22
1N18,H46R,120,local8A,484,479,9,4,0,0,1,5,0,6,13
1O1U,E110A,120,local8A,462,460,14,12,0,0,3,3,0,6,26
1O1U,N61A,120,local8A,462,462,12,12,0,0,3,3,0,6,24
1O1U,Q51A,120,local8A,462,465,9,12,0,0,3,3,0,6,21
1O1U,Q99A,120,local8A,462,463,11,12,0,0,3,3,0,6,23
1O1U,T38A,120,local8A,462,458,12,8,0,0,3,3,0,6,20
1O1U,W49Y,120,local8A,462,461,10,9,0,0,3,3,0,6,19
1OSI,I11V,120,local8A,469,469,7,7,0,0,5,2,0,7,14
1OSI,S92F,120,local8A,469,464,13,8,0,0,5,2,0,7,21
1OSI,V15I,120,local8A,469,468,8,7,0,0,5,2,0,7,15
1PFL,A20T,120,local8A,523,519,18,14,0,0,11,3,0,14,32
1PFL,G117V,120,local8A,523,512,20,9,0,0,13,3,0,16,29
1PFL,M113T,120,local8A,523,525,22,24,0,0,10,3,0,13,46
1PFL,T108M,120,local8A,523,517,17,11,0,0,11,3,0,14,28
1PRG,Q286P,120,local8A,363,360,11,8,0,0,1,1,0,2,19
1PRG,R288H,120,local8A,363,361,8,6,0,0,1,1,0,2,14
1PRG,V290M,120,local8A,363,357,12,6,0,0,1,1,0,2,18
1SPD,C111S,120,local8A,463,474,18,29,0,0,12,14,0,26,47
1SPD,C6A,120,local8A,463,475,14,26,0,0,12,14,0,26,40
1XWS,E124Q,120,local8A,408,414,4,10,0,0,1,2,0,3,14
1XWS,E135K,120,local8A,408,412,6,10,0,0,1,2,0,3,16
1XWS,E142D,120,local8A,408,414,4,10,0,0,1,2,0,3,14
1XWS,Y53H,120,local8A,408,416,5,13,0,0,1,2,0,3,18
1XXN,N32D,120,local8A,402,402,10,10,0,0,4,4,0,8,20
1XXN,N54E,120,local8A,402,403,9,10,0,0,4,4,0,8,19
1XXN,S22E,120,local8A,402,402,12,12,0,0,4,4,0,8,24
1XXN,S27E,120,local8A,402,402,11,11,0,0,4,4,0,8,22
1XZO,F42W,120,local8A,434,437,14,17,0,0,4,7,0,11,31
1XZO,W101F,120,local8A,434,440,15,21,0,0,4,7,0,11,36
1XZO,W36A,120,local8A,434,436,16,18,0,0,4,7,0,11,34
1XZO,W36F,120,local8A,434,435,15,16,0,0,4,7,0,11,31
2ARF,H1069Q,120,local8A,363,362,4,3,0,0,4,1,0,5,7
2H3F,E12A,120,local8A,430,430,5,5,0,0,1,1,0,2,10
2JIE,H104R,120,local8A,432,437,10,15,0,0,4,0,0,4,25
2JIE,Q22S,120,local8A,432,437,4,9,0,0,4,0,0,4,13
2JIE,S17A,120,local8A,432,433,5,6,0,0,4,0,0,4,11
2JIE,S19A,120,local8A,432,435,3,6,0,0,4,0,0,4,9
2JIE,T18A,120,local8A,432,432,5,5,0,0,4,0,0,4,10
2JIE,W123F,120,local8A,432,436,5,9,0,0,4,0,0,4,14
2JIE,W123H,120,local8A,432,436,5,9,0,0,4,0,0,4,14
2JIE,Y21A,120,local8A,432,436,9,13,0,0,4,0,0,4,22
2KS4,D9A,120,local8A,507,507,10,10,0,0,5,4,0,9,20
2KS4,E2A,120,local8A,507,515,10,18,0,0,5,4,0,9,28
2LTB,L558P,120,local8A,444,443,4,3,0,0,1,0,0,1,7
2LTB,L569R,120,local8A,444,445,8,9,0,0,1,0,0,1,17
2LTB,M619K,120,local8A,444,443,3,2,0,0,1,0,0,1,5
2LTB,R533Q,120,local8A,444,446,2,4,0,0,1,0,0,1,6
2LTB,R555Q,120,local8A,444,445,3,4,0,0,1,0,0,1,7
2LTB,R555W,120,local8A,444,443,6,5,0,0,1,0,0,1,11
2M5S,D302A,120,local8A,473,476,3,6,0,0,0,1,0,1,9
2M5S,H305A,120,local8A,473,477,3,7,0,0,0,1,0,1,10
2NTE,R658C,120,local8A,435,443,7,15,0,0,4,2,0,6,22
2PR5,A33Y,120,local8A,450,448,8,6,0,0,1,3,0,4,14
2PR5,A81M,120,local8A,450,447,8,5,0,0,1,3,0,4,13
2PR5,D109E,120,local8A,450,449,6,5,0,0,1,3,0,4,11
2PR5,H22K,120,local8A,450,443,12,5,0,0,1,3,0,4,17
2PR5,H22W,120,local8A,450,443,12,5,0,0,1,3,0,4,17
2PR5,M111F,120,local8A,450,445,10,5,0,0,1,3,0,4,15
2PR5,N107F,120,local8A,450,446,11,7,0,0,1,3,0,4,18
2PR5,N107Y,120,local8A,450,446,11,7,0,0,1,3,0,4,18
2PR5,N124F,120,local8A,450,447,8,5,0,0,1,3,0,4,13
2PR5,N124Y,120,local8A,450,447,8,5,0,0,1,3,0,4,13
2PR5,T30M,120,local8A,450,448,6,4,0,0,1,3,0,4,10
2PR5,T50M,120,local8A,450,452,6,8,0,0,1,3,0,4,14
2PR5,T54Y,120,local8A,450,446,9,5,0,0,1,3,0,4,14
2PR5,V120I,120,local8A,450,444,9,3,0,0,1,3,0,4,12
2PR5,V25I,120,local8A,450,447,7,4,0,0,1,3,0,4,11
2PR5,V88L,120,local8A,450,451,5,6,0,0,1,3,0,4,11
2PR5,V90I,120,local8A,450,451,6,7,0,0,1,3,0,4,13
2VY0,E53A,120,local8A,383,389,6,12,0,0,4,2,0,6,18
3BCI,E96Q,120,local8A,448,448,6,6,0,0,4,1,0,5,12
3D3B,D118A,120,local8A,476,470,14,8,0,0,3,3,0,6,22
3D3B,D118E,120,local8A,476,468,16,8,0,0,3,3,0,6,24
3D3B,D118K,120,local8A,476,468,16,8,0,0,3,3,0,6,24
3D3B,D118N,120,local8A,476,470,14,8,0,0,3,3,0,6,22
3D3B,D118R,120,local8A,476,468,16,8,0,0,3,3,0,6,24
3ECU,H46R,120,local8A,488,502,5,19,0,0,6,5,0,11,24
3S4M,D122Y,120,local8A,470,464,13,7,0,0,5,4,0,9,20
3S4M,G130V,120,local8A,470,465,14,9,0,0,7,5,0,12,23
3S4M,I154F,120,local8A,470,467,11,8,0,0,5,4,0,9,19
3S4M,W155R,120,local8A,470,468,9,7,0,0,5,4,0,9,16
4BJX,A89V,120,local8A,443,439,11,7,0,0,0,4,0,4,18
4BUQ,Y48A,120,local8A,442,451,6,15,0,0,4,2,0,6,21
4WAA,K65A,120,local8A,382,384,6,8,0,0,1,3,0,4,14
4WAA,K67A,120,local8A,382,380,8,6,0,0,1,3,0,4,14
4WAA,R27A,120,local8A,382,376,9,3,0,0,1,3,0,4,12
5VP3,R39K,120,local8A,410,413,9,12,0,0,0,1,0,1,21
1BA3,H461D,420,local8A,1753,1738,52,37,0,0,8,9,0,17,89
1BA3,H489D,420,local8A,1753,1736,51,34,0,0,8,9,0,17,85
1BA3,H489K,420,local8A,1753,1736,51,34,0,0,8,9,0,17,85
1BA3,H489M,420,local8A,1753,1736,51,34,0,0,8,9,0,17,85
1DIV,V129A,29,local8A,80,76,4,0,0,0,1,0,0,1,4
1F8I,F345A,307,local8A,1261,1258,16,13,0,0,10,3,0,13,29
1FT8,L349I,122,local8A,421,418,12,9,0,0,2,2,0,4,21
1LVM,S135G,109,local8A,361,361,9,9,0,0,4,2,0,6,18
1NM1,D187N,244,local8A,1031,1021,18,8,0,0,7,4,0,11,26
1NM1,D187Y,244,local8A,1031,1023,19,11,0,0,7,4,0,11,30
1PRE,C159S,329,local8A,1316,1307,45,36,0,0,15,17,0,32,81
1R2Y,R244E,153,local8A,664,647,28,11,0,0,2,5,0,7,39
1XXN,N181R,65,local8A,209,207,6,4,0,0,2,2,0,4,10
3D2A,M134E,59,local8A,211,208,4,1,0,0,0,1,0,1,5
3D2A,M137P,59,local8A,211,211,4,4,0,0,0,1,0,1,8
3D2A,S163P,59,local8A,211,206,9,4,0,0,0,1,0,1,13
5OAQ,Y429H,84,local8A,191,195,1,5,0,0,1,3,0,4,6
