atom_def,threshold,n,mean_broken,mean_formed,mean_edit,pct_any_change,median_edit
ca,6.0,342,0.0,0.0,0.0,0.0,0.0
ca,7.0,342,0.0,0.0,0.0,0.0,0.0
ca,8.0,342,0.0,0.0,0.0,0.0,0.0
ca,9.0,342,0.0,0.0,0.0,0.0,0.0
ca,10.0,342,0.0,0.0,0.0,0.0,0.0
cb,6.0,342,0.05555555555555555,0.09064327485380116,0.14619883040935672,9.35672514619883,0.0
cb,7.0,342,0.07309941520467836,0.10818713450292397,0.18128654970760233,9.35672514619883,0.0
cb,8.0,342,0.06725146198830409,0.0935672514619883,0.1608187134502924,9.649122807017543,0.0
cb,9.0,342,0.17543859649122806,0.17251461988304093,0.347953216374269,19.298245614035086,0.0
cb,10.0,342,0.13450292397660818,0.2222222222222222,0.3567251461988304,14.912280701754385,0.0
centroid,6.0,342,2.038011695906433,1.6432748538011697,3.681286549707602,91.22807017543859,3.0
centroid,7.0,342,2.1608187134502925,1.7982456140350878,3.9590643274853803,88.59649122807018,3.0
centroid,8.0,342,2.2134502923976607,2.2982456140350878,4.511695906432749,91.52046783625731,3.0
centroid,9.0,342,3.236842105263158,2.91812865497076,6.154970760233918,95.32163742690058,5.0
centroid,10.0,342,3.482456140350877,2.8421052631578947,6.324561403508772,97.36842105263158,5.0
allatom,6.0,342,1.6812865497076024,1.4532163742690059,3.134502923976608,78.3625730994152,2.0
allatom,7.0,342,2.5964912280701755,2.1228070175438596,4.719298245614035,86.54970760233918,4.0
allatom,8.0,342,2.757309941520468,2.2485380116959064,5.005847953216374,84.7953216374269,4.0
allatom,9.0,342,3.002923976608187,1.9912280701754386,4.994152046783626,85.96491228070175,3.5
allatom,10.0,342,2.891812865497076,2.0526315789473686,4.944444444444445,84.50292397660819,4.0
