atom_def,threshold,n_mutations,mean_wt_edges,mean_broken,mean_formed,mean_edit,pct_any_change,pct_gt5,median_edit
ca,6.0,505,237.76237623762376,0.033663366336633666,0.0,0.033663366336633666,3.3663366336633667,0.0,0.0
ca,7.0,505,341.35247524752475,0.0,0.0,0.0,0.0,0.0,0.0
ca,8.0,505,408.32079207920793,0.0,0.0,0.0,0.0,0.0,0.0
ca,9.0,505,523.3287128712872,0.0,0.009900990099009901,0.009900990099009901,0.9900990099009901,0.0,0.0
ca,10.0,505,682.9485148514851,0.009900990099009901,0.0,0.009900990099009901,0.9900990099009901,0.0,0.0
cb,6.0,505,191.9841584158416,0.12079207920792079,0.12673267326732673,0.24752475247524752,14.85148514851485,0.0,0.0
cb,7.0,505,290.6910891089109,0.10495049504950495,0.15247524752475247,0.25742574257425743,12.871287128712872,0.0,0.0
cb,8.0,505,405.7009900990099,0.09702970297029703,0.07524752475247524,0.17227722772277226,9.900990099009901,0.0,0.0
cb,9.0,505,505.42970297029706,0.15445544554455445,0.19207920792079208,0.3465346534653465,14.455445544554454,0.7920792079207921,0.0
cb,10.0,505,654.6811881188119,0.1782178217821782,0.19207920792079208,0.3702970297029703,13.663366336633665,0.9900990099009901,0.0
centroid,6.0,505,140.0891089108911,2.0772277227722773,1.8435643564356436,3.9207920792079207,91.0891089108911,22.772277227722775,3.0
centroid,7.0,505,236.28514851485147,2.1584158415841586,2.023762376237624,4.182178217821782,91.0891089108911,24.356435643564357,3.0
centroid,8.0,505,337.6554455445545,2.114851485148515,2.1564356435643566,4.2712871287128715,90.6930693069307,22.970297029702973,3.0
centroid,9.0,505,464.76237623762376,2.792079207920792,2.4752475247524752,5.267326732673268,93.06930693069307,34.85148514851485,4.0
centroid,10.0,505,614.2534653465347,3.502970297029703,3.0396039603960396,6.542574257425742,94.85148514851485,45.34653465346535,5.0
allatom,6.0,505,520.1782178217821,1.5742574257425743,0.9168316831683169,2.491089108910891,75.04950495049505,14.059405940594061,2.0
allatom,7.0,505,675.130693069307,2.4257425742574257,1.489108910891089,3.9148514851485148,80.0,26.33663366336634,3.0
allatom,8.0,505,881.5168316831683,2.869306930693069,1.6534653465346534,4.522772277227722,81.58415841584159,32.87128712871287,3.0
allatom,9.0,505,1058.6455445544555,2.766336633663366,1.6693069306930692,4.435643564356436,81.58415841584159,30.495049504950494,3.0
allatom,10.0,505,1250.0514851485148,2.603960396039604,1.7762376237623763,4.3801980198019805,80.3960396039604,28.910891089108908,3.0
