pdb_id,mut_info,ddg,score,model
1A0F,S11A,1.8,-4.5078125,esm2_650m
1A7V,A104H,2.69,-9.064453125,esm2_650m
1A7V,A66H,1.98,-2.01220703125,esm2_650m
1A7V,A91H,1.7,-7.34765625,esm2_650m
1A7V,D3H,1.36,-6.169921875,esm2_650m
1A7V,D58H,2.05,-10.150390625,esm2_650m
1A7V,E73H,3.01,-8.806640625,esm2_650m
1A7V,K13H,0.6,-5.10546875,esm2_650m
1A7V,K20H,2.88,-7.7041015625,esm2_650m
1A7V,K31H,1.36,-5.9609375,esm2_650m
1A7V,K39H,1.86,-7.1015625,esm2_650m
1A7V,K49H,2.02,-3.1962890625,esm2_650m
1A7V,K84H,2.88,-7.30126953125,esm2_650m
1A7V,K97H,1.97,-6.539794921875,esm2_650m
1BA3,H461D,1.745,-4.458984375,esm2_650m
1BA3,H489D,-0.287,0.08544921875,esm2_650m
1BA3,H489K,0.287,3.802734375,esm2_650m
1BA3,H489M,0.263,-3.462890625,esm2_650m
1BFM,M35W,0.7,-2.7587890625,esm2_650m
1BFM,M35Y,0.4,0.2822265625,esm2_650m
1BNL,D76A,0.821,-8.55615234375,esm2_650m
1D5G,H71Y,0.04,-5.4345703125,esm2_650m
1D5G,I20F,-0.91,-2.0390625,esm2_650m
1DIV,D23A,0.46,-3.0322265625,esm2_650m
1DIV,D23N,0.58,-2.330078125,esm2_650m
1DIV,D8N,0.3,-3.62890625,esm2_650m
1DIV,E100A,0.98,-3.361328125,esm2_650m
1DIV,E100G,1.52,-5.7861328125,esm2_650m
1DIV,E17Q,0.21,-2.720703125,esm2_650m
1DIV,E38Q,0.56,-0.39453125,esm2_650m
1DIV,E48Q,-0.03,-2.857421875,esm2_650m
1DIV,E54Q,-0.33,-0.8320313692092896,esm2_650m
1DIV,H106Q,1.53,-2.6953125,esm2_650m
1DIV,I115A,3.52,-5.961181640625,esm2_650m
1DIV,I4A,2.22,-7.958008289337158,esm2_650m
1DIV,I4V,0.59,-2.75390625,esm2_650m
1DIV,I79A,3.49,-6.64990234375,esm2_650m
1DIV,I93A,3.19,-7.65283203125,esm2_650m
1DIV,I98A,4.28,-6.619140625,esm2_650m
1DIV,K10M,-0.05,-4.4765625,esm2_650m
1DIV,K14M,-0.01,-5.9453125,esm2_650m
1DIV,K15M,0.31,-4.69677734375,esm2_650m
1DIV,K7M,-0.35,-5.6572265625,esm2_650m
1DIV,K96A,-0.61,0.484375,esm2_650m
1DIV,K96G,0.2,-2.03955078125,esm2_650m
1DIV,L102A,2.37,-2.39453125,esm2_650m
1DIV,L108A,2.33,-4.024658203125,esm2_650m
1DIV,L110A,3.21,-2.240234375,esm2_650m
1DIV,L117A,0.82,-2.480224609375,esm2_650m
1DIV,L30A,2.76,-9.57061767578125,esm2_650m
1DIV,L30V,3.62,-6.98046875,esm2_650m
1DIV,L6A,3.1,-4.50634765625,esm2_650m
1DIV,L6I,0.13,-1.349609375,esm2_650m
1DIV,L6V,0.41,-2.56640625,esm2_650m
1DIV,L72A,3.77,-4.2109375,esm2_650m
1DIV,M1A,1.46,-12.43359375,esm2_650m
1DIV,M1G,2.36,-12.9765625,esm2_650m
1DIV,V21A,2.33,-3.10546875,esm2_650m
1DIV,V21I,0.4,-3.4609375,esm2_650m
1DIV,V21L,1.23,-4.15625,esm2_650m
1DIV,V3A,2.55,-5.0,esm2_650m
1DIV,V3I,0.31,-2.4375,esm2_650m
1DIV,V3L,2.21,-4.498046875,esm2_650m
1DIV,V129A,1.81,-4.8173828125,esm2_650m
1DXX,K18N,3.7,-4.81591796875,esm2_650m
1EKG,L198C,1.0,-5.0224609375,esm2_650m
1EKG,L200C,2.0,-5.24609375,esm2_650m
1EKG,L203C,-1.0,-3.302734375,esm2_650m
1EKG,S181F,2.6,-4.095703125,esm2_650m
1F8I,F345A,0.455,-11.4375,esm2_650m
1FH5,S18N,-0.6,-3.55029296875,esm2_650m
1FRD,H42R,-4.0,3.77197265625,esm2_650m
1FT8,L212V,1.38,-0.59033203125,esm2_650m
1FT8,L238I,0.35,-0.316162109375,esm2_650m
1FT8,M216L,-0.27,1.267577886581421,esm2_650m
1FT8,L349I,-0.05,-0.5673828125,esm2_650m
1FXA,E94D,1.1,-3.365234375,esm2_650m
1FXA,E94K,0.4,-6.164794921875,esm2_650m
1FXA,E94Q,-0.6,-4.4150390625,esm2_650m
1FXA,E95K,-1.0,-2.025390625,esm2_650m
1FXA,F65A,1.0,-1.3007811307907104,esm2_650m
1FXA,F65I,0.9,0.4794921875,esm2_650m
1FXA,F65W,0.6,-3.2646484375,esm2_650m
1FXA,F65Y,0.5,-1.6286009550094604,esm2_650m
1FXA,R42A,2.4,-7.263671875,esm2_650m
1FXA,R42H,1.4,-4.6630859375,esm2_650m
1FXA,T48A,-0.1,-0.06445318460464478,esm2_650m
1G3P,N138G,-0.765,-0.1708984375,esm2_650m
1GLU,C500A,1.22,-5.908203125,esm2_650m
1GUA,A118G,1.963,-1.451171875,esm2_650m
1GUA,A118L,1.951,-3.28515625,esm2_650m
1GUA,A85G,2.149,-6.3720703125,esm2_650m
1GUA,A97G,0.863,-3.45458984375,esm2_650m
1GUA,C81A,-0.283,-0.28125,esm2_650m
1GUA,C81I,0.912,-3.041259527206421,esm2_650m
1GUA,C95A,0.08,-2.603515625,esm2_650m
1GUA,C96A,1.759,-7.36474609375,esm2_650m
1GUA,C96L,0.043,-8.45166015625,esm2_650m
1GUA,C96M,0.337,-8.66064453125,esm2_650m
1GUA,D117A,0.706,-3.524658203125,esm2_650m
1GUA,D129A,0.855,-1.45556640625,esm2_650m
1GUA,D80A,0.493,-0.5634765625,esm2_650m
1GUA,E104A,-0.021,-1.154052734375,esm2_650m
1GUA,E124A,0.101,-1.892608642578125,esm2_650m
1GUA,E125A,0.591,-3.8994140625,esm2_650m
1GUA,I58A,3.274,-3.971679449081421,esm2_650m
1GUA,I58F,1.2990000000000002,1.146484375,esm2_650m
1GUA,I58L,0.7709999999999999,2.4375,esm2_650m
1GUA,K109A,0.327,-0.623046875,esm2_650m
1GUA,L112A,2.593,-3.226318359375,esm2_650m
1GUA,L121A,2.5340000000000003,-4.672119140625,esm2_650m
1GUA,L126A,3.405,-3.8486328125,esm2_650m
1GUA,L62A,3.46,-8.47265625,esm2_650m
1GUA,L78A,3.803,-6.9404296875,esm2_650m
1GUA,L82A,3.529,-8.9306640625,esm2_650m
1GUA,L82I,1.6,-4.8046875,esm2_650m
1GUA,L82V,1.7,-4.642578125,esm2_650m
1GUA,L86A,3.2260000000000004,-7.5634765625,esm2_650m
1GUA,L91A,1.575,-9.181640625,esm2_650m
1GUA,M76A,0.961,-1.8764649629592896,esm2_650m
1GUA,N56M,-0.271,1.5609130859375,esm2_650m
1GUA,N64A,1.14,-8.060546875,esm2_650m
1GUA,P63A,1.7080000000000002,-6.5498046875,esm2_650m
1GUA,P93A,0.0819999999999999,-2.775390625,esm2_650m
1GUA,Q66A,0.504,-8.9609375,esm2_650m
1GUA,R100A,0.693,-3.820312261581421,esm2_650m
1GUA,R59A,-0.178,-3.25634765625,esm2_650m
1GUA,R89L,-1.078,-10.5302734375,esm2_650m
1GUA,S77A,1.5730000000000002,-2.562499761581421,esm2_650m
1GUA,S77T,-0.581,0.7441406846046448,esm2_650m
1GUA,T68A,0.109,-5.77734375,esm2_650m
1GUA,V128A,3.3680000000000003,-2.586181640625,esm2_650m
1GUA,V60A,2.251,-4.1484375,esm2_650m
1GUA,V69A,1.116,-6.93505859375,esm2_650m
1GUA,V70A,1.77,-5.11328125,esm2_650m
1GUA,V72A,1.052,-1.35546875,esm2_650m
1GUA,V72I,0.8640000000000001,-2.896484375,esm2_650m
1GUA,V98A,1.981,-5.0966796875,esm2_650m
1GWY,A8D,1.6,-2.8818359375,esm2_650m
1H0X,P18A,1.936,-4.958984375,esm2_650m
1H0X,P62A,2.5810000000000004,3.6396484375,esm2_650m
1HCQ,C67A,2.09,-6.6435546875,esm2_650m
1HCQ,C67S,1.99,-5.353515625,esm2_650m
1IOJ,G15A,-0.4,-0.5166015625,esm2_650m
1ITM,C24T,3.3,1.5810546875,esm2_650m
1ITM,C3T,5.0,2.98828125,esm2_650m
1ITM,W91S,-1.4,3.02978515625,esm2_650m
1IV7,A173C,-0.5,-1.4482423067092896,esm2_650m
1IV7,F189C,2.5,-4.51953125,esm2_650m
1IV7,L162C,1.9,-6.2275390625,esm2_650m
1IV9,S76Y,-4.299,3.17431640625,esm2_650m
1J8I,K25A,-0.1,-3.29736328125,esm2_650m
1J8I,K66A,-0.1,-2.14111328125,esm2_650m
1J8I,R23A,-0.8,-2.992919921875,esm2_650m
1J8I,R35A,0.1,-4.355224609375,esm2_650m
1J8I,R43A,-0.7,-7.44921875,esm2_650m
1J8I,R9A,0.1,2.035156011581421,esm2_650m
1JL9,A25C,1.44,-5.9130859375,esm2_650m
1JLV,E64D,1.162,-5.0625,esm2_650m
1JLV,E64N,2.3040000000000003,-10.22412109375,esm2_650m
1JLV,E64Q,2.302,-7.6767578125,esm2_650m
1L6H,F39A,1.6969999999999998,-7.19140625,esm2_650m
1L6H,Y45A,0.55,-6.849609375,esm2_650m
1L6H,Y48A,1.482,-6.22088623046875,esm2_650m
1LVM,E106G,-1.4,5.13720703125,esm2_650m
1LVM,K45F,-0.43,-4.3544921875,esm2_650m
1LVM,L56V,-0.0,-0.2768557071685791,esm2_650m
1LVM,Q58F,-0.6,-3.540527582168579,esm2_650m
1LVM,S135G,-0.0,-2.44287109375,esm2_650m
1N18,E100G,2.5,-4.59765625,esm2_650m
1N18,G85R,1.4,-7.8388671875,esm2_650m
1N18,H46R,-1.4,-9.503662109375,esm2_650m
1N88,F21A,1.39,3.2958984375,esm2_650m
1N88,I39A,1.39,-9.526611328125,esm2_650m
1N88,I80A,2.79,-7.8125,esm2_650m
1N88,I89A,2.35,-9.01953125,esm2_650m
1N88,I8V,1.52,-2.5625,esm2_650m
1N88,L13A,1.52,-3.682861328125,esm2_650m
1N88,L57A,1.11,-0.611328125,esm2_650m
1N88,V12A,1.94,-3.641357183456421,esm2_650m
1N88,V30A,2.84,-5.248046875,esm2_650m
1N88,V43A,2.82,-6.251953125,esm2_650m
1N88,V49A,2.83,-6.822265625,esm2_650m
1N88,V51A,3.24,-5.5625,esm2_650m
1N88,V54A,3.73,-4.69140625,esm2_650m
1N88,V81A,2.82,-6.732421875,esm2_650m
1N88,V83A,3.1,-7.640747547149658,esm2_650m
1N88,Y18A,-0.06,-0.61181640625,esm2_650m
1N88,Y26A,4.61,-5.4716796875,esm2_650m
1NM1,D187N,0.88,-1.630859375,esm2_650m
1NM1,D187Y,1.9,-4.262451171875,esm2_650m
1O1U,E110A,3.3,1.46484375,esm2_650m
1O1U,N61A,1.2,-2.390380859375,esm2_650m
1O1U,Q51A,0.3,0.54541015625,esm2_650m
1O1U,Q99A,-0.3,0.5555267333984375,esm2_650m
1O1U,T38A,1.2,-1.48828125,esm2_650m
1O1U,W49Y,1.2,2.25830078125,esm2_650m
1O6X,A31G,1.2,-0.6527099609375,esm2_650m
1O6X,A50G,1.4,-4.6884765625,esm2_650m
1O6X,D38A,-0.36,-7.33984375,esm2_650m
1O6X,E14A,0.3,-0.80029296875,esm2_650m
1O6X,E20G,1.42,-2.88916015625,esm2_650m
1O6X,F39L,1.88,-2.931640625,esm2_650m
1O6X,F65A,0.98,0.0478515625,esm2_650m
1O6X,H51A,0.61,-2.611328125,esm2_650m
1O6X,I15V,0.43,-0.16015625,esm2_650m
1O6X,I23V,-0.42,1.4375001192092896,esm2_650m
1O6X,I71V,1.31,-1.44140625,esm2_650m
1O6X,I75A,1.31,-3.39556884765625,esm2_650m
1O6X,K41A,1.98,-3.785888671875,esm2_650m
1O6X,L26V,0.97,-4.51953125,esm2_650m
1O6X,N58A,0.08,-0.4873046875,esm2_650m
1O6X,Q60G,0.49,-0.4462890625,esm2_650m
1O6X,V12A,1.1,-6.26513671875,esm2_650m
1O6X,V52A,1.08,-5.3671875,esm2_650m
1O6X,V64G,1.1,1.457519292831421,esm2_650m
1O6X,Y73L,2.78,-5.5380859375,esm2_650m
1OSI,I11V,0.05,-1.8867188692092896,esm2_650m
1OSI,S92F,-0.39,-1.60791015625,esm2_650m
1OSI,V15I,0.78,-2.37890625,esm2_650m
1PFL,A20T,1.53,-5.3603515625,esm2_650m
1PFL,G117V,1.96,-1.083740234375,esm2_650m
1PFL,M113T,3.53,0.15313720703125,esm2_650m
1PFL,T108M,-0.07,-0.59521484375,esm2_650m
1PRE,C159S,2.4,-1.154296875,esm2_650m
1PRG,Q286P,0.3,-0.9294435977935791,esm2_650m
1PRG,R288H,-0.06,-1.14013671875,esm2_650m
1PRG,V290M,-0.03,-0.415313720703125,esm2_650m
1R2Y,R244E,4.2,-5.9150390625,esm2_650m
1R6R,I88N,0.13,-0.4178466796875,esm2_650m
1R6R,L50S,2.81,-0.404541015625,esm2_650m
1R6R,L54S,0.24,-0.39111328125,esm2_650m
1R6R,L81N,6.84,-1.0626220703125,esm2_650m
1SPD,C111S,-0.8,5.77294921875,esm2_650m
1SPD,C6A,-0.1,3.65234375,esm2_650m
1XWS,E124Q,2.9,-1.287109375,esm2_650m
1XWS,E135K,4.59,-0.8486328125,esm2_650m
1XWS,E142D,3.22,0.4951171875,esm2_650m
1XWS,Y53H,3.3,-1.5976563692092896,esm2_650m
1XXN,N32D,0.86,-0.605712890625,esm2_650m
1XXN,N54E,0.645,-1.01171875,esm2_650m
1XXN,S22E,-0.239,-2.12744140625,esm2_650m
1XXN,S27E,0.645,-1.5283203125,esm2_650m
1XXN,N181R,-0.358,-1.73095703125,esm2_650m
1XZO,F42W,-2.87,-12.27734375,esm2_650m
1XZO,W101F,2.89,-5.08203125,esm2_650m
1XZO,W36A,8.93,-8.4169921875,esm2_650m
1XZO,W36F,4.25,-4.435546875,esm2_650m
2ARF,H1069Q,0.7170000000000001,0.390380859375,esm2_650m
2BJD,V84D,4.493,-13.18359375,esm2_650m
2BJD,V84P,4.517,-10.91796875,esm2_650m
2BJD,Y86E,2.103,-5.1904296875,esm2_650m
2C9Q,Y79F,0.012,-5.87890625,esm2_650m
2C9Q,Y79W,1.233,-6.802734375,esm2_650m
2CLR,H13F,-0.12,-2.9384765625,esm2_650m
2CLR,H31F,-2.605,-5.220703125,esm2_650m
2CLR,H51F,1.912,-1.6497802734375,esm2_650m
2CLR,H84A,2.629,-9.0830078125,esm2_650m
2DVV,Q443H,-0.89,-2.951171875,esm2_650m
2DVV,R419W,0.02,-10.0048828125,esm2_650m
2H3F,E12A,-1.07,0.18701171875,esm2_650m
2HBB,A22G,0.32,-3.78173828125,esm2_650m
2HBB,A26G,1.79,-1.38671875,esm2_650m
2HBB,A36G,1.55,-4.25390625,esm2_650m
2HBB,A39G,1.59,-3.158203125,esm2_650m
2HBB,A42G,0.33,-1.6357420682907104,esm2_650m
2HBB,A46G,0.55,-2.64697265625,esm2_650m
2HBB,A49G,0.22,-0.96484375,esm2_650m
2HBB,D23A,0.03,-1.5771483182907104,esm2_650m
2HBB,D23N,0.79,-0.6015625,esm2_650m
2HBB,D8A,1.3,-3.61328125,esm2_650m
2HBB,D8N,0.38,-2.140625,esm2_650m
2HBB,E17A,1.69,-3.015625,esm2_650m
2HBB,E17Q,0.33,-2.716796875,esm2_650m
2HBB,E38A,0.41,-0.330078125,esm2_650m
2HBB,E38Q,0.68,-0.82763671875,esm2_650m
2HBB,E48Q,-0.07,-0.212890625,esm2_650m
2HBB,F31A,2.84,-0.20068359375,esm2_650m
2HBB,F5L,1.15,0.1171875,esm2_650m
2HBB,G24A,-0.02,-4.59765625,esm2_650m
2HBB,G34A,1.02,-3.07275390625,esm2_650m
2HBB,I18A,2.05,-2.61328125,esm2_650m
2HBB,I18V,0.07,0.5546875,esm2_650m
2HBB,I37A,1.28,0.212890625,esm2_650m
2HBB,I37V,-0.09,0.791015625,esm2_650m
2HBB,I4V,0.59,-1.7890625,esm2_650m
2HBB,K10E,-0.13,0.2177734375,esm2_650m
2HBB,K10M,-0.47,-3.0146484375,esm2_650m
2HBB,K12A,-0.61,-0.6630859375,esm2_650m
2HBB,K12G,-0.03,-2.4033203125,esm2_650m
2HBB,K12M,-1.8,-1.041259765625,esm2_650m
2HBB,K14A,0.73,-3.04931640625,esm2_650m
2HBB,K14G,1.3,-4.73046875,esm2_650m
2HBB,K14M,0.34,-5.375,esm2_650m
2HBB,K15G,1.74,-5.6357421875,esm2_650m
2HBB,K15M,0.44,-5.27490234375,esm2_650m
2HBB,K7M,-0.21,-5.01953125,esm2_650m
2HBB,L30A,2.76,-7.28515625,esm2_650m
2HBB,L35A,1.21,-4.509033203125,esm2_650m
2HBB,L44A,1.73,-2.35595703125,esm2_650m
2HBB,L47A,0.84,-0.09863293170928955,esm2_650m
2HBB,L6A,3.1,-3.462402582168579,esm2_650m
2HBB,M1A,1.46,-10.88232421875,esm2_650m
2HBB,T40S,0.8,-1.5625,esm2_650m
2HBB,V21A,2.33,-2.455078125,esm2_650m
2HBB,V3A,2.55,-4.123046875,esm2_650m
2HBB,V9A,1.81,-3.423828125,esm2_650m
2JIE,H104R,-1.536,2.53369140625,esm2_650m
2JIE,Q22S,0.209,-6.2923583984375,esm2_650m
2JIE,S17A,1.246,0.30078125,esm2_650m
2JIE,S19A,-0.951,0.0859375,esm2_650m
2JIE,T18A,0.994,-1.724609375,esm2_650m
2JIE,W123F,-2.19,1.524658203125,esm2_650m
2JIE,W123H,-1.06,1.3642578125,esm2_650m
2JIE,Y21A,3.443,-6.64764404296875,esm2_650m
2JUC,C57D,2.54,-3.969726324081421,esm2_650m
2JUC,C57S,0.71,-1.552001953125,esm2_650m
2JUC,R18A,1.75,-3.22900390625,esm2_650m
2KJ3,D288A,-1.2,-1.02325439453125,esm2_650m
2KJ3,E272A,-1.9,-0.28271484375,esm2_650m
2KJ3,G278A,0.8,-1.0695801973342896,esm2_650m
2KJ3,K229A,-1.5,1.44873046875,esm2_650m
2KJ3,L241A,-1.0,0.57763671875,esm2_650m
2KJ3,S273A,-1.4,0.248046875,esm2_650m
2KJ3,V239A,-1.0,-1.59375,esm2_650m
2KJ3,V264A,-1.0,-0.08935546875,esm2_650m
2KJ3,V267A,-0.2,-0.669677734375,esm2_650m
2KS4,D9A,-1.26,1.8759765625,esm2_650m
2KS4,E2A,0.23,1.8183592557907104,esm2_650m
2LTB,L558P,1.57,-8.462890625,esm2_650m
2LTB,L569R,3.11,-10.685546875,esm2_650m
2LTB,M619K,3.34,1.82763671875,esm2_650m
2LTB,R533Q,1.1,-0.064453125,esm2_650m
2LTB,R555Q,0.36,-0.622802734375,esm2_650m
2LTB,R555W,-1.79,-2.41650390625,esm2_650m
2M5S,D302A,4.0,-9.293701171875,esm2_650m
2M5S,H305A,2.0,-5.771728515625,esm2_650m
2MPC,A89T,0.24,-1.30712890625,esm2_650m
2MPC,R42A,-0.62,-3.5009765625,esm2_650m
2MPC,R42W,-2.08,0.837890625,esm2_650m
2N7Z,P88A,0.6,-0.75830078125,esm2_650m
2NTE,R658C,2.3,-2.83984375,esm2_650m
2OUO,A420D,-0.44,-1.04296875,esm2_650m
2PR5,A33Y,-0.5,0.32080078125,esm2_650m
2PR5,A81M,0.4,-6.0546875,esm2_650m
2PR5,D109E,-0.3,0.1942291259765625,esm2_650m
2PR5,H22K,-0.3,1.666015625,esm2_650m
2PR5,H22W,-1.2,-4.83203125,esm2_650m
2PR5,M111F,-2.9,0.25390625,esm2_650m
2PR5,N107F,-0.9,-0.48876953125,esm2_650m
2PR5,N107Y,-0.8,-0.42333984375,esm2_650m
2PR5,N124F,-1.1,-4.0810546875,esm2_650m
2PR5,N124Y,-2.6,-2.6131591796875,esm2_650m
2PR5,T30M,-0.5,-8.7236328125,esm2_650m
2PR5,T50M,0.5,-7.0035400390625,esm2_650m
2PR5,T54Y,-0.2,-0.207763671875,esm2_650m
2PR5,V120I,-1.4,0.8046875,esm2_650m
2PR5,V25I,-0.4,-1.031433343887329,esm2_650m
2PR5,V88L,0.2,-2.546875,esm2_650m
2PR5,V90I,0.7,-1.7812498807907104,esm2_650m
2PTL,A22G,2.43,-2.11376953125,esm2_650m
2PTL,A27P,-0.1,-0.29296875,esm2_650m
2PTL,A27V,0.83,-2.247802734375,esm2_650m
2PTL,A34G,2.17,-1.302246332168579,esm2_650m
2PTL,A34V,-1.47,1.33642578125,esm2_650m
2PTL,A43G,2.54,-4.3720703125,esm2_650m
2PTL,A47G,3.1,-2.51171875,esm2_650m
2PTL,A49G,1.32,-2.077392578125,esm2_650m
2PTL,A51G,3.12,-2.30224609375,esm2_650m
2PTL,A66G,0.49,0.439453125,esm2_650m
2PTL,D52A,1.21,-1.1533203125,esm2_650m
2PTL,D52G,2.14,-2.2109375,esm2_650m
2PTL,D64A,0.2,-0.0693359375,esm2_650m
2PTL,E35A,0.59,-2.831298828125,esm2_650m
2PTL,E46G,1.19,-2.00146484375,esm2_650m
2PTL,E46I,1.08,-1.6314697265625,esm2_650m
2PTL,E60A,0.23,-1.234619140625,esm2_650m
2PTL,F26A,3.12,0.2587890625,esm2_650m
2PTL,F26L,0.68,0.84326171875,esm2_650m
2PTL,F36A,4.15,-1.8632813692092896,esm2_650m
2PTL,F36L,3.12,-1.5732423067092896,esm2_650m
2PTL,F40G,3.08,-1.2191162109375,esm2_650m
2PTL,F40L,0.38,1.9703370332717896,esm2_650m
2PTL,F76L,3.34,1.1605224609375,esm2_650m
2PTL,F76V,3.73,1.2445068359375,esm2_650m
2PTL,G29A,1.52,-4.001953125,esm2_650m
2PTL,G29V,2.53,-5.568359375,esm2_650m
2PTL,G38A,2.08,-2.52587890625,esm2_650m
2PTL,G59A,2.23,0.97802734375,esm2_650m
2PTL,G69A,2.04,-0.666259765625,esm2_650m
2PTL,I20A,4.9,0.01708984375,esm2_650m
2PTL,I20V,0.56,0.91845703125,esm2_650m
2PTL,I25A,1.37,-0.78955078125,esm2_650m
2PTL,I25V,0.47,1.0097655057907104,esm2_650m
2PTL,I74A,4.72,-1.27783203125,esm2_650m
2PTL,I74V,1.69,0.43359375,esm2_650m
2PTL,K21A,0.92,-2.13671875,esm2_650m
2PTL,K37A,0.88,-1.0400391817092896,esm2_650m
2PTL,K42G,-0.16,-1.986938238143921,esm2_650m
2PTL,K55A,-0.58,-0.08496105670928955,esm2_650m
2PTL,K56A,-0.35,0.0419921875,esm2_650m
2PTL,K68A,0.09,-1.099609375,esm2_650m
2PTL,K75A,0.45,-1.9526365995407104,esm2_650m
2PTL,L24A,3.12,-0.8486328125,esm2_650m
2PTL,L54A,2.44,-2.3209228515625,esm2_650m
2PTL,L72A,3.77,-0.79296875,esm2_650m
2PTL,N23A,1.87,-0.527587890625,esm2_650m
2PTL,N28A,1.78,-3.094238042831421,esm2_650m
2PTL,N58A,0.34,-0.6220703125,esm2_650m
2PTL,N73A,1.73,-1.614013433456421,esm2_650m
2PTL,S30A,0.3,-0.70361328125,esm2_650m
2PTL,S45A,-0.41,0.9521484375,esm2_650m
2PTL,S45G,0.82,-1.595702886581421,esm2_650m
2PTL,T19A,1.63,-2.353515625,esm2_650m
2PTL,T31A,1.17,-1.4414063692092896,esm2_650m
2PTL,T33A,1.11,-1.4882811307907104,esm2_650m
2PTL,T39A,1.25,-2.624999761581421,esm2_650m
2PTL,T44A,1.09,0.4903564453125,esm2_650m
2PTL,T53G,0.17,-0.4755859375,esm2_650m
2PTL,T62A,0.97,-2.23193359375,esm2_650m
2PTL,T71A,1.83,-2.4581298828125,esm2_650m
2PTL,V18A,1.22,-0.734130859375,esm2_650m
2PTL,V63A,0.92,-2.13623046875,esm2_650m
2PTL,V65A,1.14,-0.6083984375,esm2_650m
2PTL,Y48A,2.82,0.5173947811126709,esm2_650m
2PTL,Y50A,2.46,-1.61962890625,esm2_650m
2PTL,Y70A,1.66,-1.2216796875,esm2_650m
2PTL,Y70L,-0.43,-1.166015625,esm2_650m
2RPN,E7L,-1.05,0.52734375,esm2_650m
2RPN,V21K,-0.39,2.66748046875,esm2_650m
2VY0,E53A,6.597,-6.86376953125,esm2_650m
2WQG,D15A,-0.3,-1.7373045682907104,esm2_650m
2WQG,D38A,-0.1,0.263671875,esm2_650m
2WQG,D39A,2.2,-5.6275634765625,esm2_650m
2WQG,D39N,2.6,-4.5556640625,esm2_650m
2WQG,E40Q,0.1,-1.7724609375,esm2_650m
2WQG,E41G,0.4,-1.28466796875,esm2_650m
2WQG,I36A,0.9,-1.80126953125,esm2_650m
2WQG,I36V,0.3,-0.3134765625,esm2_650m
2WQG,K14A,0.4,-10.90625,esm2_650m
2WQG,K14G,1.9,-9.79296875,esm2_650m
2WQG,K19A,0.3,-1.6005859375,esm2_650m
2WQG,K28A,0.6,-11.53125,esm2_650m
2WQG,L13A,0.5,-10.333984375,esm2_650m
2WQG,L16A,1.3,-2.0732421875,esm2_650m
2WQG,L8A,2.0,-5.3583984375,esm2_650m
2WQG,Q12A,0.6,-2.5654296875,esm2_650m
2WQG,Q12G,2.0,-3.556640625,esm2_650m
2WQG,Q33A,-0.1,0.111328125,esm2_650m
2WQG,R34A,0.8,-6.5083160400390625,esm2_650m
2WQG,S23A,0.6,0.1611328125,esm2_650m
2WQG,S6A,-0.1,-1.40625,esm2_650m
2WQG,S6G,0.2,-2.27197265625,esm2_650m
2WQG,T9S,-0.1,-2.771484375,esm2_650m
2WQG,V10A,0.1,-4.0986328125,esm2_650m
2WQG,V10G,0.7,-6.904296875,esm2_650m
2WQG,V11A,-0.4,-0.462890625,esm2_650m
2WQG,V11G,-0.1,-2.82275390625,esm2_650m
2WQG,V24A,0.5,-2.615966796875,esm2_650m
2WQG,Y5F,2.4,-4.517578125,esm2_650m
2ZTA,E11Q,0.74,-0.9013671875,esm2_650m
2ZTA,E20Q,-0.2,-1.9531251192092896,esm2_650m
2ZTA,E22Q,1.83,-3.1416015625,esm2_650m
2ZTA,K15A,0.41,-1.8095703125,esm2_650m
2ZTA,K27A,0.91,-2.869384765625,esm2_650m
2ZTA,K28A,0.06,-0.5947265625,esm2_650m
2ZTA,K8A,0.39,-2.13134765625,esm2_650m
2ZTA,R25A,1.66,-0.82763671875,esm2_650m
3BCI,E96Q,-1.369,-1.9912108182907104,esm2_650m
3BN0,I20V,1.506,-2.119140625,esm2_650m
3C2I,F155S,-0.43,-7.6279296875,esm2_650m
3C2I,T158A,-0.47,-5.75390625,esm2_650m
3C2I,T158M,-0.25,-7.42626953125,esm2_650m
3D2A,M134E,-3.02,-0.1822509765625,esm2_650m
3D2A,M137P,-3.34,3.49462890625,esm2_650m
3D2A,S163P,-2.11,0.4482421875,esm2_650m
3D3B,D118A,0.65,-0.8466796875,esm2_650m
3D3B,D118E,0.6,-0.2099609375,esm2_650m
3D3B,D118K,1.6,-1.17578125,esm2_650m
3D3B,D118N,1.34,-1.22314453125,esm2_650m
3D3B,D118R,1.41,-1.50390625,esm2_650m
3ECU,H46R,-0.8,-9.4912109375,esm2_650m
3FIS,P61A,0.5,-5.6650390625,esm2_650m
3G1G,D155Y,-0.34,-4.0458984375,esm2_650m
3G1G,F167Y,0.74,-2.65234375,esm2_650m
3G1G,I190V,0.17,0.20703125,esm2_650m
3G1G,R185W,-1.32,-3.22021484375,esm2_650m
3K82,E334L,3.35,-7.83984375,esm2_650m
3K82,E334Q,1.68,-4.8583984375,esm2_650m
3K82,E401R,-5.49,0.00341796875,esm2_650m
3MON,R39G,-1.194,-1.121337890625,esm2_650m
3MON,W3C,2.866,-0.515625,esm2_650m
3O39,L32P,3.25,-9.9716796875,esm2_650m
3S4M,D122Y,1.3,-5.595703125,esm2_650m
3S4M,G130V,2.5,-9.77734375,esm2_650m
3S4M,I154F,-0.096,-8.34228515625,esm2_650m
3S4M,W155R,0.693,-12.25927734375,esm2_650m
3S92,H395R,-2.03,-5.6875,esm2_650m
4BJX,A89V,-0.99,-1.830078125,esm2_650m
4BUQ,Y48A,1.435,0.45361340045928955,esm2_650m
4N6V,H75W,-0.574,-7.87890625,esm2_650m
4N6V,P36G,1.362,-0.6484375,esm2_650m
4N6V,P79S,-1.745,-3.7763671875,esm2_650m
4WAA,K65A,-0.1,-3.168945074081421,esm2_650m
4WAA,K67A,2.07,-9.2265625,esm2_650m
4WAA,R27A,0.44,-4.1044921875,esm2_650m
4YEE,V134T,0.71,-3.5498046875,esm2_650m
4YEF,T134V,0.93,0.046875,esm2_650m
5JXB,D329G,1.44,-5.5107421875,esm2_650m
5JXB,D329P,1.44,-8.0439453125,esm2_650m
5OAQ,Y429H,2.99,-0.25164794921875,esm2_650m
5VP3,R39K,-0.413,-0.364013671875,esm2_650m
