pdb_id,mutation_id,foldx_ddg,experimental_ddg
1A0F,S11A,-0.729084,1.8
1A7V,A104H,0.0151402,2.69
1A7V,A66H,0.32852,1.98
1A7V,A91H,0.102864,1.7
1A7V,D3H,1.87229,1.36
1A7V,D58H,-0.117162,2.05
1A7V,E73H,-0.464934,3.01
1A7V,K13H,0.568001,0.6
1A7V,K20H,0.615673,2.88
1A7V,K31H,0.0907203,1.36
1A7V,K39H,0.573672,1.86
1A7V,K49H,0.451705,2.02
1A7V,K84H,0.490577,2.88
1A7V,K97H,0.326092,1.97
1BA3,H461D,-0.825864,1.745
1BA3,H489D,-0.0723462,-0.287
1BA3,H489K,-0.213832,0.287
1BA3,H489M,-0.218564,0.263
1BFM,M35W,2.58121,0.7
1BFM,M35Y,6.33306,0.4
1BNL,D76A,5.14217,0.821
1D5G,H71Y,1.37934,0.04
1D5G,I20F,-0.803016,-0.91
1DIV,D23A,0.101063,0.46
1DIV,D23N,0.560943,0.58
1DIV,D8N,0.177066,0.3
1DIV,E100A,0.272524,0.98
1DIV,E100G,1.25438,1.52
1DIV,E17Q,0.864068,0.21
1DIV,E38Q,1.10592,0.56
1DIV,E48Q,0.191129,-0.03
1DIV,E54Q,-0.160418,-0.33
1DIV,H106Q,0.870326,1.53
1DIV,I115A,3.93887,3.52
1DIV,I4A,2.2356,2.22
1DIV,I4V,0.114568,0.59
1DIV,I79A,4.14469,3.49
1DIV,I93A,3.51872,3.19
1DIV,I98A,4.18681,4.28
1DIV,K10M,-0.129992,-0.05
1DIV,K14M,0.221591,-0.01
1DIV,K15M,0.377049,0.31
1DIV,K7M,0.48241,-0.35
1DIV,K96A,0.196286,-0.61
1DIV,K96G,1.00563,0.2
1DIV,L102A,3.67105,2.37
1DIV,L108A,2.77958,2.33
1DIV,L110A,3.88845,3.21
1DIV,L117A,2.59385,0.82
1DIV,L30A,2.58729,2.76
1DIV,L30V,3.33054,3.62
1DIV,L6A,1.40642,3.1
1DIV,L6I,0.795518,0.13
1DIV,L6V,1.1069,0.41
1DIV,L72A,4.32883,3.77
1DIV,M1A,0.547979,1.46
1DIV,M1G,0.759824,2.36
1DIV,V129A,3.2916,1.81
1DIV,V21A,-0.47212,2.33
1DIV,V21I,-0.255848,0.4
1DIV,V21L,-0.705044,1.23
1DIV,V3A,-0.679386,2.55
1DIV,V3I,1.63793,0.31
1DIV,V3L,2.23314,2.21
1DXX,K18N,0.322872,3.7
1EKG,L198C,2.25346,1.0
1EKG,L200C,3.8104,2.0
1EKG,L203C,2.56306,-1.0
1EKG,S181F,1.61418,2.6
1F8I,F345A,4.04808,0.455
1FH5,S18N,0.624311,-0.6
1FRD,H42R,-1.63122,-4.0
1FT8,L212V,2.18887,1.38
1FT8,L238I,0.645754,0.35
1FT8,L349I,0.662118,-0.05
1FT8,M216L,-0.518212,-0.27
1FXA,E94D,0.634741,1.1
1FXA,E94K,-1.51194,0.4
1FXA,E94Q,-1.00604,-0.6
1FXA,E95K,-1.45102,-1.0
1FXA,F65A,0.196717,1.0
1FXA,F65I,1.45453,0.9
1FXA,F65W,-0.426445,0.6
1FXA,F65Y,-0.114302,0.5
1FXA,R42A,5.07996,2.4
1FXA,R42H,5.7069,1.4
1FXA,T48A,-0.840799,-0.1
1G3P,N138G,-0.820325,-0.765
1GLU,C500A,0.483049,1.22
1GUA,A118G,1.82695,1.963
1GUA,A118L,0.742316,1.951
1GUA,A85G,1.71425,2.149
1GUA,A97G,1.09666,0.863
1GUA,C81A,0.862239,-0.283
1GUA,C81I,-1.04395,0.912
1GUA,C95A,0.302867,0.08
1GUA,C96A,0.98944,1.759
1GUA,C96L,-3.52799,0.043
1GUA,C96M,-2.72968,0.337
1GUA,D117A,0.503717,0.706
1GUA,D129A,0.633417,0.855
1GUA,D80A,1.16652,0.493
1GUA,E104A,-0.0906993,-0.021
1GUA,E124A,-0.84076,0.101
1GUA,E125A,0.900402,0.591
1GUA,I58A,4.07486,3.274
1GUA,I58F,10.9314,1.2990000000000002
1GUA,I58L,0.445747,0.7709999999999999
1GUA,K109A,1.18784,0.327
1GUA,L112A,2.81825,2.593
1GUA,L121A,3.53501,2.5340000000000003
1GUA,L126A,4.72135,3.405
1GUA,L62A,4.23125,3.46
1GUA,L78A,3.85248,3.803
1GUA,L82A,4.73114,3.529
1GUA,L82I,1.56254,1.6
1GUA,L82V,2.64328,1.7
1GUA,L86A,3.73891,3.2260000000000004
1GUA,L91A,3.44478,1.575
1GUA,M76A,1.04961,0.961
1GUA,N56M,-0.249747,-0.271
1GUA,N64A,1.30081,1.14
1GUA,P63A,2.75281,1.7080000000000002
1GUA,P93A,2.23721,0.0819999999999999
1GUA,Q66A,1.77597,0.504
1GUA,R100A,0.975814,0.693
1GUA,R59A,3.73592,-0.178
1GUA,R89L,5.67188,-1.078
1GUA,S77A,1.39398,1.5730000000000002
1GUA,S77T,-0.913202,-0.581
1GUA,T68A,2.20137,0.109
1GUA,V128A,3.67121,3.3680000000000003
1GUA,V60A,3.87929,2.251
1GUA,V69A,2.44584,1.116
1GUA,V70A,1.66411,1.77
1GUA,V72A,2.6444,1.052
1GUA,V72I,-1.08198,0.8640000000000001
1GUA,V98A,3.66056,1.981
1GWY,A8D,-0.721546,1.6
1H0X,P18A,0.996418,1.936
1H0X,P62A,1.669,2.5810000000000004
1HCQ,C67A,-0.625698,2.09
1HCQ,C67S,1.24965,1.99
1IOJ,G15A,0.0557623,-0.4
1ITM,C24T,4.10106,3.3
1ITM,C3T,1.8046,5.0
1ITM,W91S,0.114051,-1.4
1IV9,S76Y,-1.64825,-4.299
1J8I,K25A,-0.343358,-0.1
1J8I,K66A,0.194107,-0.1
1J8I,R23A,0.400041,-0.8
1J8I,R35A,0.147948,0.1
1J8I,R43A,0.399189,-0.7
1J8I,R9A,-0.823104,0.1
1JL9,A25C,1.57591,1.44
1JLV,E64D,-0.630411,1.162
1JLV,E64N,0.707062,2.3040000000000003
1JLV,E64Q,1.11069,2.302
1L6H,F39A,-0.0163175,1.6969999999999998
1L6H,Y45A,-4.84114,0.55
1L6H,Y48A,-0.392335,1.482
1LVM,E106G,-2.07707,-1.4
1LVM,K45F,12.4628,-0.43
1LVM,L56V,0.462955,-0.0
1LVM,Q58F,-1.51913,-0.6
1LVM,S135G,-3.32316,-0.0
1N18,E100G,1.02946,2.5
1N18,G85R,3.91474,1.4
1N18,H46R,3.34589,-1.4
1N88,F21A,-3.45103,1.39
1N88,I39A,-2.34646,1.39
1N88,I80A,0.170967,2.79
1N88,I89A,0.224109,2.35
1N88,I8V,-1.07708,1.52
1N88,L13A,2.27158,1.52
1N88,L57A,-0.257531,1.11
1N88,V12A,-1.97602,1.94
1N88,V30A,-3.08498,2.84
1N88,V43A,-2.28447,2.82
1N88,V49A,0.188296,2.83
1N88,V51A,-0.526685,3.24
1N88,V54A,-1.42501,3.73
1N88,V81A,1.3274,2.82
1N88,V83A,1.96239,3.1
1N88,Y18A,0.98254,-0.06
1N88,Y26A,-0.0248292,4.61
1NM1,D187N,-0.248809,0.88
1NM1,D187Y,-0.759437,1.9
1O1U,E110A,1.51628,3.3
1O1U,N61A,1.16454,1.2
1O1U,Q51A,0.415155,0.3
1O1U,Q99A,1.053,-0.3
1O1U,T38A,0.992277,1.2
1O1U,W49Y,3.32842,1.2
1O6X,A31G,-0.0749292,1.2
1O6X,A50G,0.0900724,1.4
1O6X,D38A,0.693154,-0.36
1O6X,E14A,-0.559769,0.3
1O6X,E20G,1.22812,1.42
1O6X,F39L,-0.268332,1.88
1O6X,F65A,0.790742,0.98
1O6X,H51A,-2.05199,0.61
1O6X,I15V,0.615585,0.43
1O6X,I23V,0.0633796,-0.42
1O6X,I71V,-0.795747,1.31
1O6X,I75A,1.52408,1.31
1O6X,K41A,0.0682919,1.98
1O6X,L26V,2.22675,0.97
1O6X,N58A,0.801834,0.08
1O6X,Q60G,0.876845,0.49
1O6X,V12A,0.109424,1.1
1O6X,V52A,-1.40706,1.08
1O6X,V64G,0.469766,1.1
1O6X,Y73L,3.78288,2.78
1OSI,I11V,0.867802,0.05
1OSI,S92F,-0.900962,-0.39
1OSI,V15I,-0.708197,0.78
1PFL,A20T,4.88411,1.53
1PFL,G117V,2.9116,1.96
1PFL,M113T,3.87532,3.53
1PFL,T108M,0.0403998,-0.07
1PRE,C159S,3.06247,2.4
1PRG,Q286P,6.00345,0.3
1PRG,R288H,1.01468,-0.06
1PRG,V290M,0.354305,-0.03
1R2Y,R244E,3.07955,4.2
1R6R,I88N,2.26423,0.13
1R6R,L50S,1.98853,2.81
1R6R,L54S,1.627,0.24
1R6R,L81N,2.54893,6.84
1SPD,C111S,0.615738,-0.8
1SPD,C6A,-0.0292811,-0.1
1XWS,E124Q,-0.11548,2.9
1XWS,E135K,-0.370101,4.59
1XWS,E142D,-0.448249,3.22
1XWS,Y53H,1.1472,3.3
1XXN,N181R,0.119337,-0.358
1XXN,N32D,0.330712,0.86
1XXN,N54E,-0.199938,0.645
1XXN,S22E,-0.988859,-0.239
1XXN,S27E,-1.31475,0.645
1XZO,F42W,-0.332605,-2.87
1XZO,W101F,4.64502,2.89
1XZO,W36A,6.12684,8.93
1XZO,W36F,1.57685,4.25
2ARF,H1069Q,0.0991106,0.7170000000000001
2BJD,V84D,3.6606,4.493
2BJD,V84P,3.19919,4.517
2BJD,Y86E,2.28925,2.103
2C9Q,Y79F,0.00938179,0.012
2C9Q,Y79W,-0.242082,1.233
2CLR,H13F,-1.28181,-0.12
2CLR,H31F,2.76143,-2.605
2CLR,H51F,0.0403213,1.912
2CLR,H84A,0.652431,2.629
2DVV,Q443H,0.406446,-0.89
2DVV,R419W,3.17975,0.02
2H3F,E12A,0.623563,-1.07
2HBB,A22G,0.193297,0.32
2HBB,A26G,2.39741,1.79
2HBB,A36G,1.44434,1.55
2HBB,A39G,0.859725,1.59
2HBB,A42G,0.456982,0.33
2HBB,A46G,0.543668,0.55
2HBB,A49G,0.835687,0.22
2HBB,D23A,5.84618,0.03
2HBB,D23N,5.92278,0.79
2HBB,D8A,6.69484,1.3
2HBB,D8N,6.19319,0.38
2HBB,E17A,0.525022,1.69
2HBB,E17Q,0.499149,0.33
2HBB,E38A,1.09123,0.41
2HBB,E38Q,0.640025,0.68
2HBB,E48Q,-0.026395,-0.07
2HBB,F31A,2.6418,2.84
2HBB,F5L,1.2819,1.15
2HBB,G24A,-0.538535,-0.02
2HBB,G34A,2.28102,1.02
2HBB,I18A,2.60021,2.05
2HBB,I18V,0.719213,0.07
2HBB,I37A,1.88189,1.28
2HBB,I37V,0.511945,-0.09
2HBB,I4V,1.43501,0.59
2HBB,K10E,0.5586,-0.13
2HBB,K10M,0.490716,-0.47
2HBB,K12A,1.0125,-0.61
2HBB,K12G,1.52968,-0.03
2HBB,K12M,-0.0430812,-1.8
2HBB,K14A,0.789085,0.73
2HBB,K14G,0.96526,1.3
2HBB,K14M,0.73368,0.34
2HBB,K15G,0.48978,1.74
2HBB,K15M,0.402858,0.44
2HBB,K7M,0.523695,-0.21
2HBB,L30A,4.11261,2.76
2HBB,L35A,1.40937,1.21
2HBB,L44A,1.98439,1.73
2HBB,L47A,1.81151,0.84
2HBB,L6A,2.21083,3.1
2HBB,M1A,1.57674,1.46
2HBB,T40S,-0.838677,0.8
2HBB,V21A,2.62298,2.33
2HBB,V3A,3.54047,2.55
2HBB,V9A,2.0432,1.81
2JIE,H104R,-0.430559,-1.536
2JIE,Q22S,-0.461348,0.209
2JIE,S17A,0.235081,1.246
2JIE,S19A,-0.471749,-0.951
2JIE,T18A,0.55065,0.994
2JIE,W123F,2.10473,-2.19
2JIE,W123H,1.11193,-1.06
2JIE,Y21A,2.5374,3.443
2JUC,C57D,0.890887,2.54
2JUC,C57S,-1.03289,0.71
2JUC,R18A,0.895937,1.75
2KJ3,D288A,0.869338,-1.2
2KJ3,E272A,1.41844,-1.9
2KJ3,G278A,6.36435,0.8
2KJ3,K229A,0.351287,-1.5
2KJ3,L241A,1.90503,-1.0
2KJ3,S273A,-0.37085,-1.4
2KJ3,V239A,1.81145,-1.0
2KJ3,V264A,3.06185,-1.0
2KJ3,V267A,3.63903,-0.2
2KS4,D9A,-0.0920875,-1.26
2KS4,E2A,0.652749,0.23
2LTB,L558P,5.57647,1.57
2LTB,L569R,1.73621,3.11
2LTB,M619K,-0.732208,3.34
2LTB,R533Q,0.262234,1.1
2LTB,R555Q,0.370402,0.36
2LTB,R555W,0.789067,-1.79
2M5S,D302A,1.06721,4.0
2M5S,H305A,0.801971,2.0
2MPC,A89T,2.74253,0.24
2MPC,R42A,-0.319853,-0.62
2MPC,R42W,0.859899,-2.08
2N7Z,P88A,3.47385,0.6
2NTE,R658C,3.21914,2.3
2OUO,A420D,0.59336,-0.44
2PR5,A33Y,-0.755321,-0.5
2PR5,A81M,0.139583,0.4
2PR5,D109E,-0.800933,-0.3
2PR5,H22K,-0.598892,-0.3
2PR5,H22W,0.063653,-1.2
2PR5,M111F,4.73986,-2.9
2PR5,N107F,-2.56102,-0.9
2PR5,N107Y,-1.71679,-0.8
2PR5,N124F,-1.5368,-1.1
2PR5,N124Y,-1.33416,-2.6
2PR5,T30M,-2.28816,-0.5
2PR5,T50M,-1.05623,0.5
2PR5,T54Y,-0.180392,-0.2
2PR5,V120I,-0.446952,-1.4
2PR5,V25I,-1.47503,-0.4
2PR5,V88L,-0.145534,0.2
2PR5,V90I,0.303319,0.7
2PTL,A22G,0.865692,2.43
2PTL,A27P,-0.104428,-0.1
2PTL,A27V,1.66461,0.83
2PTL,A34G,-0.714545,2.17
2PTL,A34V,1.91048,-1.47
2PTL,A43G,-0.711215,2.54
2PTL,A47G,1.10503,3.1
2PTL,A49G,0.481393,1.32
2PTL,A51G,-0.427775,3.12
2PTL,A66G,0.000925471,0.49
2PTL,D52A,-1.04991,1.21
2PTL,D52G,-0.0900329,2.14
2PTL,D64A,0.601168,0.2
2PTL,E35A,-0.116054,0.59
2PTL,E46G,1.1458,1.19
2PTL,E46I,0.149058,1.08
2PTL,E60A,-0.562021,0.23
2PTL,F26A,3.26078,3.12
2PTL,F26L,1.66124,0.68
2PTL,F36A,-0.0953059,4.15
2PTL,F36L,-1.01629,3.12
2PTL,F40G,-4.4859,3.08
2PTL,F40L,-1.99152,0.38
2PTL,F76L,1.41508,3.34
2PTL,F76V,2.97721,3.73
2PTL,G29A,3.32897,1.52
2PTL,G29V,4.946,2.53
2PTL,G38A,3.28386,2.08
2PTL,G59A,3.29878,2.23
2PTL,G69A,3.4275,2.04
2PTL,I20A,-2.95239,4.9
2PTL,I20V,-0.222536,0.56
2PTL,I25A,0.710848,1.37
2PTL,I25V,0.730622,0.47
2PTL,I74A,-3.11262,4.72
2PTL,I74V,-1.76928,1.69
2PTL,K21A,-0.161013,0.92
2PTL,K37A,-0.397251,0.88
2PTL,K42G,-0.596941,-0.16
2PTL,K55A,0.75096,-0.58
2PTL,K56A,0.219724,-0.35
2PTL,K68A,0.169193,0.09
2PTL,K75A,1.3669,0.45
2PTL,L24A,1.73133,3.12
2PTL,L54A,1.29476,2.44
2PTL,L72A,1.42128,3.77
2PTL,N23A,-1.54347,1.87
2PTL,N28A,0.741687,1.78
2PTL,N58A,-0.312476,0.34
2PTL,N73A,1.06494,1.73
2PTL,S30A,0.15116,0.3
2PTL,S45A,0.308831,-0.41
2PTL,S45G,0.47189,0.82
2PTL,T19A,-0.208618,1.63
2PTL,T31A,-0.309415,1.17
2PTL,T33A,-1.04471,1.11
2PTL,T39A,-0.938785,1.25
2PTL,T44A,-3.37625,1.09
2PTL,T53G,0.487174,0.17
2PTL,T62A,0.41126,0.97
2PTL,T71A,-0.607532,1.83
2PTL,V18A,-1.58403,1.22
2PTL,V63A,0.10677,0.92
2PTL,V65A,-1.34176,1.14
2PTL,Y48A,0.0957914,2.82
2PTL,Y50A,-0.979907,2.46
2PTL,Y70A,-9.03619,1.66
2PTL,Y70L,-8.67304,-0.43
2RPN,E7L,-0.328393,-1.05
2RPN,V21K,-0.765571,-0.39
2VY0,E53A,4.53108,6.597
2WQG,D15A,-0.0803667,-0.3
2WQG,D38A,-0.66431,-0.1
2WQG,D39A,0.393271,2.2
2WQG,D39N,-0.440422,2.6
2WQG,E40Q,0.246465,0.1
2WQG,E41G,-0.474882,0.4
2WQG,I36A,-0.480364,0.9
2WQG,I36V,0.459061,0.3
2WQG,K14A,-0.0605367,0.4
2WQG,K14G,1.11211,1.9
2WQG,K19A,0.323165,0.3
2WQG,K28A,0.343426,0.6
2WQG,L13A,-1.13751,0.5
2WQG,L16A,0.945328,1.3
2WQG,L8A,0.801335,2.0
2WQG,Q12A,-0.0112858,0.6
2WQG,Q12G,1.20951,2.0
2WQG,Q33A,0.214367,-0.1
2WQG,R34A,0.645281,0.8
2WQG,S23A,0.378615,0.6
2WQG,S6A,-0.399188,-0.1
2WQG,S6G,-0.0143908,0.2
2WQG,T9S,-0.661103,-0.1
2WQG,V10A,-0.152133,0.1
2WQG,V10G,0.211933,0.7
2WQG,V11A,-0.342428,-0.4
2WQG,V11G,0.284375,-0.1
2WQG,V24A,-0.709115,0.5
2WQG,Y5F,0.801671,2.4
2ZTA,E11Q,-0.119704,0.74
2ZTA,E20Q,0.0374961,-0.2
2ZTA,E22Q,-0.380485,1.83
2ZTA,K15A,0.647353,0.41
2ZTA,K27A,0.892618,0.91
2ZTA,K28A,0.487187,0.06
2ZTA,K8A,1.2787,0.39
2ZTA,R25A,2.0479,1.66
3BCI,E96Q,-0.286491,-1.369
3BN0,I20V,1.47718,1.506
3C2I,F155S,4.73486,-0.43
3C2I,T158A,-1.00418,-0.47
3C2I,T158M,-0.247844,-0.25
3D2A,M134E,-0.0697414,-3.02
3D2A,M137P,-2.01144,-3.34
3D2A,S163P,-1.28265,-2.11
3D3B,D118A,1.9027,0.65
3D3B,D118E,0.698507,0.6
3D3B,D118K,1.13409,1.6
3D3B,D118N,0.0100874,1.34
3D3B,D118R,1.05131,1.41
3DV0,A131G,1.10498,1.7
3DV0,A139G,1.82863,2.3
3DV0,A165G,-0.693556,0.9
3DV0,A168G,0.592401,0.3
3DV0,D145A,3.21188,2.1
3DV0,D145N,2.15139,0.9
3DV0,D162N,1.3852,2.0
3DV0,D164A,0.45517,2.3
3DV0,D164G,0.815822,3.7
3DV0,D164N,0.184498,1.9
3DV0,E141A,0.00680917,0.7
3DV0,E141Q,-0.171708,0.4
3DV0,I130A,0.728886,0.7
3DV0,I130G,1.3204,1.4
3DV0,I130V,0.921208,0.2
3DV0,I146A,1.71483,2.7
3DV0,I146V,1.42884,1.2
3DV0,I163V,0.912768,0.5
3DV0,L159A,0.905446,2.0
3DV0,L159G,1.02646,1.9
3DV0,L159V,1.01315,0.6
3DV0,L167A,1.9388,1.2
3DV0,L167V,1.27704,0.2
3DV0,V135A,1.47633,1.5
3DV0,V144A,1.94449,2.0
3DV0,V149A,2.52676,2.8
3DV0,V149G,3.8071,4.1
3DV0,V158A,1.67138,3.2
3DV0,Y138F,0.487868,2.0
3ECU,H46R,3.42471,-0.8
3FIS,P61A,3.17253,0.5
3G1G,D155Y,0.142739,-0.34
3G1G,F167Y,1.68798,0.74
3G1G,I190V,1.31863,0.17
3G1G,R185W,-2.15474,-1.32
3K82,E334L,-3.86296,3.35
3K82,E334Q,-2.16967,1.68
3K82,E401R,-5.43297,-5.49
3MON,R39G,1.51941,-1.194
3MON,W3C,1.57982,2.866
3O39,L32P,3.29135,3.25
3S4M,D122Y,-0.150188,1.3
3S4M,G130V,5.5244,2.5
3S4M,I154F,6.8831,-0.096
3S4M,W155R,1.41704,0.693
3S92,H395R,-0.294458,-2.03
4BJX,A89V,4.20663,-0.99
4BUQ,Y48A,0.971582,1.435
4N6V,H75W,-0.95127,-0.574
4N6V,P36G,1.20675,1.362
4N6V,P79S,0.218615,-1.745
4WAA,K65A,0.229681,-0.1
4WAA,K67A,1.24989,2.07
4WAA,R27A,3.82404,0.44
4YEE,V134T,0.0584771,0.71
4YEF,T134V,-1.85937,0.93
5JXB,D329G,-0.42004,1.44
5JXB,D329P,1.76067,1.44
5OAQ,Y429H,2.9243,2.99
5VP3,R39K,0.449779,-0.413
