pdb_id,mut_info,wt_edges_A,mt_edges_A,broken_A,formed_A,wt_edges_B,mt_edges_B,broken_B,formed_B
1BFM,M35W,243,223,26,6,222,223,0,1
1BFM,M35Y,243,222,27,6,222,222,1,1
1D5G,H71Y,387,350,48,11,351,350,2,1
1D5G,I20F,387,350,49,12,351,350,4,3
1EKG,L198C,462,465,0,3,462,465,0,3
1EKG,L200C,462,463,0,1,462,463,0,1
1EKG,L203C,462,462,1,1,462,462,1,1
1EKG,S181F,462,461,3,2,462,461,3,2
1FRD,H42R,404,403,3,2,404,403,3,2
1FXA,E94D,407,407,2,2,407,407,2,2
1FXA,E94K,407,405,4,2,407,405,4,2
1FXA,E94Q,407,407,2,2,407,407,2,2
1FXA,E95K,407,407,0,0,407,407,0,0
1FXA,F65A,407,405,4,2,407,405,4,2
1FXA,F65I,407,408,1,2,407,408,1,2
1FXA,F65W,407,409,1,3,407,409,1,3
1FXA,F65Y,407,408,0,1,407,408,0,1
1FXA,R42A,407,413,4,10,407,413,4,10
1FXA,R42H,407,413,2,8,407,413,2,8
1FXA,T48A,407,408,0,1,407,408,0,1
1GLU,C500A,290,291,2,3,290,291,2,3
1GUA,A118G,273,272,1,0,273,272,1,0
1GUA,A118L,273,275,4,6,273,275,4,6
1GUA,A85G,273,274,1,2,273,274,1,2
1GUA,A97G,273,273,1,1,273,273,1,1
1GUA,C81A,273,274,0,1,273,274,0,1
1GUA,C81I,273,273,0,0,273,273,0,0
1GUA,C95A,273,272,1,0,273,272,1,0
1GUA,C96A,273,273,1,1,273,273,1,1
1GUA,C96L,273,274,1,2,273,274,1,2
1GUA,C96M,273,274,1,2,273,274,1,2
1GUA,D117A,273,272,1,0,273,272,1,0
1GUA,D129A,273,277,0,4,273,277,0,4
1GUA,D80A,273,273,0,0,273,273,0,0
1GUA,E104A,273,274,0,1,273,274,0,1
1GUA,E124A,273,274,2,3,273,274,2,3
1GUA,E125A,273,273,2,2,273,273,2,2
1GUA,I58A,273,272,1,0,273,272,1,0
1GUA,I58F,273,268,7,2,273,268,7,2
1GUA,I58L,273,271,2,0,273,271,2,0
1GUA,K109A,273,274,1,2,273,274,1,2
1GUA,L112A,273,278,0,5,273,278,0,5
1GUA,L121A,273,276,0,3,273,276,0,3
1GUA,L126A,273,273,2,2,273,273,2,2
1GUA,L62A,273,273,1,1,273,273,1,1
1GUA,L78A,273,276,1,4,273,276,1,4
1GUA,L82A,273,274,2,3,273,274,2,3
1GUA,L82I,273,275,1,3,273,275,1,3
1GUA,L82V,273,276,0,3,273,276,0,3
1GUA,L86A,273,277,2,6,273,277,2,6
1GUA,L91A,273,277,0,4,273,277,0,4
1GUA,M76A,273,275,0,2,273,275,0,2
1GUA,N56M,273,272,1,0,273,272,1,0
1GUA,N64A,273,275,0,2,273,275,0,2
1GUA,P63A,273,274,0,1,273,274,0,1
1GUA,P93A,273,271,3,1,273,271,3,1
1GUA,Q66A,273,275,0,2,273,275,0,2
1GUA,R100A,273,276,1,4,273,276,1,4
1GUA,R59A,273,277,0,4,273,277,0,4
1GUA,R89L,273,273,0,0,273,273,0,0
1GUA,S77A,273,273,0,0,273,273,0,0
1GUA,S77T,273,273,0,0,273,273,0,0
1GUA,T68A,273,274,0,1,273,274,0,1
1GUA,V128A,273,272,1,0,273,272,1,0
1GUA,V60A,273,273,1,1,273,273,1,1
1GUA,V69A,273,273,0,0,273,273,0,0
1GUA,V70A,273,273,0,0,273,273,0,0
1GUA,V72A,273,273,0,0,273,273,0,0
1GUA,V72I,273,272,1,0,273,272,1,0
1GUA,V98A,273,273,0,0,273,273,0,0
1H0X,P18A,325,325,0,0,325,325,0,0
1H0X,P62A,325,325,0,0,325,325,0,0
1HCQ,C67A,277,272,6,1,277,272,6,1
1HCQ,C67S,277,270,7,0,277,270,7,0
1IOJ,G15A,154,138,21,5,136,138,1,3
1IV9,S76Y,337,340,1,4,337,340,1,4
1J8I,K25A,299,273,36,10,271,273,2,4
1J8I,K66A,299,275,36,12,271,275,1,5
1J8I,R23A,299,272,37,10,271,272,1,2
1J8I,R35A,299,274,37,12,271,274,0,3
1J8I,R43A,299,270,41,12,271,270,5,4
1J8I,R9A,299,272,36,9,271,272,0,1
1JL9,A25C,120,120,0,0,120,120,0,0
1L6H,F39A,341,339,27,25,335,339,5,9
1L6H,Y45A,341,335,30,24,335,335,7,7
1L6H,Y48A,341,333,30,22,335,333,7,5
1N88,F21A,404,381,39,16,386,381,8,3
1N88,I39A,404,388,32,16,386,388,3,5
1N88,I80A,404,387,34,17,386,387,2,3
1N88,I89A,404,391,34,21,386,391,4,9
1N88,I8V,404,386,34,16,386,386,3,3
1N88,L13A,404,381,40,17,386,381,10,5
1N88,L57A,404,385,34,15,386,385,2,1
1N88,V12A,404,384,35,15,386,384,2,0
1N88,V30A,404,385,34,15,386,385,2,1
1N88,V43A,404,384,34,14,386,384,2,0
1N88,V49A,404,385,35,16,386,385,3,2
1N88,V51A,404,386,33,15,386,386,3,3
1N88,V54A,404,386,34,16,386,386,2,2
1N88,V81A,404,387,32,15,386,387,0,1
1N88,V83A,404,387,35,18,386,387,3,4
1N88,Y18A,404,384,37,17,386,384,7,5
1N88,Y26A,404,392,34,22,386,392,4,10
1O6X,A31G,314,291,33,10,291,291,0,0
1O6X,A50G,314,290,35,11,291,290,5,4
1O6X,D38A,314,292,32,10,291,292,0,1
1O6X,E14A,314,292,33,11,291,292,2,3
1O6X,E20G,314,294,32,12,291,294,0,3
1O6X,F39L,314,288,36,10,291,288,6,3
1O6X,F65A,314,292,33,11,291,292,1,2
1O6X,H51A,314,292,36,14,291,292,8,9
1O6X,I15V,314,289,35,10,291,289,3,1
1O6X,I23V,314,291,33,10,291,291,1,1
1O6X,I71V,314,284,39,9,291,284,7,0
1O6X,I75A,314,292,31,9,291,292,4,5
1O6X,K41A,314,291,34,11,291,291,2,2
1O6X,L26V,314,287,38,11,291,287,5,1
1O6X,N58A,314,292,33,11,291,292,0,1
1O6X,Q60G,314,293,32,11,291,293,1,3
1O6X,V12A,314,283,42,11,291,283,10,2
1O6X,V52A,314,288,36,10,291,288,5,2
1O6X,V64G,314,296,30,12,291,296,0,5
1O6X,Y73L,314,289,35,10,291,289,4,2
1R6R,I88N,282,262,26,6,261,262,0,1
1R6R,L50S,282,257,31,6,261,257,7,3
1R6R,L54S,282,269,25,12,261,269,0,8
1R6R,L81N,282,261,27,6,261,261,0,0
2BJD,V84D,374,373,1,0,374,373,1,0
2BJD,V84P,374,374,0,0,374,374,0,0
2BJD,Y86E,374,374,0,0,374,374,0,0
2C9Q,Y79F,418,418,1,1,418,418,1,1
2C9Q,Y79W,418,419,1,2,418,419,1,2
2CLR,H13F,352,352,0,0,352,352,0,0
2CLR,H31F,352,351,1,0,352,351,1,0
2CLR,H51F,352,351,1,0,352,351,1,0
2CLR,H84A,352,352,2,2,352,352,2,2
2DVV,Q443H,419,411,8,0,419,411,8,0
2DVV,R419W,419,410,12,3,419,410,12,3
2HBB,A22G,175,176,1,2,175,176,1,2
2HBB,A26G,175,177,1,3,175,177,1,3
2HBB,A36G,175,175,1,1,175,175,1,1
2HBB,A39G,175,178,0,3,175,178,0,3
2HBB,A42G,175,176,0,1,175,176,0,1
2HBB,A46G,175,176,0,1,175,176,0,1
2HBB,A49G,175,177,0,2,175,177,0,2
2HBB,D23A,175,175,2,2,175,175,2,2
2HBB,D23N,175,175,1,1,175,175,1,1
2HBB,D8A,175,178,0,3,175,178,0,3
2HBB,D8N,175,176,1,2,175,176,1,2
2HBB,E17A,175,179,0,4,175,179,0,4
2HBB,E17Q,175,175,0,0,175,175,0,0
2HBB,E38A,175,178,1,4,175,178,1,4
2HBB,E38Q,175,176,0,1,175,176,0,1
2HBB,E48Q,175,174,1,0,175,174,1,0
2HBB,F31A,175,174,4,3,175,174,4,3
2HBB,F5L,175,178,1,4,175,178,1,4
2HBB,G24A,175,173,2,0,175,173,2,0
2HBB,G34A,175,171,4,0,175,171,4,0
2HBB,I18A,175,181,0,6,175,181,0,6
2HBB,I18V,175,178,0,3,175,178,0,3
2HBB,I37A,175,175,1,1,175,175,1,1
2HBB,I37V,175,175,0,0,175,175,0,0
2HBB,I4V,175,176,0,1,175,176,0,1
2HBB,K10E,175,177,0,2,175,177,0,2
2HBB,K10M,175,179,0,4,175,179,0,4
2HBB,K12A,175,175,1,1,175,175,1,1
2HBB,K12G,175,175,1,1,175,175,1,1
2HBB,K12M,175,176,0,1,175,176,0,1
2HBB,K14A,175,179,0,4,175,179,0,4
2HBB,K14G,175,182,0,7,175,182,0,7
2HBB,K14M,175,179,0,4,175,179,0,4
2HBB,K15G,175,179,0,4,175,179,0,4
2HBB,K15M,175,175,0,0,175,175,0,0
2HBB,K7M,175,175,1,1,175,175,1,1
2HBB,L30A,175,175,1,1,175,175,1,1
2HBB,L35A,175,174,2,1,175,174,2,1
2HBB,L44A,175,178,0,3,175,178,0,3
2HBB,L47A,175,175,1,1,175,175,1,1
2HBB,L6A,175,178,0,3,175,178,0,3
2HBB,M1A,175,176,1,2,175,176,1,2
2HBB,T40S,175,175,0,0,175,175,0,0
2HBB,V21A,175,177,0,2,175,177,0,2
2HBB,V3A,175,175,2,2,175,175,2,2
2HBB,V9A,175,176,0,1,175,176,0,1
2JUC,C57D,226,194,37,5,194,194,2,2
2JUC,C57S,226,196,34,4,194,196,0,2
2JUC,R18A,226,195,37,6,194,195,2,3
2KJ3,D288A,278,257,33,12,254,257,1,4
2KJ3,E272A,278,255,33,10,254,255,1,2
2KJ3,G278A,278,254,35,11,254,254,1,1
2KJ3,K229A,278,258,32,12,254,258,0,4
2KJ3,L241A,278,253,35,10,254,253,1,0
2KJ3,S273A,278,253,35,10,254,253,1,0
2KJ3,V239A,278,254,34,10,254,254,0,0
2KJ3,V264A,278,253,34,9,254,253,1,0
2KJ3,V267A,278,252,36,10,254,252,2,0
2MPC,A89T,367,335,41,9,333,335,1,3
2MPC,R42A,367,339,42,14,333,339,1,7
2MPC,R42W,367,338,43,14,333,338,3,8
2N7Z,P88A,412,375,53,16,375,375,1,1
2OUO,A420D,417,408,12,3,417,408,12,3
2PTL,A22G,284,269,28,13,267,269,0,2
2PTL,A27P,284,267,31,14,267,267,2,2
2PTL,A27V,284,264,33,13,267,264,3,0
2PTL,A34G,284,264,32,12,267,264,3,0
2PTL,A34V,284,266,31,13,267,266,2,1
2PTL,A43G,284,264,33,13,267,264,4,1
2PTL,A47G,284,266,31,13,267,266,2,1
2PTL,A49G,284,267,30,13,267,267,0,0
2PTL,A51G,284,265,30,11,267,265,2,0
2PTL,A66G,284,265,32,13,267,265,2,0
2PTL,D52A,284,267,32,15,267,267,4,4
2PTL,D52G,284,271,32,19,267,271,3,7
2PTL,D64A,284,269,28,13,267,269,1,3
2PTL,E35A,284,269,29,14,267,269,1,3
2PTL,E46G,284,265,33,14,267,265,4,2
2PTL,E46I,284,265,32,13,267,265,2,0
2PTL,E60A,284,271,27,14,267,271,1,5
2PTL,F26A,284,266,33,15,267,266,4,3
2PTL,F26L,284,268,31,15,267,268,1,2
2PTL,F36A,284,269,29,14,267,269,0,2
2PTL,F36L,284,268,29,13,267,268,0,1
2PTL,F40G,284,262,36,14,267,262,9,4
2PTL,F40L,284,263,33,12,267,263,5,1
2PTL,F76L,284,268,29,13,267,268,1,2
2PTL,F76V,284,268,31,15,267,268,2,3
2PTL,G29A,284,266,31,13,267,266,1,0
2PTL,G29V,284,265,32,13,267,265,2,0
2PTL,G38A,284,266,32,14,267,266,3,2
2PTL,G59A,284,265,32,13,267,265,2,0
2PTL,G69A,284,262,34,12,267,262,5,0
2PTL,I20A,284,267,30,13,267,267,2,2
2PTL,I20V,284,267,30,13,267,267,2,2
2PTL,I25A,284,267,32,15,267,267,3,3
2PTL,I25V,284,265,32,13,267,265,3,1
2PTL,I74A,284,268,29,13,267,268,2,3
2PTL,I74V,284,267,30,13,267,267,1,1
2PTL,K21A,284,269,32,17,267,269,2,4
2PTL,K37A,284,268,31,15,267,268,4,5
2PTL,K42G,284,269,30,15,267,269,1,3
2PTL,K55A,284,271,29,16,267,271,2,6
2PTL,K56A,284,271,29,16,267,271,1,5
2PTL,K68A,284,266,30,12,267,266,1,0
2PTL,K75A,284,268,31,15,267,268,1,2
2PTL,L24A,284,267,30,13,267,267,1,1
2PTL,L54A,284,268,32,16,267,268,2,3
2PTL,L72A,284,268,30,14,267,268,1,2
2PTL,N23A,284,267,29,12,267,267,1,1
2PTL,N28A,284,267,31,14,267,267,1,1
2PTL,N58A,284,267,31,14,267,267,2,2
2PTL,N73A,284,269,30,15,267,269,1,3
2PTL,S30A,284,267,30,13,267,267,0,0
2PTL,S45A,284,266,31,13,267,266,1,0
2PTL,S45G,284,265,33,14,267,265,4,2
2PTL,T19A,284,267,30,13,267,267,1,1
2PTL,T31A,284,268,30,14,267,268,0,1
2PTL,T33A,284,271,30,17,267,271,1,5
2PTL,T39A,284,267,30,13,267,267,0,0
2PTL,T44A,284,270,30,16,267,270,3,6
2PTL,T53G,284,267,31,14,267,267,1,1
2PTL,T62A,284,268,29,13,267,268,0,1
2PTL,T71A,284,266,33,15,267,266,4,3
2PTL,V18A,284,269,29,14,267,269,0,2
2PTL,V63A,284,267,31,14,267,267,2,2
2PTL,V65A,284,268,29,13,267,268,0,1
2PTL,Y48A,284,270,29,15,267,270,1,4
2PTL,Y50A,284,267,31,14,267,267,1,1
2PTL,Y70A,284,264,33,13,267,264,6,3
2PTL,Y70L,284,268,30,14,267,268,1,2
2RPN,E7L,264,243,34,13,243,243,0,0
2RPN,V21K,264,237,38,11,243,237,9,3
2WQG,D15A,191,169,28,6,167,169,0,2
2WQG,D38A,191,170,28,7,167,170,2,5
2WQG,D39A,191,166,29,4,167,166,2,1
2WQG,D39N,191,166,30,5,167,166,2,1
2WQG,E40Q,191,167,29,5,167,167,0,0
2WQG,E41G,191,170,27,6,167,170,0,3
2WQG,I36A,191,167,30,6,167,167,1,1
2WQG,I36V,191,166,30,5,167,166,1,0
2WQG,K14A,191,170,27,6,167,170,0,3
2WQG,K14G,191,171,27,7,167,171,0,4
2WQG,K19A,191,169,29,7,167,169,0,2
2WQG,K28A,191,164,32,5,167,164,3,0
2WQG,L13A,191,169,29,7,167,169,1,3
2WQG,L16A,191,166,29,4,167,166,2,1
2WQG,L8A,191,168,29,6,167,168,1,2
2WQG,Q12A,191,167,30,6,167,167,1,1
2WQG,Q12G,191,168,30,7,167,168,1,2
2WQG,Q33A,191,170,29,8,167,170,1,4
2WQG,R34A,191,165,32,6,167,165,6,4
2WQG,S23A,191,168,28,5,167,168,0,1
2WQG,S6A,191,170,26,5,167,170,0,3
2WQG,S6G,191,170,26,5,167,170,0,3
2WQG,T9S,191,166,30,5,167,166,1,0
2WQG,V10A,191,168,28,5,167,168,0,1
2WQG,V10G,191,165,33,7,167,165,4,2
2WQG,V11A,191,167,29,5,167,167,0,0
2WQG,V11G,191,170,29,8,167,170,0,3
2WQG,V24A,191,168,28,5,167,168,0,1
2WQG,Y5F,191,168,29,6,167,168,1,2
2ZTA,E11Q,69,68,1,0,69,68,1,0
2ZTA,E20Q,69,68,2,1,69,68,2,1
2ZTA,E22Q,69,70,4,5,69,70,4,5
2ZTA,K15A,69,72,0,3,69,72,0,3
2ZTA,K27A,69,72,0,3,69,72,0,3
2ZTA,K28A,69,72,0,3,69,72,0,3
2ZTA,K8A,69,70,0,1,69,70,0,1
2ZTA,R25A,69,72,1,4,69,72,1,4
3BN0,I20V,327,325,3,1,327,325,3,1
3C2I,F155S,226,228,2,4,226,228,2,4
3C2I,T158A,226,226,0,0,226,226,0,0
3C2I,T158M,226,226,1,1,226,226,1,1
3DV0,A131G,159,142,93,76,159,142,93,76
3DV0,A139G,159,142,94,77,159,142,94,77
3DV0,A165G,159,144,93,78,159,144,93,78
3DV0,A168G,159,143,93,77,159,143,93,77
3DV0,D145A,159,146,91,78,159,146,91,78
3DV0,D145N,159,143,93,77,159,143,93,77
3DV0,D162N,159,142,93,76,159,142,93,76
3DV0,D164A,159,143,94,78,159,143,94,78
3DV0,D164G,159,146,94,81,159,146,94,81
3DV0,D164N,159,143,94,78,159,143,94,78
3DV0,E141A,159,146,92,79,159,146,92,79
3DV0,E141Q,159,141,94,76,159,141,94,76
3DV0,I130A,159,142,93,76,159,142,93,76
3DV0,I130G,159,142,93,76,159,142,93,76
3DV0,I130V,159,143,93,77,159,143,93,77
3DV0,I146A,159,144,92,77,159,144,92,77
3DV0,I146V,159,143,93,77,159,143,93,77
3DV0,I163V,159,144,93,78,159,144,93,78
3DV0,L159A,159,144,91,76,159,144,91,76
3DV0,L159G,159,144,92,77,159,144,92,77
3DV0,L159V,159,144,92,77,159,144,92,77
3DV0,L167A,159,143,93,77,159,143,93,77
3DV0,L167V,159,143,93,77,159,143,93,77
3DV0,V135A,159,142,94,77,159,142,94,77
3DV0,V144A,159,144,93,78,159,144,93,78
3DV0,V149A,159,142,93,76,159,142,93,76
3DV0,V149G,159,142,92,75,159,142,92,75
3DV0,V158A,159,144,92,77,159,144,92,77
3DV0,Y138F,159,142,93,76,159,142,93,76
3FIS,P61A,230,229,1,0,230,229,1,0
3G1G,D155Y,293,292,3,2,293,292,3,2
3G1G,F167Y,293,291,3,1,293,291,3,1
3G1G,I190V,293,290,3,0,293,290,3,0
3G1G,R185W,293,291,3,1,293,291,3,1
3K82,E334L,393,396,194,197,393,396,194,197
3K82,E334Q,393,392,196,195,393,392,196,195
3K82,E401R,393,392,196,195,393,392,196,195
3MON,R39G,137,139,1,3,137,139,1,3
3MON,W3C,137,139,0,2,137,139,0,2
3O39,L32P,296,276,25,5,296,276,25,5
3S92,H395R,413,413,4,4,413,413,4,4
4N6V,H75W,338,338,1,1,338,338,1,1
4N6V,P36G,338,338,2,2,338,338,2,2
4N6V,P79S,338,339,2,3,338,339,2,3
4YEE,V134T,299,298,4,3,299,298,4,3
4YEF,T134V,283,283,2,2,283,283,2,2
5JXB,D329G,479,472,9,2,479,472,9,2
5JXB,D329P,479,473,9,3,479,473,9,3
1A0F,S11A,423,422,2,1,423,422,2,1
1A7V,A104H,495,494,1,0,495,494,1,0
1A7V,A66H,495,498,1,4,495,498,1,4
1A7V,A91H,495,492,3,0,495,492,3,0
1A7V,D3H,495,495,0,0,495,495,0,0
1A7V,D58H,495,494,1,0,495,494,1,0
1A7V,E73H,495,495,1,1,495,495,1,1
1A7V,K13H,495,496,2,3,495,496,2,3
1A7V,K20H,495,496,1,2,495,496,1,2
1A7V,K31H,495,497,0,2,495,497,0,2
1A7V,K39H,495,495,0,0,495,495,0,0
1A7V,K49H,495,495,2,2,495,495,2,2
1A7V,K84H,495,495,2,2,495,495,2,2
1A7V,K97H,495,490,5,0,495,490,5,0
1BNL,D76A,422,422,1,1,422,422,1,1
1DIV,D23A,436,392,59,15,392,392,1,1
1DIV,D23N,436,392,60,16,392,392,1,1
1DIV,D8N,436,393,60,17,392,393,1,2
1DIV,E100A,436,390,61,15,392,390,2,0
1DIV,E100G,436,393,60,17,392,393,2,3
1DIV,E17Q,436,392,59,15,392,392,0,0
1DIV,E38Q,436,391,60,15,392,391,1,0
1DIV,E48Q,436,389,62,15,392,389,4,1
1DIV,E54Q,436,387,64,15,392,387,7,2
1DIV,H106Q,436,390,62,16,392,390,3,1
1DIV,I115A,436,392,59,15,392,392,1,1
1DIV,I4A,436,390,62,16,392,390,5,3
1DIV,I4V,436,394,59,17,392,394,1,3
1DIV,I79A,436,392,59,15,392,392,0,0
1DIV,I93A,436,393,59,16,392,393,0,1
1DIV,I98A,436,393,58,15,392,393,0,1
1DIV,K10M,436,394,59,17,392,394,0,2
1DIV,K14M,436,391,62,17,392,391,3,2
1DIV,K15M,436,393,59,16,392,393,0,1
1DIV,K7M,436,392,59,15,392,392,0,0
1DIV,K96A,436,393,59,16,392,393,0,1
1DIV,K96G,436,395,59,18,392,395,0,3
1DIV,L102A,436,394,58,16,392,394,1,3
1DIV,L108A,436,394,60,18,392,394,3,5
1DIV,L110A,436,392,60,16,392,392,1,1
1DIV,L117A,436,392,59,15,392,392,0,0
1DIV,L30A,436,393,58,15,392,393,0,1
1DIV,L30V,436,394,57,15,392,394,0,2
1DIV,L6A,436,396,57,17,392,396,1,5
1DIV,L6I,436,395,57,16,392,395,0,3
1DIV,L6V,436,393,59,16,392,393,2,3
1DIV,L72A,436,392,59,15,392,392,0,0
1DIV,M1A,436,389,62,15,392,389,5,2
1DIV,M1G,436,387,64,15,392,387,7,2
1DIV,V21A,436,393,59,16,392,393,1,2
1DIV,V21I,436,392,60,16,392,392,1,1
1DIV,V21L,436,391,60,15,392,391,2,1
1DIV,V3A,436,393,58,15,392,393,0,1
1DIV,V3I,436,391,60,15,392,391,2,1
1DIV,V3L,436,391,61,16,392,391,3,2
1DXX,K18N,459,456,4,1,459,456,4,1
1FH5,S18N,456,456,0,0,456,456,0,0
1FT8,L212V,415,414,1,0,415,414,1,0
1FT8,L238I,415,415,5,5,415,415,5,5
1FT8,M216L,415,416,0,1,415,416,0,1
1G3P,N138G,411,404,223,216,411,404,223,216
1GWY,A8D,504,501,3,0,504,501,3,0
1ITM,C24T,508,463,53,8,461,463,2,4
1ITM,C3T,508,459,54,5,461,459,2,0
1ITM,W91S,508,462,55,9,461,462,3,4
1JLV,E64D,427,429,0,2,427,429,0,2
1JLV,E64N,427,428,2,3,427,428,2,3
1JLV,E64Q,427,428,1,2,427,428,1,2
1LVM,E106G,381,381,1,1,381,381,1,1
1LVM,K45F,381,380,3,2,381,380,3,2
1LVM,L56V,381,381,1,1,381,381,1,1
1LVM,Q58F,381,382,1,2,381,382,1,2
1N18,E100G,484,489,2,7,484,489,2,7
1N18,G85R,484,476,11,3,484,476,11,3
1N18,H46R,484,481,3,0,484,481,3,0
1O1U,E110A,498,460,56,18,462,460,4,2
1O1U,N61A,498,461,58,21,462,461,2,1
1O1U,Q51A,498,463,55,20,462,463,2,3
1O1U,Q99A,498,462,56,20,462,462,2,2
1O1U,T38A,498,463,55,20,462,463,0,1
1O1U,W49Y,498,462,55,19,462,462,2,2
1OSI,I11V,517,469,80,32,469,469,0,0
1OSI,S92F,517,468,83,34,469,468,3,2
1OSI,V15I,517,469,80,32,469,469,0,0
1PFL,A20T,570,522,62,14,523,522,1,0
1PFL,G117V,570,519,64,13,523,519,4,0
1PFL,M113T,570,525,62,17,523,525,8,10
1PFL,T108M,570,518,65,13,523,518,6,1
1PRG,Q286P,363,364,1,2,363,364,1,2
1PRG,R288H,363,366,1,4,363,366,1,4
1PRG,V290M,363,363,3,3,363,363,3,3
1SPD,C111S,463,463,1,1,463,463,1,1
1SPD,C6A,463,462,1,0,463,462,1,0
1XWS,E124Q,408,409,0,1,408,409,0,1
1XWS,E135K,408,408,0,0,408,408,0,0
1XWS,E142D,408,408,0,0,408,408,0,0
1XWS,Y53H,408,415,0,7,408,415,0,7
1XXN,N32D,402,401,2,1,402,401,2,1
1XXN,N54E,402,401,1,0,402,401,1,0
1XXN,S22E,402,401,1,0,402,401,1,0
1XXN,S27E,402,401,3,2,402,401,3,2
1XZO,F42W,434,432,5,3,434,432,5,3
1XZO,W101F,434,439,4,9,434,439,4,9
1XZO,W36A,434,433,8,7,434,433,8,7
1XZO,W36F,434,433,4,3,434,433,4,3
2ARF,H1069Q,404,365,49,10,363,365,1,3
2H3F,E12A,465,432,50,17,430,432,0,2
2JIE,H104R,432,432,1,1,432,432,1,1
2JIE,Q22S,432,435,1,4,432,435,1,4
2JIE,S17A,432,435,0,3,432,435,0,3
2JIE,S19A,432,434,0,2,432,434,0,2
2JIE,T18A,432,432,1,1,432,432,1,1
2JIE,W123F,432,431,1,0,432,431,1,0
2JIE,W123H,432,431,1,0,432,431,1,0
2JIE,Y21A,432,433,5,6,432,433,5,6
2KS4,D9A,533,506,47,20,507,506,1,0
2KS4,E2A,533,508,47,22,507,508,0,1
2LTB,L558P,478,444,50,16,444,444,5,5
2LTB,L569R,478,443,50,15,444,443,3,2
2LTB,M619K,478,444,48,14,444,444,0,0
2LTB,R533Q,478,446,49,17,444,446,1,3
2LTB,R555Q,478,444,48,14,444,444,0,0
2LTB,R555W,478,442,51,15,444,442,3,1
2M5S,D302A,515,475,58,18,473,475,0,2
2M5S,H305A,515,475,58,18,473,475,1,3
2NTE,R658C,435,441,3,9,435,441,3,9
2PR5,A33Y,450,451,1,2,450,451,1,2
2PR5,A81M,450,451,1,2,450,451,1,2
2PR5,D109E,450,452,3,5,450,452,3,5
2PR5,H22K,450,451,1,2,450,451,1,2
2PR5,H22W,450,450,2,2,450,450,2,2
2PR5,M111F,450,454,1,5,450,454,1,5
2PR5,N107F,450,451,1,2,450,451,1,2
2PR5,N107Y,450,451,1,2,450,451,1,2
2PR5,N124F,450,445,9,4,450,445,9,4
2PR5,N124Y,450,445,11,6,450,445,11,6
2PR5,T30M,450,452,3,5,450,452,3,5
2PR5,T50M,450,452,2,4,450,452,2,4
2PR5,T54Y,450,450,2,2,450,450,2,2
2PR5,V120I,450,453,0,3,450,453,0,3
2PR5,V25I,450,452,0,2,450,452,0,2
2PR5,V88L,450,452,0,2,450,452,0,2
2PR5,V90I,450,454,0,4,450,454,0,4
2VY0,E53A,383,386,1,4,383,386,1,4
3BCI,E96Q,448,448,0,0,448,448,0,0
3D3B,D118A,476,473,4,1,476,473,4,1
3D3B,D118E,476,472,5,1,476,472,5,1
3D3B,D118K,476,472,5,1,476,472,5,1
3D3B,D118N,476,473,4,1,476,473,4,1
3D3B,D118R,476,470,7,1,476,470,7,1
3ECU,H46R,488,487,2,1,488,487,2,1
3S4M,D122Y,470,471,1,2,470,471,1,2
3S4M,G130V,470,469,4,3,470,469,4,3
3S4M,I154F,470,470,3,3,470,470,3,3
3S4M,W155R,470,471,3,4,470,471,3,4
4BJX,A89V,443,444,1,2,443,444,1,2
4BUQ,Y48A,442,447,0,5,442,447,0,5
4WAA,K65A,382,385,1,4,382,385,1,4
4WAA,K67A,382,383,2,3,382,383,2,3
4WAA,R27A,382,382,1,1,382,382,1,1
5VP3,R39K,435,413,50,28,410,413,2,5
1BA3,H461D,1753,1733,28,8,1753,1733,28,8
1BA3,H489D,1753,1736,26,9,1753,1736,26,9
1BA3,H489K,1753,1738,24,9,1753,1738,24,9
1BA3,H489M,1753,1739,24,10,1753,1739,24,10
1DIV,V129A,436,80,357,1,392,80,312,0
1F8I,F345A,1261,1260,2,1,1261,1260,2,1
1FT8,L349I,415,421,0,6,415,421,0,6
1LVM,S135G,381,360,21,0,381,360,21,0
1NM1,D187N,1031,1026,10,5,1031,1026,10,5
1NM1,D187Y,1031,1027,9,5,1031,1027,9,5
1PRE,C159S,1316,1316,1,1,1316,1316,1,1
1R2Y,R244E,664,645,24,5,664,645,24,5
1XXN,N181R,402,209,193,0,402,209,193,0
3D2A,M134E,211,209,2,0,211,209,2,0
3D2A,M137P,211,211,1,1,211,211,1,1
3D2A,S163P,211,210,1,0,211,210,1,0
5OAQ,Y429H,191,191,0,0,191,191,0,0
