benchmark,features,n_features,n_test,r,ci_low,ci_high
s669,P（仅理化）,5,508,0.39002235759753995,0.2637021394648097,0.49326050085794215
s669,S（仅结构）,5,508,0.2965336450965815,0.13209755391735697,0.40658044998315485
s669,E（仅 ESM-2）,2560,508,0.23777178247309042,0.07549547148644929,0.3753367850733658
s669,P+S,10,508,0.4270509971042659,0.28095867489598775,0.5375660988843122
s669,P+E,2565,508,0.2481215275948614,0.09116996219313103,0.3851926754682289
s669,S+E,2565,508,0.2521199430461924,0.0898264020254,0.38902530842841654
s669,P+S+E,2570,508,0.25998213856718644,0.10240525387642868,0.39459391645429287
ssym,P（仅理化）,5,342,0.30547153459163867,0.14259362052882577,0.46976520200022237
ssym,S（仅结构）,5,342,0.3007777804998899,0.08100450687281825,0.44110378940471234
ssym,E（仅 ESM-2）,2560,342,0.34476464794582723,0.20568024582905522,0.49214895909855927
ssym,P+S,10,342,0.4084047159025071,0.16185280522915685,0.5737659490195933
ssym,P+E,2565,342,0.35284558316145775,0.22553219409972933,0.5011076885823105
ssym,S+E,2565,342,0.38369342566310227,0.2644562176584697,0.507329280637648
ssym,P+S+E,2570,342,0.38754425914900226,0.2743622308555224,0.514351834388374
