pdb_id,mut_info,offset,chain_idx,node_idx,seq_len,direct_in_range,node_in_range,direct_aa,node_aa,claim
1AMQ,C191Y,0,179,179,396,True,True,C,C,C
1AMQ,C191F,0,179,179,396,True,True,C,C,C
1AMQ,C191W,0,179,179,396,True,True,C,C,C
1AMQ,C191S,0,179,179,396,True,True,C,C,C
1BNI,F7L,0,4,4,108,True,True,F,F,F
1BNI,L14A,0,11,11,108,True,True,L,L,L
1BNI,T26A,0,23,23,108,True,True,T,T,T
1BNI,I51V,0,48,48,108,True,True,I,I,I
1BNI,I76A,0,73,73,108,True,True,I,I,I
1BNI,I76V,0,73,73,108,True,True,I,I,I
1BNI,Y78F,0,75,75,108,True,True,Y,Y,Y
1BNI,I88A,0,85,85,108,True,True,I,I,I
1BNI,I88V,0,85,85,108,True,True,I,I,I
1BNI,L89V,0,86,86,108,True,True,L,L,L
1BNI,S91A,0,88,88,108,True,True,S,S,S
1BNI,I96A,0,93,93,108,True,True,I,I,I
1BNI,I96V,0,93,93,108,True,True,I,I,I
1CEY,D12A,0,10,10,128,True,True,D,D,D
1CEY,D13A,0,11,11,128,True,True,D,D,D
1CEY,D57A,0,55,55,128,True,True,D,D,D
1EY0,T22C,0,16,16,136,True,True,T,T,T
1EY0,T22V,0,16,16,136,True,True,T,T,T
1EY0,V23L,0,17,17,136,True,True,V,V,V
1EY0,L25I,0,19,19,136,True,True,L,L,L
1EY0,T33V,0,27,27,136,True,True,T,T,T
1EY0,T41C,0,35,35,136,True,True,T,T,T
1EY0,T41I,0,35,35,136,True,True,T,T,T
1EY0,T41S,0,35,35,136,True,True,T,T,T
1EY0,T41V,0,35,35,136,True,True,T,T,T
1EY0,T44V,0,38,38,136,True,True,T,T,T
1EY0,S59A,0,53,53,136,True,True,S,S,S
1EY0,T62S,0,56,56,136,True,True,T,T,T
1EY0,T62V,0,56,56,136,True,True,T,T,T
1EY0,V66I,0,60,60,136,True,True,V,V,V
1EY0,V66L,0,60,60,136,True,True,V,V,V
1EY0,V66K,0,60,60,136,True,True,V,V,V
1EY0,I72L,0,66,66,136,True,True,I,I,I
1EY0,I72V,0,66,66,136,True,True,I,I,I
1EY0,T82S,0,76,76,136,True,True,T,T,T
1EY0,I92V,0,86,86,136,True,True,I,I,I
1EY0,K116G,0,110,110,136,True,True,K,K,K
1EY0,P117A,0,111,111,136,True,True,P,P,P
1EY0,P117G,0,111,111,136,True,True,P,P,P
1EY0,P117T,0,111,111,136,True,True,P,P,P
1EY0,T120C,0,114,114,136,True,True,T,T,T
1EY0,T120S,0,114,114,136,True,True,T,T,T
1EY0,T120V,0,114,114,136,True,True,T,T,T
1EY0,S128A,0,122,122,136,True,True,S,S,S
1IHB,F71N,0,66,66,156,True,True,F,F,F
1IHB,F82Q,0,77,77,156,True,True,F,F,F
1IHB,F92N,0,87,87,156,True,True,F,F,F
1IOB,T9G,0,8,8,153,True,True,T,T,T
1L63,M6A,0,5,5,162,True,True,M,M,M
1L63,M6L,0,5,5,162,True,True,M,M,M
1L63,E11H,0,10,10,162,True,True,E,E,E
1L63,E11N,0,10,10,162,True,True,E,E,E
1L63,I17A,0,16,16,162,True,True,I,I,I
1L63,D20A,0,19,19,162,True,True,D,D,D
1L63,D20N,0,19,19,162,True,True,D,D,D
1L63,D20S,0,19,19,162,True,True,D,D,D
1L63,I27A,0,26,26,162,True,True,I,I,I
1L63,I27M,0,26,26,162,True,True,I,I,I
1L63,I29A,0,28,28,162,True,True,I,I,I
1L63,S38N,0,37,37,162,True,True,S,S,S
1L63,A41S,0,40,40,162,True,True,A,A,A
1L63,A42V,0,41,41,162,True,True,A,A,A
1L63,A42S,0,41,41,162,True,True,A,A,A
1L63,K43A,0,42,42,162,True,True,K,K,K
1L63,S44A,0,43,43,162,True,True,S,S,S
1L63,S44I,0,43,43,162,True,True,S,S,S
1L63,S44L,0,43,43,162,True,True,S,S,S
1L63,S44K,0,43,43,162,True,True,S,S,S
1L63,S44E,0,43,43,162,True,True,S,S,S
1L63,S44G,0,43,43,162,True,True,S,S,S
1L63,S44R,0,43,43,162,True,True,S,S,S
1L63,S44N,0,43,43,162,True,True,S,S,S
1L63,S44F,0,43,43,162,True,True,S,S,S
1L63,S44P,0,43,43,162,True,True,S,S,S
1L63,S44T,0,43,43,162,True,True,S,S,S
1L63,S44V,0,43,43,162,True,True,S,S,S
1L63,L46A,0,45,45,162,True,True,L,L,L
1L63,D47A,0,46,46,162,True,True,D,D,D
1L63,A49S,0,48,48,162,True,True,A,A,A
1L63,I50A,0,49,49,162,True,True,I,I,I
1L63,I50M,0,49,49,162,True,True,I,I,I
1L63,I58A,0,57,57,162,True,True,I,I,I
1L63,I58T,0,57,57,162,True,True,I,I,I
1L63,T59A,0,58,58,162,True,True,T,T,T
1L63,T59D,0,58,58,162,True,True,T,T,T
1L63,T59G,0,58,58,162,True,True,T,T,T
1L63,T59N,0,58,58,162,True,True,T,T,T
1L63,T59S,0,58,58,162,True,True,T,T,T
1L63,T59V,0,58,58,162,True,True,T,T,T
1L63,L66M,0,65,65,162,True,True,L,L,L
1L63,F67A,0,66,66,162,True,True,F,F,F
1L63,D72P,0,71,71,162,True,True,D,D,D
1L63,A73S,0,72,72,162,True,True,A,A,A
1L63,V75T,0,74,74,162,True,True,V,V,V
1L63,I78A,0,77,77,162,True,True,I,I,I
1L63,I78M,0,77,77,162,True,True,I,I,I
1L63,I78V,0,77,77,162,True,True,I,I,I
1L63,A82S,0,81,81,162,True,True,A,A,A
1L63,L84A,0,83,83,162,True,True,L,L,L
1L63,L84M,0,83,83,162,True,True,L,L,L
1L63,V87A,0,86,86,162,True,True,V,V,V
1L63,V87M,0,86,86,162,True,True,V,V,V
1L63,V87I,0,86,86,162,True,True,V,V,V
1L63,V87T,0,86,86,162,True,True,V,V,V
1L63,L91A,0,90,90,162,True,True,L,L,L
1L63,L91M,0,90,90,162,True,True,L,L,L
1L63,D92N,0,91,91,162,True,True,D,D,D
1L63,A93S,0,92,92,162,True,True,A,A,A
1L63,A98C,0,97,97,162,True,True,A,A,A
1L63,A98L,0,97,97,162,True,True,A,A,A
1L63,A98S,0,97,97,162,True,True,A,A,A
1L63,A98V,0,97,97,162,True,True,A,A,A
1L63,L99A,0,98,98,162,True,True,L,L,L
1L63,L99F,0,98,98,162,True,True,L,L,L
1L63,L99I,0,98,98,162,True,True,L,L,L
1L63,L99M,0,98,98,162,True,True,L,L,L
1L63,L99V,0,98,98,162,True,True,L,L,L
1L63,I100A,0,99,99,162,True,True,I,I,I
1L63,I100M,0,99,99,162,True,True,I,I,I
1L63,I100V,0,99,99,162,True,True,I,I,I
1L63,N101A,0,100,100,162,True,True,N,N,N
1L63,M102L,0,101,101,162,True,True,M,M,M
1L63,V103A,0,102,102,162,True,True,V,V,V
1L63,V103I,0,102,102,162,True,True,V,V,V
1L63,V103M,0,102,102,162,True,True,V,V,V
1L63,F104M,0,103,103,162,True,True,F,F,F
1L63,Q105M,0,104,104,162,True,True,Q,Q,Q
1L63,M106I,0,105,105,162,True,True,M,M,M
1L63,M106L,0,105,105,162,True,True,M,M,M
1L63,M106K,0,105,105,162,True,True,M,M,M
1L63,T109D,0,108,108,162,True,True,T,T,T
1L63,T109N,0,108,108,162,True,True,T,T,T
1L63,V111A,0,110,110,162,True,True,V,V,V
1L63,V111I,0,110,110,162,True,True,V,V,V
1L63,V111M,0,110,110,162,True,True,V,V,V
1L63,S117F,0,116,116,162,True,True,S,S,S
1L63,L118A,0,117,117,162,True,True,L,L,L
1L63,L118M,0,117,117,162,True,True,L,L,L
1L63,M120L,0,119,119,162,True,True,M,M,M
1L63,M120K,0,119,119,162,True,True,M,M,M
1L63,M120Y,0,119,119,162,True,True,M,M,M
1L63,L121M,0,120,120,162,True,True,L,L,L
1L63,A129F,0,128,128,162,True,True,A,A,A
1L63,A129W,0,128,128,162,True,True,A,A,A
1L63,A130S,0,129,129,162,True,True,A,A,A
1L63,L133F,0,132,132,162,True,True,L,L,L
1L63,L133M,0,132,132,162,True,True,L,L,L
1L63,A134S,0,133,133,162,True,True,A,A,A
1L63,N144E,0,143,143,162,True,True,N,N,N
1L63,V149A,0,148,148,162,True,True,V,V,V
1L63,V149C,0,148,148,162,True,True,V,V,V
1L63,V149G,0,148,148,162,True,True,V,V,V
1L63,V149I,0,148,148,162,True,True,V,V,V
1L63,V149M,0,148,148,162,True,True,V,V,V
1L63,V149T,0,148,148,162,True,True,V,V,V
1L63,V149S,0,148,148,162,True,True,V,V,V
1L63,T152A,0,151,151,162,True,True,T,T,T
1L63,T152C,0,151,151,162,True,True,T,T,T
1L63,T152I,0,151,151,162,True,True,T,T,T
1L63,T152S,0,151,151,162,True,True,T,T,T
1L63,T152V,0,151,151,162,True,True,T,T,T
1L63,F153A,0,152,152,162,True,True,F,F,F
1L63,F153I,0,152,152,162,True,True,F,F,F
1L63,F153L,0,152,152,162,True,True,F,F,F
1L63,F153M,0,152,152,162,True,True,F,F,F
1L63,F153V,0,152,152,162,True,True,F,F,F
1LZ1,V2A,0,1,1,130,True,True,V,V,V
1LZ1,V2G,0,1,1,130,True,True,V,V,V
1LZ1,V2S,0,1,1,130,True,True,V,V,V
1LZ1,V2Y,0,1,1,130,True,True,V,V,V
1LZ1,V2D,0,1,1,130,True,True,V,V,V
1LZ1,V2N,0,1,1,130,True,True,V,V,V
1LZ1,V2R,0,1,1,130,True,True,V,V,V
1LZ1,V2L,0,1,1,130,True,True,V,V,V
1LZ1,V2M,0,1,1,130,True,True,V,V,V
1LZ1,V2F,0,1,1,130,True,True,V,V,V
1LZ1,Y20F,0,19,19,130,True,True,Y,Y,Y
1LZ1,I23A,0,22,22,130,True,True,I,I,I
1LZ1,I23V,0,22,22,130,True,True,I,I,I
1LZ1,Y38F,0,37,37,130,True,True,Y,Y,Y
1LZ1,Y45F,0,44,44,130,True,True,Y,Y,Y
1LZ1,A47P,0,46,46,130,True,True,A,A,A
1LZ1,Y54F,0,53,53,130,True,True,Y,Y,Y
1LZ1,I56A,0,55,55,130,True,True,I,I,I
1LZ1,I56T,0,55,55,130,True,True,I,I,I
1LZ1,I56V,0,55,55,130,True,True,I,I,I
1LZ1,I59A,0,58,58,130,True,True,I,I,I
1LZ1,I59G,0,58,58,130,True,True,I,I,I
1LZ1,I59V,0,58,58,130,True,True,I,I,I
1LZ1,Y63F,0,62,62,130,True,True,Y,Y,Y
1LZ1,P71G,0,70,70,130,True,True,P,P,P
1LZ1,V74A,0,73,73,130,True,True,V,V,V
1LZ1,V74G,0,73,73,130,True,True,V,V,V
1LZ1,V74I,0,73,73,130,True,True,V,V,V
1LZ1,V74L,0,73,73,130,True,True,V,V,V
1LZ1,V74M,0,73,73,130,True,True,V,V,V
1LZ1,V74F,0,73,73,130,True,True,V,V,V
1LZ1,V74Y,0,73,73,130,True,True,V,V,V
1LZ1,V74D,0,73,73,130,True,True,V,V,V
1LZ1,V74N,0,73,73,130,True,True,V,V,V
1LZ1,V74R,0,73,73,130,True,True,V,V,V
1LZ1,V74S,0,73,73,130,True,True,V,V,V
1LZ1,C77A,0,76,76,130,True,True,C,C,C
1LZ1,I89A,0,88,88,130,True,True,I,I,I
1LZ1,I89V,0,88,88,130,True,True,I,I,I
1LZ1,D91P,0,90,90,130,True,True,D,D,D
1LZ1,V93A,0,92,92,130,True,True,V,V,V
1LZ1,V99A,0,98,98,130,True,True,V,V,V
1LZ1,V100A,0,99,99,130,True,True,V,V,V
1LZ1,P103G,0,102,102,130,True,True,P,P,P
1LZ1,I106A,0,105,105,130,True,True,I,I,I
1LZ1,I106V,0,105,105,130,True,True,I,I,I
1LZ1,V110A,0,109,109,130,True,True,V,V,V
1LZ1,V110D,0,109,109,130,True,True,V,V,V
1LZ1,V110G,0,109,109,130,True,True,V,V,V
1LZ1,V110I,0,109,109,130,True,True,V,V,V
1LZ1,V110L,0,109,109,130,True,True,V,V,V
1LZ1,V110M,0,109,109,130,True,True,V,V,V
1LZ1,V110N,0,109,109,130,True,True,V,V,V
1LZ1,V110R,0,109,109,130,True,True,V,V,V
1LZ1,V110F,0,109,109,130,True,True,V,V,V
1LZ1,V110P,0,109,109,130,True,True,V,V,V
1LZ1,V110Y,0,109,109,130,True,True,V,V,V
1LZ1,V121A,0,120,120,130,True,True,V,V,V
1LZ1,Y124F,0,123,123,130,True,True,Y,Y,Y
1LZ1,V125A,0,124,124,130,True,True,V,V,V
1LZ1,V130A,0,129,129,130,True,True,V,V,V
1OH0,Y32F,0,29,29,125,True,True,Y,Y,Y
1OH0,Y57F,0,54,54,125,True,True,Y,Y,Y
1RN1,Q25K,0,24,24,104,True,True,Q,Q,Q
1VQB,I47L,0,46,46,86,True,True,I,I,I
1VQB,I47M,0,46,46,86,True,True,I,I,I
1VQB,I47V,0,46,46,86,True,True,I,I,I
1VQB,V35I,0,34,34,86,True,True,V,V,V
1VQB,Y41F,0,40,40,86,True,True,Y,Y,Y
2LZM,I3L,0,2,2,164,True,True,I,I,I
2LZM,I3C,0,2,2,164,True,True,I,I,I
2LZM,I3P,0,2,2,164,True,True,I,I,I
2LZM,I3Y,0,2,2,164,True,True,I,I,I
2LZM,I3V,0,2,2,164,True,True,I,I,I
2LZM,M6I,0,5,5,164,True,True,M,M,M
2LZM,K16E,0,15,15,164,True,True,K,K,K
2LZM,S38D,0,37,37,164,True,True,S,S,S
2LZM,N55G,0,54,54,164,True,True,N,N,N
2LZM,K60P,0,59,59,164,True,True,K,K,K
2LZM,G77A,0,76,76,164,True,True,G,G,G
2LZM,A82P,0,81,81,164,True,True,A,A,A
2LZM,K85A,0,84,84,164,True,True,K,K,K
2LZM,D89A,0,88,88,164,True,True,D,D,D
2LZM,R96A,0,95,95,164,True,True,R,R,R
2LZM,R96D,0,95,95,164,True,True,R,R,R
2LZM,R96M,0,95,95,164,True,True,R,R,R
2LZM,R96E,0,95,95,164,True,True,R,R,R
2LZM,R96G,0,95,95,164,True,True,R,R,R
2LZM,R96Q,0,95,95,164,True,True,R,R,R
2LZM,R96H,0,95,95,164,True,True,R,R,R
2LZM,R96N,0,95,95,164,True,True,R,R,R
2LZM,R96K,0,95,95,164,True,True,R,R,R
2LZM,R96S,0,95,95,164,True,True,R,R,R
2LZM,R96Y,0,95,95,164,True,True,R,R,R
2LZM,R96V,0,95,95,164,True,True,R,R,R
2LZM,R96W,0,95,95,164,True,True,R,R,R
2LZM,A98V,0,97,97,164,True,True,A,A,A
2LZM,Q105A,0,104,104,164,True,True,Q,Q,Q
2LZM,Q105E,0,104,104,164,True,True,Q,Q,Q
2LZM,Q105G,0,104,104,164,True,True,Q,Q,Q
2LZM,G113A,0,112,112,164,True,True,G,G,G
2LZM,T115E,0,114,114,164,True,True,T,T,T
2LZM,N116D,0,115,115,164,True,True,N,N,N
2LZM,R119E,0,118,118,164,True,True,R,R,R
2LZM,Q123E,0,122,122,164,True,True,Q,Q,Q
2LZM,K124G,0,123,123,164,True,True,K,K,K
2LZM,V131A,0,130,130,164,True,True,V,V,V
2LZM,V131D,0,130,130,164,True,True,V,V,V
2LZM,V131G,0,130,130,164,True,True,V,V,V
2LZM,V131I,0,130,130,164,True,True,V,V,V
2LZM,V131L,0,130,130,164,True,True,V,V,V
2LZM,V131S,0,130,130,164,True,True,V,V,V
2LZM,V131M,0,130,130,164,True,True,V,V,V
2LZM,V131E,0,130,130,164,True,True,V,V,V
2LZM,L133A,0,132,132,164,True,True,L,L,L
2LZM,K135E,0,134,134,164,True,True,K,K,K
2LZM,N144D,0,143,143,164,True,True,N,N,N
2LZM,K147E,0,146,146,164,True,True,K,K,K
2LZM,V149C,0,148,148,164,True,True,V,V,V
2LZM,T152S,0,151,151,164,True,True,T,T,T
2LZM,R154E,0,153,153,164,True,True,R,R,R
2LZM,G156D,0,155,155,164,True,True,G,G,G
2LZM,T157A,0,156,156,164,True,True,T,T,T
2LZM,T157C,0,156,156,164,True,True,T,T,T
2LZM,T157D,0,156,156,164,True,True,T,T,T
2LZM,T157E,0,156,156,164,True,True,T,T,T
2LZM,T157F,0,156,156,164,True,True,T,T,T
2LZM,T157G,0,156,156,164,True,True,T,T,T
2LZM,T157H,0,156,156,164,True,True,T,T,T
2LZM,T157I,0,156,156,164,True,True,T,T,T
2LZM,T157L,0,156,156,164,True,True,T,T,T
2LZM,T157N,0,156,156,164,True,True,T,T,T
2LZM,T157R,0,156,156,164,True,True,T,T,T
2LZM,T157S,0,156,156,164,True,True,T,T,T
2LZM,T157V,0,156,156,164,True,True,T,T,T
2RN2,D10N,0,9,9,155,True,True,D,D,D
2RN2,E48Q,0,47,47,155,True,True,E,E,E
2RN2,A52F,0,51,51,155,True,True,A,A,A
2RN2,A52I,0,51,51,155,True,True,A,A,A
2RN2,A52L,0,51,51,155,True,True,A,A,A
2RN2,A52V,0,51,51,155,True,True,A,A,A
2RN2,H62A,0,61,61,155,True,True,H,H,H
2RN2,H62P,0,61,61,155,True,True,H,H,H
2RN2,D70N,0,69,69,155,True,True,D,D,D
2RN2,V74L,0,73,73,155,True,True,V,V,V
2RN2,V74I,0,73,73,155,True,True,V,V,V
2RN2,G77A,0,76,76,155,True,True,G,G,G
2RN2,K95A,0,94,94,155,True,True,K,K,K
2RN2,K95G,0,94,94,155,True,True,K,K,K
2RN2,K95N,0,94,94,155,True,True,K,K,K
2RN2,D134A,0,133,133,155,True,True,D,D,D
2RN2,D134H,0,133,133,155,True,True,D,D,D
2RN2,D134N,0,133,133,155,True,True,D,D,D
4LYZ,M12F,0,11,11,129,True,True,M,M,M
4LYZ,M12L,0,11,11,129,True,True,M,M,M
4LYZ,T40S,0,39,39,129,True,True,T,T,T
4LYZ,G49A,0,48,48,129,True,True,G,G,G
4LYZ,I55V,0,54,54,129,True,True,I,I,I
4LYZ,I58M,0,57,57,129,True,True,I,I,I
4LYZ,G67A,0,66,66,129,True,True,G,G,G
4LYZ,G71A,0,70,70,129,True,True,G,G,G
4LYZ,I78M,0,77,77,129,True,True,I,I,I
4LYZ,S91A,0,90,90,129,True,True,S,S,S
4LYZ,S91T,0,90,90,129,True,True,S,S,S
4LYZ,I98M,0,97,97,129,True,True,I,I,I
4LYZ,G102A,0,101,101,129,True,True,G,G,G
4LYZ,G117A,0,116,116,129,True,True,G,G,G
5PTI,F22A,0,21,21,58,True,True,F,F,F
5PTI,Y23A,0,22,22,58,True,True,Y,Y,Y
5PTI,Y35G,0,34,34,58,True,True,Y,Y,Y
5PTI,N43G,0,42,42,58,True,True,N,N,N
5PTI,F45A,0,44,44,58,True,True,F,F,F
