model,n_params,comparison,n_mutations,n_proteins,n_seeds,seeds,delta_r,fixed_lo,fixed_hi,fixed_p,seed_aware_lo,seed_aware_hi,seed_aware_p
deep_gine,460034,ca vs centroid,511,88,3,"42,123,2024",-0.044262203354341,-0.15403397851983963,0.05627993469669767,0.343,-0.16334949619001185,0.06727934811978557,0.38
deep_gine,460034,cb vs centroid,511,88,3,"42,123,2024",-0.041493430061094905,-0.12254661563974793,0.0356555647022834,0.279,-0.13933060012817655,0.07039329212011217,0.436
egnn,508934,ca vs centroid,511,88,3,"42,123,2024",-0.05235859338995125,-0.13284160036476433,0.03200347812161603,0.274,-0.15071360568743963,0.08572557962857323,0.439
egnn,508934,cb vs centroid,511,88,3,"42,123,2024",-0.06479885125294865,-0.171024895369863,0.04359580581387526,0.306,-0.5484935424409138,0.5203533338539071,0.753
gnn_edge,50050,allatom vs centroid,511,88,3,"42,123,2024",-0.01349089582346552,-0.10883476537901313,0.07249786951326967,0.756,-0.1088226193335483,0.09431566215084364,0.848
gnn_edge,50050,ca vs centroid,511,88,3,"42,123,2024",-0.02405652395527097,-0.10705792539007358,0.054304407368035025,0.585,-0.1047355878706982,0.07036035157434106,0.686
gnn_edge,50050,cb vs centroid,511,88,3,"42,123,2024",0.018552241164339456,-0.061358263340388,0.08773535955990926,0.658,-0.09030918123796007,0.10442668432275364,0.63
gnn_global,5825,allatom vs centroid,511,88,3,"42,123,2024",-0.10087363562599175,-0.18273843461469466,-0.008124457953626355,0.037,-0.18585543876519442,-0.0016429768812080345,0.045
gnn_global,5825,ca vs centroid,511,88,3,"42,123,2024",-0.07879455494240102,-0.16164135296833337,0.03338203493555531,0.147,-0.1635605186211235,0.03390543693385206,0.153
gnn_global,5825,cb vs centroid,511,88,3,"42,123,2024",-0.0178951131816929,-0.08137932947599397,0.05441372165432187,0.597,-0.08648591004874152,0.060287013256549324,0.622
gnn_local,5889,allatom vs centroid,511,88,3,"42,123,2024",-0.04853463725805429,-0.10602204671662908,0.02516686120195797,0.167,-0.10708913655362667,0.030966462036984315,0.176
gnn_local,5889,ca vs centroid,511,88,3,"42,123,2024",-0.06416120848347467,-0.12574687526271974,0.01513051151490406,0.094,-0.1276154673669039,0.016233928277193912,0.107
gnn_local,5889,cb vs centroid,511,88,3,"42,123,2024",-0.030926811429638323,-0.0821350802114548,0.026049668377944656,0.268,-0.08535871229953365,0.028921520303749046,0.283
