benchmark,atom_def,model,seed,n,n_proteins,r,ci_low,ci_high,spearman,mae,rmse,n_params,train_seconds
s669,ca,gnn_global,42,511,88,0.09625629139588411,-0.027165413030595702,0.23808603014728927,0.1547536787081517,1.1873732562517703,1.576838801382464,5825,81.29112362861633
s669,ca,gnn_global,123,511,88,0.06476681848453972,-0.05552020608418115,0.21123474552866908,0.1528881653325836,1.2012847855221735,1.5970584089245372,5825,80.87490558624268
s669,ca,gnn_local,42,511,88,0.3102490328337752,0.16697962014002993,0.420654580667589,0.32163619993509784,1.128258069340701,1.5027860781197648,5889,193.21582698822021
s669,ca,gnn_local,123,511,88,0.3136975151373013,0.17104674776811546,0.4275094832317145,0.32076512312964434,1.1318915776094813,1.5222634110545177,5889,193.3020317554474
s669,ca,gnn_edge,42,511,88,0.34061775323102167,0.14940549939017045,0.46887203152925205,0.3439427678207646,1.157930960810785,1.5259490133283684,50050,85.7262191772461
s669,ca,gnn_edge,123,511,88,0.34445703261279476,0.15222166105451365,0.47657809778899685,0.36841136340446684,1.1610017906596517,1.5632349570289272,50050,85.56818461418152
s669,ca,deep_gine,42,511,88,0.300170631750144,0.12000931453098905,0.4069804183154112,0.29324527090702596,1.2842725911159105,1.6739137573357694,460034,387.75519371032715
s669,ca,deep_gine,123,511,88,0.3238875492663031,0.12344604509022795,0.4586324936565969,0.31982526160858304,1.121523340717104,1.5265848668974946,460034,385.5501754283905
s669,ca,egnn,42,511,88,0.3426067689555838,0.16662057061197746,0.4610220234502245,0.3166794996204816,1.1166683841414182,1.4938354381570995,508934,133.7817418575287
s669,ca,egnn,123,511,88,-0.05290560457793418,-0.20263199057827963,0.09419232186513325,-0.09271150695789049,1.2048531201142387,1.591782207440024,508934,134.94224739074707
s669,cb,gnn_global,42,511,88,0.1451720360514719,0.009654780288087961,0.2845160630028406,0.19743544305825386,1.176538929310097,1.561174504965669,5825,81.63926076889038
s669,cb,gnn_global,123,511,88,0.09448238205230093,-0.0315465257441427,0.23706479403995492,0.1538815569636033,1.1965264496340209,1.5921584069604249,5825,81.35122489929199
s669,cb,gnn_local,42,511,88,0.3337473316263852,0.17233765084245498,0.4471696727861781,0.3463270688738622,1.1093414413864249,1.4839703876811197,5889,194.36787033081055
s669,cb,gnn_local,123,511,88,0.3539193586208089,0.18059972140196864,0.4642479334711629,0.3596950821882356,1.104252789091574,1.4903657714122303,5889,192.82472348213196
s669,cb,gnn_edge,42,511,88,0.41754741963231556,0.25219552775299353,0.5204457077241018,0.40090887008393095,1.0871610890711036,1.4581784412989844,50050,85.69812035560608
s669,cb,gnn_edge,123,511,88,0.38717297563127934,0.22144320768918602,0.49863082906725364,0.37851061387720975,1.1074057009062657,1.4784839453751735,50050,85.90850400924683
s669,cb,deep_gine,42,511,88,0.3006292375689666,0.1036568399623672,0.4379216081843332,0.26300599286699805,1.134505356216384,1.5493686553147816,460034,391.6912724971771
s669,cb,deep_gine,123,511,88,0.3430845804100463,0.15431159942010061,0.46723634854948065,0.34329748709142166,1.1116380747198593,1.514367346778531,460034,390.91976141929626
s669,cb,egnn,42,511,88,-0.07166561348729944,-0.15917061085383075,0.05003157019984428,-0.07500208087033637,1.230964875893117,1.6372880951883066,508934,135.0452287197113
s669,cb,egnn,123,511,88,0.3578182766674857,0.17499522340215556,0.4909338500095872,0.34426792635413594,1.090144277981816,1.468867913523127,508934,136.4221589565277
s669,centroid,gnn_global,42,511,88,0.19003009593493955,0.0585141193890279,0.30246924997201136,0.22164044033983704,1.1730794517251495,1.547927640955857,5825,72.28212904930115
s669,centroid,gnn_global,123,511,88,0.10702360287424874,-0.02730280644827019,0.23260573836048687,0.14782108934707408,1.2001602208367648,1.5917760324595536,5825,72.40418767929077
s669,centroid,gnn_local,42,511,88,0.38109324124864613,0.20888194118831,0.48868867616697476,0.38780877193230506,1.0757518613446948,1.4564575098309647,5889,185.6434919834137
s669,centroid,gnn_local,123,511,88,0.3786555932925182,0.2187148611957408,0.4803084391722952,0.3850162577460383,1.0887098633033423,1.4687957843600072,5889,183.96404933929443
s669,centroid,gnn_edge,42,511,88,0.3579436557909211,0.16204444466256687,0.4749631092471681,0.33701802873259973,1.1348025985055705,1.5142239340837396,50050,77.44753193855286
s669,centroid,gnn_edge,123,511,88,0.3283325776956939,0.18847105953635604,0.44944691386708574,0.3674076677176093,1.1433420427254968,1.5557215952477212,50050,77.52205657958984
s669,centroid,deep_gine,42,511,88,0.39387429827801973,0.22121748884630033,0.5003697428080754,0.32913562109441274,1.0945483181818358,1.4756053912091855,460034,333.4911856651306
s669,centroid,deep_gine,123,511,88,0.31783876138490574,0.1297132437068229,0.45448401283539475,0.3533306806030911,1.1406495998035204,1.5443988544465557,460034,332.9667956829071
s669,centroid,egnn,42,511,88,0.39319378155281953,0.22010569799680035,0.5007026781381435,0.356207868211891,1.0814600474391198,1.451623456512178,508934,116.55092167854309
s669,centroid,egnn,123,511,88,-0.0805258278305292,-0.22571618255230178,0.05796939270189588,-0.10827783901440052,1.2273668186603344,1.6238684970696813,508934,118.9119598865509
s669,allatom,gnn_global,42,511,88,0.060675286053275636,-0.06967379488593212,0.19379143562823672,0.08280129900683104,1.2055623884679871,1.5985806118492187,5825,148.60163640975952
s669,allatom,gnn_global,123,511,88,0.026297903118588588,-0.10500204361175675,0.1634902929379941,0.06006488871755525,1.2247947417702927,1.6216207381552652,5825,145.27308750152588
s669,allatom,gnn_local,42,511,88,0.33010296719385634,0.19628603160688254,0.426504785813002,0.3564499271781665,1.1265608259826434,1.4852117516323269,5889,266.8510584831238
s669,allatom,gnn_local,123,511,88,0.31591892113407966,0.18794490930237148,0.420891443736621,0.3414346717956892,1.1496470030868122,1.530895770707456,5889,262.92558097839355
s669,allatom,gnn_edge,42,511,88,0.36802834665841744,0.16858236444736766,0.5113523490889029,0.34184774139706514,1.1201181646110618,1.4948486790878388,50050,156.04282355308533
s669,allatom,gnn_edge,123,511,88,0.36935994335063954,0.1475944629664595,0.4995197652221117,0.3411213396617476,1.1429788792955666,1.517399982736607,50050,157.28835725784302
