model,n_params,comparison,r_alt,r_centroid,delta_r,ci_low,ci_high,p,excludes_zero,max_excludable_effect
gnn_global,5825,allatom vs centroid,0.043744205009836216,0.152453953811234,-0.10870974880139778,-0.18706194447590385,-0.016822578479258353,0.019,True,0.18706194447590385
gnn_global,5825,ca vs centroid,0.08048336300406046,0.152453953811234,-0.07197059080717354,-0.1491733740602783,0.025793421218805724,0.159,False,0.1491733740602783
gnn_global,5825,cb vs centroid,0.11991837405567998,0.152453953811234,-0.03253557975555402,-0.0947154977206511,0.03933691398763214,0.366,False,0.0947154977206511
gnn_local,5889,allatom vs centroid,0.3245050415539736,0.3822763035188341,-0.05777126196486054,-0.11486156859074947,0.01587030605057626,0.104,False,0.11486156859074947
gnn_local,5889,ca vs centroid,0.31443531943293196,0.3822763035188341,-0.06784098408590217,-0.1291364242584563,0.010499324144640974,0.096,False,0.1291364242584563
gnn_local,5889,cb vs centroid,0.34561061902928575,0.3822763035188341,-0.03666568448954838,-0.08814751255821208,0.018329881784564413,0.17,False,0.08814751255821208
gnn_edge,50050,allatom vs centroid,0.3806025797154306,0.36701034860228293,0.013592231113147668,-0.10941729639027319,0.10968946023760308,0.846,False,0.10968946023760308
gnn_edge,50050,ca vs centroid,0.35786953902646695,0.36701034860228293,-0.009140809575815978,-0.10592238097119447,0.0800849975808984,0.819,False,0.10592238097119447
gnn_edge,50050,cb vs centroid,0.4202541387814264,0.36701034860228293,0.05324379017914349,-0.025216001496094223,0.12463321974405352,0.183,False,0.12463321974405352
deep_gine,460034,ca vs centroid,0.3376614171913943,0.37543148720661734,-0.037770070015223034,-0.14832661305571845,0.07346922319091984,0.481,False,0.14832661305571845
deep_gine,460034,cb vs centroid,0.335067410498374,0.37543148720661734,-0.040364076708243324,-0.1277519426047919,0.04071135089189581,0.332,False,0.1277519426047919
egnn,508934,ca vs centroid,0.29442808782177804,0.34904254475501983,-0.054614456933241795,-0.12789958811228286,0.03470873787086841,0.221,False,0.12789958811228286
egnn,508934,cb vs centroid,0.28174257248522805,0.34904254475501983,-0.06729997226979179,-0.17452720922988155,0.03957564637177629,0.281,False,0.17452720922988155
