pdb_id,mut_info,ddg,n_broken,n_kept,mean_d_broken,mean_d_kept,frac_broken_lt5,median_d_broken
1BFM,M35Y,0.4,1,221,0.0,13.031469957688358,1.0,0.0
1D5G,H71Y,0.04,2,349,4.1982855069344875,13.838106897103437,0.5,4.1982855069344875
1D5G,I20F,-0.91,4,347,3.4562680561313748,11.446575437232124,0.75,2.496343612422073
1EKG,L203C,-1.0,1,461,0.0,13.10746819864854,1.0,0.0
1EKG,S181F,2.6,3,459,1.1930568853678656,13.665558254140809,1.0,0.0
1FRD,H42R,-4.0,3,401,0.0,13.3802606349135,1.0,0.0
1FXA,E94D,1.1,2,405,4.728091686380629,14.097488201919825,0.5,4.728091686380629
1FXA,E94K,0.4,4,403,2.3640458431903144,14.167450922524885,0.75,0.0
1FXA,E94Q,-0.6,2,405,0.0,14.120836802840223,1.0,0.0
1FXA,F65A,1.0,4,403,4.539477181602676,14.766428347898973,0.25,6.0526362421369
1FXA,F65I,0.9,1,406,0.0,14.702040721501715,1.0,0.0
1FXA,F65W,0.6,1,406,0.0,14.702040721501715,1.0,0.0
1FXA,R42A,2.4,4,403,2.8797434953086922,13.953327344637998,0.5,2.812860668273103
1FXA,R42H,1.4,2,405,2.9466263223442817,13.898312694384346,0.5,2.9466263223442817
1GLU,C500A,1.22,2,288,2.334613124023181,9.558604721650978,1.0,2.334613124023181
1GUA,A118G,1.963,1,272,0.0,10.698433648687399,1.0,0.0
1GUA,A118L,1.951,4,269,1.0398798497301318,10.80228413771023,1.0,0.0
1GUA,A85G,2.149,1,272,0.0,11.23720302225982,1.0,0.0
1GUA,A97G,0.863,1,272,3.934137116447288,12.574486392327021,1.0,3.934137116447288
1GUA,C95A,0.08,1,272,5.215521246923754,15.674198308741973,0.0,5.215521246923754
1GUA,C96A,1.759,1,272,0.0,11.934397954977355,1.0,0.0
1GUA,C96L,0.043,1,272,0.0,11.934397954977355,1.0,0.0
1GUA,C96M,0.337,1,272,0.0,11.934397954977355,1.0,0.0
1GUA,D117A,0.706,1,272,0.0,13.929675842411598,1.0,0.0
1GUA,E124A,0.101,2,271,3.192687689350941,12.809015361252113,0.5,3.192687689350941
1GUA,E125A,0.591,2,271,5.30563634736394,12.976897480659185,0.0,5.30563634736394
1GUA,I58A,3.274,1,272,0.0,9.993835993193764,1.0,0.0
1GUA,I58F,1.2990000000000002,7,266,1.7309502016491984,10.173709544124659,0.7142857142857143,0.0
1GUA,I58L,0.7709999999999999,2,271,0.0,10.030713616784885,1.0,0.0
1GUA,K109A,0.327,1,272,0.0,13.87779504993197,1.0,0.0
1GUA,L126A,3.405,2,271,3.5263674020655293,9.381175064964797,0.5,3.5263674020655293
1GUA,L62A,3.46,1,272,0.0,10.970771520652995,1.0,0.0
1GUA,L78A,3.803,1,272,0.0,9.404016116489156,1.0,0.0
1GUA,L82A,3.529,2,271,0.0,9.126153913465062,1.0,0.0
1GUA,L82I,1.6,1,272,0.0,9.092601877018499,1.0,0.0
1GUA,L86A,3.2260000000000004,2,271,0.0,10.728330816665485,1.0,0.0
1GUA,N56M,-0.271,1,272,0.0,15.449115178102144,1.0,0.0
1GUA,P93A,0.0819999999999999,3,270,3.9345198651968523,12.107606613880556,0.6666666666666666,4.888307015353715
1GUA,R100A,0.693,1,272,4.528108705533278,13.277290471261649,1.0,4.528108705533278
1GUA,V128A,3.3680000000000003,1,272,4.973201853271993,9.82690811898413,1.0,4.973201853271993
1GUA,V60A,2.251,1,272,0.0,9.323125843356078,1.0,0.0
1GUA,V72I,0.8640000000000001,1,272,0.0,11.70679982729866,1.0,0.0
1HCQ,C67A,2.09,6,271,9.002745048254656,9.254701645518743,0.0,8.852928331388526
1HCQ,C67S,1.99,7,270,7.716638612789706,9.288978318279923,0.14285714285714285,8.68774441816331
1IOJ,G15A,-0.4,1,135,5.161139659159624,18.649768649794787,0.0,5.161139659159624
1IV9,S76Y,-4.299,1,336,0.0,13.812798871506716,1.0,0.0
1J8I,K25A,-0.1,2,269,2.3362055396183314,16.304335569488043,1.0,2.3362055396183314
1J8I,K66A,-0.1,1,270,0.0,17.31011192942623,1.0,0.0
1J8I,R23A,-0.8,1,270,6.9620393281377995,19.536623872730154,0.0,6.9620393281377995
1J8I,R43A,-0.7,5,266,11.858161077820569,20.23188915947623,0.0,12.496023456150686
1L6H,F39A,1.6969999999999998,5,330,2.658495368775674,8.981196028848041,0.8,3.6329121589123723
1L6H,Y45A,0.55,7,328,2.971024691875851,11.05781583573095,1.0,3.6952421715465995
1L6H,Y48A,1.482,7,328,0.8992531305275152,10.927209841448699,0.8571428571428571,0.0
1N88,F21A,1.39,8,378,2.7473523201705787,12.726121035250113,0.625,2.379949697556192
1N88,I39A,1.39,3,383,4.926478852621501,10.731642436147805,0.6666666666666666,4.4354215614286
1N88,I80A,2.79,2,384,4.9537693235859805,11.370612283154697,0.5,4.9537693235859805
1N88,I89A,2.35,4,382,6.847124361415528,12.113495771742999,0.25,7.575553753202483
1N88,I8V,1.52,3,383,3.596585533251018,10.128777249180285,0.6666666666666666,3.873641545967276
1N88,L13A,1.52,10,376,4.498236875514529,13.994835351375428,0.5,5.257298646246799
1N88,L57A,1.11,2,384,3.9847623571102377,13.394382391735922,0.5,3.9847623571102377
1N88,V12A,1.94,2,384,4.620296627393997,11.801259153421157,1.0,4.620296627393997
1N88,V30A,2.84,2,384,4.102381222055097,10.9118252325078,1.0,4.102381222055097
1N88,V43A,2.82,2,384,2.1455202001726,10.713598876184731,1.0,2.1455202001726
1N88,V49A,2.83,3,383,3.6489024672793193,13.59646795879993,0.3333333333333333,5.473353700918979
1N88,V51A,3.24,3,383,3.005555450072979,12.410130896307608,0.6666666666666666,3.7487396633212917
1N88,V54A,3.73,2,384,2.2177107807143,11.344749003179087,1.0,2.2177107807143
1N88,V83A,3.1,3,383,5.294960944841751,13.59427616900676,0.3333333333333333,5.312605353765433
1N88,Y18A,-0.06,7,379,3.937308159458254,15.704815572616695,0.42857142857142855,5.739639722084083
1N88,Y26A,4.61,4,382,3.3034776945866806,11.839944530638892,0.5,2.6563026768827167
1O6X,A50G,1.4,5,286,6.691725598174756,10.32555924816148,0.6,4.452105425669011
1O6X,E14A,0.3,2,289,1.813011571805049,12.631237280043354,1.0,1.813011571805049
1O6X,F39L,1.88,6,285,3.950941379205761,10.792455383716312,1.0,4.775629401848072
1O6X,F65A,0.98,1,290,0.0,11.637122335231629,1.0,0.0
1O6X,H51A,0.61,8,283,7.98654781940533,12.391198055320682,0.0,6.156834355036643
1O6X,I15V,0.43,3,288,5.8337906246303675,9.539933330938522,0.0,5.311753630855877
1O6X,I23V,-0.42,1,290,0.0,13.165203249206115,1.0,0.0
1O6X,I71V,1.31,7,284,3.253275580062577,11.327990641467721,0.7142857142857143,3.759630936205427
1O6X,I75A,1.31,4,287,3.3572403595716986,13.382894504019893,0.5,3.35030340415201
1O6X,K41A,1.98,2,289,8.587429756002777,14.297367845170884,0.0,8.587429756002777
1O6X,L26V,0.97,5,286,3.1722680592978802,9.684541228986086,0.4,5.237833034777648
1O6X,Q60G,0.49,1,290,6.002845119137718,15.059021623894308,0.0,6.002845119137718
1O6X,V12A,1.1,10,281,11.415945403911754,12.072288924487525,0.0,12.18824544904313
1O6X,V52A,1.08,5,286,5.088398227010514,9.950666842151236,0.4,6.1864273065675155
1O6X,Y73L,2.78,4,287,3.1381157506918558,11.485542214012721,0.75,3.619260883455977
1R6R,L50S,2.81,7,254,5.744071584620855,12.398882429946443,0.5714285714285714,4.788051927655374
2BJD,V84D,4.493,1,373,0.0,11.552580948165387,1.0,0.0
2C9Q,Y79F,0.012,1,417,0.0,13.791696251864462,1.0,0.0
2C9Q,Y79W,1.233,1,417,0.0,13.791696251864462,1.0,0.0
2CLR,H31F,-2.605,1,351,0.0,19.233005494246857,1.0,0.0
2CLR,H51F,1.912,1,351,0.0,14.208670457993271,1.0,0.0
2CLR,H84A,2.629,2,350,2.245912987780209,15.368213429161543,1.0,2.245912987780209
2DVV,Q443H,-0.89,8,411,13.464024601742073,13.21612920337171,0.375,17.502819452274228
2DVV,R419W,0.02,12,407,7.063853555740515,13.927941317575844,0.5,5.6224648597476765
2HBB,A22G,0.32,1,174,0.0,12.090836983241843,1.0,0.0
2HBB,A26G,1.79,1,174,0.0,8.7365368127751,1.0,0.0
2HBB,A36G,1.55,1,174,0.0,7.473673219928081,1.0,0.0
2HBB,D23A,0.03,2,173,2.1614903074758525,12.324283801081712,1.0,2.1614903074758525
2HBB,D23N,0.79,1,174,4.322980614951705,12.25345458383412,1.0,4.322980614951705
2HBB,D8N,0.38,1,174,0.0,13.308447972526466,1.0,0.0
2HBB,E38A,0.41,1,174,5.72559985400347,10.14121879336324,0.0,5.72559985400347
2HBB,E48Q,-0.07,1,174,0.0,14.863391812209008,1.0,0.0
2HBB,F31A,2.84,4,171,1.5310913021627006,8.955813325549855,0.75,0.0
2HBB,F5L,1.15,1,174,0.0,8.335273976773102,1.0,0.0
2HBB,G24A,-0.02,2,173,0.0,12.64340954805809,1.0,0.0
2HBB,G34A,1.02,4,171,0.0,10.716250486007896,1.0,0.0
2HBB,I37A,1.28,1,174,4.848071539630168,8.890079380553415,1.0,4.848071539630168
2HBB,K12A,-0.61,1,174,0.0,11.47854760679645,1.0,0.0
2HBB,K12G,-0.03,1,174,0.0,11.47854760679645,1.0,0.0
2HBB,K7M,-0.21,1,174,0.0,11.978937706555254,1.0,0.0
2HBB,L30A,2.76,1,174,0.0,8.305251412149131,1.0,0.0
2HBB,L35A,1.21,2,173,5.2875140133195,10.197020646165525,0.0,5.2875140133195
2HBB,L47A,0.84,1,174,5.907785955266108,11.00539033682795,0.0,5.907785955266108
2HBB,M1A,1.46,1,174,0.0,9.78507356258056,1.0,0.0
2HBB,V3A,2.55,2,173,3.010648290034172,7.481045660576932,0.5,3.010648290034172
2JUC,C57D,2.54,2,192,4.071620294871988,12.00159942957977,1.0,4.071620294871988
2JUC,R18A,1.75,2,192,2.267081102923663,12.74138439615036,1.0,2.267081102923663
2KJ3,D288A,-1.2,1,253,4.249777347336993,17.37341060548879,1.0,4.249777347336993
2KJ3,E272A,-1.9,1,253,3.9536835302430724,20.35259478221978,1.0,3.9536835302430724
2KJ3,G278A,0.8,1,253,0.0,11.0700424879539,1.0,0.0
2KJ3,L241A,-1.0,1,253,0.0,12.52887917937631,1.0,0.0
2KJ3,S273A,-1.4,1,253,0.0,15.90962932221297,1.0,0.0
2KJ3,V264A,-1.0,1,253,0.0,13.79929974581162,1.0,0.0
2KJ3,V267A,-0.2,2,252,0.0,13.495818518460679,1.0,0.0
2MPC,A89T,0.24,1,332,0.0,13.535464939758816,1.0,0.0
2MPC,R42A,-0.62,1,332,0.0,16.794174138173247,1.0,0.0
2MPC,R42W,-2.08,3,330,3.2286515788468404,16.866605633748414,0.6666666666666666,0.0
2N7Z,P88A,0.6,1,374,6.70346285404402,13.451855504283756,0.0,6.70346285404402
2OUO,A420D,-0.44,12,405,12.659417381022449,14.144810557672647,0.16666666666666666,14.249655718534768
2PTL,A27P,-0.1,2,265,6.328608751498616,19.47233014351757,0.0,6.328608751498616
2PTL,A27V,0.83,3,264,4.425260323055249,19.54374592638632,0.3333333333333333,6.4071091059229
2PTL,A34G,2.17,3,264,1.2304297629052046,11.788965115425189,1.0,0.0
2PTL,A34V,-1.47,2,265,4.7518798909302635,11.722544603694736,0.5,4.7518798909302635
2PTL,A43G,2.54,4,263,3.6313388912726943,12.789717463659134,0.5,4.358690559097569
2PTL,A47G,3.1,2,265,4.03308544081447,11.198556861508429,1.0,4.03308544081447
2PTL,A51G,3.12,2,265,3.5433371871862285,12.148325220778755,1.0,3.5433371871862285
2PTL,A66G,0.49,2,265,2.3364832259272696,15.347391222389302,1.0,2.3364832259272696
2PTL,D52A,1.21,4,263,5.052544052093153,15.73026811701223,0.25,6.58528987095253
2PTL,D52G,2.14,3,264,6.736725402790871,15.670683768084153,0.0,6.58528987095253
2PTL,D64A,0.2,1,266,0.0,14.787495528653706,1.0,0.0
2PTL,E35A,0.59,1,266,8.207187058646248,13.409196558581195,0.0,8.207187058646248
2PTL,E46G,1.19,4,263,3.9122756031128496,13.652311531075535,0.75,4.58598828547003
2PTL,E46I,1.08,2,265,3.238562920755669,13.583886449976626,0.5,3.238562920755669
2PTL,E60A,0.23,1,266,0.0,17.68636858855999,1.0,0.0
2PTL,F26A,3.12,4,263,2.647052209388121,15.575028095366383,0.5,2.647052209388121
2PTL,F26L,0.68,1,266,5.294104418776242,15.419272531955395,0.0,5.294104418776242
2PTL,F40G,3.08,9,258,4.035460173964676,15.808306098018603,0.6666666666666666,3.8865851387098465
2PTL,F40L,0.38,5,262,3.307483576843297,15.642460675459027,1.0,3.8865851387098465
2PTL,F76L,3.34,1,266,4.227206918695637,13.95959678478037,1.0,4.227206918695637
2PTL,F76V,3.73,2,265,4.714074856123692,13.992648309275575,0.5,4.714074856123692
2PTL,G29A,1.52,1,266,0.0,20.050838219621852,1.0,0.0
2PTL,G29V,2.53,2,265,0.0,20.126501760073257,1.0,0.0
2PTL,G38A,2.08,3,264,1.584299446136326,15.7865141528469,1.0,0.0
2PTL,G59A,2.23,2,265,0.0,19.197835382121564,1.0,0.0
2PTL,G69A,2.04,5,262,2.396170838958679,15.246053959793361,0.6,0.0
2PTL,I20A,4.9,2,265,2.9182790516640735,12.04053293963215,0.5,2.9182790516640735
2PTL,I20V,0.56,2,265,2.9182790516640735,12.04053293963215,0.5,2.9182790516640735
2PTL,I25A,1.37,3,264,4.51121308479539,14.59458104094878,1.0,4.51121308479539
2PTL,I25V,0.47,3,264,4.51121308479539,14.59458104094878,1.0,4.51121308479539
2PTL,I74A,4.72,2,265,2.1608748309775754,11.662851629990413,1.0,2.1608748309775754
2PTL,I74V,1.69,1,266,4.321749661955151,11.61900632311075,1.0,4.321749661955151
2PTL,K21A,0.92,2,265,2.388607948477914,12.447791619760478,1.0,2.388607948477914
2PTL,K37A,0.88,4,263,2.570182963897669,15.372778898434513,0.75,2.3028358082853173
2PTL,K42G,-0.16,1,266,0.0,15.84918828911247,1.0,0.0
2PTL,K55A,-0.58,2,265,6.86677490320065,18.467333575826487,0.0,6.86677490320065
2PTL,K56A,-0.35,1,266,6.453807749962785,19.47415516456039,0.0,6.453807749962785
2PTL,K68A,0.09,1,266,0.0,17.0669591220101,1.0,0.0
2PTL,K75A,0.45,1,266,0.0,15.823073259909254,1.0,0.0
2PTL,L24A,3.12,1,266,5.166033026191124,12.30793781863495,0.0,5.166033026191124
2PTL,L54A,2.44,2,265,2.664077237806341,14.505903885288145,0.5,2.664077237806341
2PTL,L72A,3.77,1,266,0.0,11.480953592717082,1.0,0.0
2PTL,N23A,1.87,1,266,0.0,12.339626245846086,1.0,0.0
2PTL,N28A,1.78,1,266,4.340009105378181,19.369972876995785,1.0,4.340009105378181
2PTL,N58A,0.34,2,265,2.647052209388121,17.620547344167715,0.5,2.647052209388121
2PTL,N73A,1.73,1,266,0.0,13.274429630366198,1.0,0.0
2PTL,S45A,-0.41,1,266,5.512467023053715,14.55005619419086,0.0,5.512467023053715
2PTL,S45G,0.82,4,263,2.7562335115268577,14.695066466280284,0.5,2.7562335115268577
2PTL,T19A,1.63,1,266,0.0,14.823168887726831,1.0,0.0
2PTL,T33A,1.11,1,266,0.0,13.232285317074025,1.0,0.0
2PTL,T44A,1.09,3,264,6.917483325688504,13.049420568584836,0.3333333333333333,8.16615380090555
2PTL,T53G,0.17,1,266,0.0,15.408608854549362,1.0,0.0
2PTL,T71A,1.83,4,263,3.582911922716871,13.06650806943837,1.0,4.777215896955828
2PTL,V63A,0.92,2,265,5.03184127164151,13.499988008649655,0.0,5.03184127164151
2PTL,Y48A,2.82,1,266,5.731817992882226,13.64968000021643,0.0,5.731817992882226
2PTL,Y50A,2.46,1,266,0.0,12.374713422839601,1.0,0.0
2PTL,Y70A,1.66,6,261,3.352851371020755,13.655572016056224,0.8333333333333334,3.582555171576212
2PTL,Y70L,-0.43,1,266,7.7885894980745665,13.445236146310997,0.0,7.7885894980745665
2RPN,V21K,-0.39,9,234,3.2436178873353176,13.045405171246427,0.5555555555555556,4.4286736807436355
2WQG,D38A,-0.1,2,165,3.1979636050182023,9.894245886102697,0.5,3.1979636050182023
2WQG,D39A,2.2,2,165,3.149088502261487,10.12551481601004,0.5,3.149088502261487
2WQG,D39N,2.6,2,165,5.882087207263892,10.092387558979707,0.0,5.882087207263892
2WQG,I36A,0.9,1,166,5.6042343190483805,10.108048078536285,0.0,5.6042343190483805
2WQG,I36V,0.3,1,166,5.6042343190483805,10.108048078536285,0.0,5.6042343190483805
2WQG,K28A,0.6,3,164,0.0,11.543005221233487,1.0,0.0
2WQG,L13A,0.5,1,166,5.5034435185156205,8.945645355476481,0.0,5.5034435185156205
2WQG,L16A,1.3,2,165,2.5955483337773613,9.042536065235014,0.5,2.5955483337773613
2WQG,L8A,2.0,1,166,0.0,10.705123674823698,1.0,0.0
2WQG,Q12A,0.6,1,166,4.683264930012106,12.463376020849415,1.0,4.683264930012106
2WQG,Q12G,2.0,1,166,4.683264930012106,12.463376020849415,1.0,4.683264930012106
2WQG,Q33A,-0.1,1,166,7.949482470063464,11.295390364726797,0.0,7.949482470063464
2WQG,R34A,0.8,6,161,2.2562812124847915,9.792879840307515,0.8333333333333334,2.1071727415043573
2WQG,T9S,-0.1,1,166,6.059010612610558,12.824741432248887,0.0,6.059010612610558
2WQG,V10G,0.7,4,163,3.2682468769415154,12.522804098503919,1.0,4.3576625025886875
2WQG,Y5F,2.4,1,166,5.1910966675547225,8.561717394163255,0.0,5.1910966675547225
2ZTA,E11Q,0.74,1,68,0.0,12.671349447962768,1.0,0.0
2ZTA,E20Q,-0.2,2,67,0.0,12.309399341738906,1.0,0.0
2ZTA,E22Q,1.83,4,65,2.3293644861559963,14.133997539676072,1.0,2.3293644861559963
2ZTA,R25A,1.66,1,68,4.658728972311993,16.304368484842577,1.0,4.658728972311993
3BN0,I20V,1.506,3,324,10.599627746289405,10.22204735886058,0.3333333333333333,7.639449399461743
3C2I,F155S,-0.43,2,224,0.0,11.118276705132526,1.0,0.0
3C2I,T158M,-0.25,1,225,0.0,12.971702520255066,1.0,0.0
3FIS,P61A,0.5,1,229,0.0,13.102186705093276,1.0,0.0
3G1G,D155Y,-0.34,3,290,17.854808769245736,16.542873638633665,0.3333333333333333,24.37517427991433
3G1G,F167Y,0.74,3,290,11.72086070959197,10.118686514651385,0.0,12.537349887964305
3G1G,I190V,0.17,3,290,10.740634724839595,10.375024642648196,0.3333333333333333,15.598371334403652
3G1G,R185W,-1.32,3,290,19.160659842188632,14.308058543868146,0.3333333333333333,25.731749776788025
3K82,E401R,-5.49,2,390,2.5915425691100693,15.052116782415919,0.5,2.5915425691100693
3MON,R39G,-1.194,1,136,0.0,15.101897234798715,1.0,0.0
3O39,L32P,3.25,25,271,17.758927547337407,21.52709513079803,0.08,16.901559585913855
3S92,H395R,-2.03,4,409,18.779619540263845,19.426082904919582,0.5,19.49551167063539
4N6V,H75W,-0.574,1,337,5.50931603005999,23.822648377059718,0.0,5.50931603005999
4N6V,P36G,1.362,2,336,2.4945101505956515,17.497745594671,1.0,2.4945101505956515
4N6V,P79S,-1.745,2,336,2.7217499243812417,16.896490466272645,0.5,2.7217499243812417
4YEE,V134T,0.71,4,295,15.006704225168946,12.995756508973127,0.25,16.966630505413494
4YEF,T134V,0.93,2,281,10.2484893555228,12.392498313275322,0.0,10.2484893555228
5JXB,D329G,1.44,9,470,14.762491507456161,18.470860376595994,0.0,15.121826987259043
5JXB,D329P,1.44,9,470,14.655224634603343,18.472914423097432,0.1111111111111111,15.121826987259043
1A0F,S11A,1.8,2,421,0.0,12.601523242089309,1.0,0.0
1A7V,A104H,2.69,1,494,0.0,20.24516434136264,1.0,0.0
1A7V,A66H,1.98,1,494,0.0,18.1682224268438,1.0,0.0
1A7V,A91H,1.7,3,492,0.0,16.489309919229942,1.0,0.0
1A7V,D58H,2.05,1,494,0.0,23.867561745703313,1.0,0.0
1A7V,E73H,3.01,1,494,0.0,23.924572963762085,1.0,0.0
1A7V,K13H,0.6,2,493,3.398619855203109,17.25654025678962,0.5,3.398619855203109
1A7V,K20H,2.88,1,494,0.0,16.94682098458908,1.0,0.0
1A7V,K49H,2.02,2,493,0.0,15.471228166835774,1.0,0.0
1A7V,K84H,2.88,2,493,5.829324235031355,15.611378860283613,0.0,5.829324235031355
1A7V,K97H,1.97,5,490,1.4796381191054597,22.13200680649889,0.8,0.0
1BNL,D76A,0.821,1,421,0.0,16.100950547970506,1.0,0.0
1DIV,D23A,0.46,1,391,0.0,35.699044419098456,1.0,0.0
1DIV,D23N,0.58,1,391,0.0,35.699044419098456,1.0,0.0
1DIV,D8N,0.3,1,391,0.0,27.4722807546828,1.0,0.0
1DIV,E100A,0.98,2,390,7.422333260407273,30.298719054196063,0.0,7.422333260407273
1DIV,E100G,1.52,2,390,7.422333260407273,30.298719054196063,0.0,7.422333260407273
1DIV,E38Q,0.56,1,391,4.890265270149042,30.15726604875672,1.0,4.890265270149042
1DIV,E48Q,-0.03,4,388,1.261271193586298,26.748587975842703,0.75,0.0
1DIV,E54Q,-0.33,7,385,2.7056569451338772,23.27651005393758,0.5714285714285714,0.0
1DIV,H106Q,1.53,3,389,5.276199664817866,30.875676954505668,0.3333333333333333,7.914299497226799
1DIV,I115A,3.52,1,391,0.0,26.65434536793493,1.0,0.0
1DIV,I4A,2.22,5,387,6.1267998974385645,25.978528010801817,0.2,5.534022504260755
1DIV,I4V,0.59,1,391,5.534022504260755,25.7769573328983,0.0,5.534022504260755
1DIV,K14M,-0.01,3,389,2.2598309213018832,23.175708322682116,0.6666666666666666,0.0
1DIV,L102A,2.37,1,391,5.615485092584648,27.63330932378607,0.0,5.615485092584648
1DIV,L108A,2.33,3,389,5.980593166316708,27.673909286900617,0.0,5.836824823857122
1DIV,L110A,3.21,1,391,5.13867826798674,25.404781138485642,0.0,5.13867826798674
1DIV,L6A,3.1,1,391,8.518028288175433,25.27682609196832,0.0,8.518028288175433
1DIV,L6V,0.41,2,390,6.689127259540703,25.329176348022322,0.5,6.689127259540703
1DIV,M1A,1.46,5,387,3.747103973657647,32.25271702902587,0.4,6.226037119574014
1DIV,M1G,2.36,7,385,2.6765028383268907,32.42026361099483,0.5714285714285714,0.0
1DIV,V21A,2.33,1,391,3.912215966197961,29.608654093647758,1.0,3.912215966197961
1DIV,V21I,0.4,1,391,0.0,29.618659761080483,1.0,0.0
1DIV,V21L,1.23,2,390,3.0724003492112955,29.678849143292428,0.5,3.0724003492112955
1DIV,V3I,0.31,2,390,3.113018559787007,27.840371433803018,0.5,3.113018559787007
1DIV,V3L,2.21,3,389,2.075345706524671,27.91194051203901,0.6666666666666666,0.0
1DXX,K18N,3.7,4,455,16.007091920623925,16.395456529412538,0.0,13.070941999935654
1FT8,L212V,1.38,1,414,0.0,23.607858828777587,1.0,0.0
1FT8,L238I,0.35,5,410,6.165974306924944,25.76850829563971,0.2,6.279214454815583
1G3P,N138G,-0.765,7,400,7.35966223762062,15.709972219920159,0.0,7.779383652612533
1GWY,A8D,1.6,3,501,7.184990231958911,18.676267595250323,0.0,7.066278317178794
1ITM,C24T,3.3,2,459,1.4005708986150287,15.384102224284659,1.0,1.4005708986150287
1ITM,C3T,5.0,2,459,6.214509351044055,21.700486143030545,0.0,6.214509351044055
1ITM,W91S,-1.4,3,458,1.960105888718106,17.14021462962973,0.6666666666666666,0.0
1JLV,E64N,2.3040000000000003,2,425,6.481119863078398,13.669102281466108,0.0,6.481119863078398
1JLV,E64Q,2.302,1,426,0.0,13.667442979693082,1.0,0.0
1LVM,E106G,-1.4,1,380,18.249900838991326,30.698327528924096,0.0,18.249900838991326
1LVM,K45F,-0.43,3,378,13.406910680852546,17.66790957400255,0.6666666666666666,0.0
1LVM,L56V,-0.0,1,380,44.54218226422553,16.530100830714755,0.0,44.54218226422553
1LVM,Q58F,-0.6,1,380,38.549698593627845,16.67270991889775,0.0,38.549698593627845
1N18,E100G,2.5,2,482,4.9246554527264665,17.136631009675536,1.0,4.9246554527264665
1N18,G85R,1.4,11,473,2.4244395471621973,13.395739543146034,0.7272727272727273,0.0
1N18,H46R,-1.4,3,481,1.4126471029676617,12.441723327157918,1.0,0.0
1O1U,E110A,3.3,4,458,2.2256824040527627,11.602703842983603,0.75,1.9011243420102266
1O1U,N61A,1.2,2,460,2.3846431754924793,11.896946181397977,1.0,2.3846431754924793
1O1U,Q51A,0.3,2,460,2.6794479891166283,11.942474244572686,0.5,2.6794479891166283
1O1U,Q99A,-0.3,2,460,2.6038748456831655,11.416690999317968,0.5,2.6038748456831655
1O1U,W49Y,1.2,2,460,2.8559055630211763,11.86503907134355,0.5,2.8559055630211763
1OSI,S92F,-0.39,3,466,2.1140589454986274,16.064118192029834,0.6666666666666666,0.0
1PFL,A20T,1.53,1,522,0.0,10.839036096853912,1.0,0.0
1PFL,G117V,1.96,4,519,1.5983316279290771,18.66815898519153,0.75,0.0
1PFL,M113T,3.53,8,515,4.572467717661998,11.687527668309494,0.375,5.451382549497241
1PFL,T108M,-0.07,6,517,3.6672891815350437,14.644239561978539,0.5,4.650760754197321
1PRG,Q286P,0.3,1,362,0.0,20.309082622324908,1.0,0.0
1PRG,R288H,-0.06,1,362,7.049000879762232,16.974939379402862,0.0,7.049000879762232
1PRG,V290M,-0.03,3,360,1.9796981514505172,18.61049397536201,0.6666666666666666,0.0
1SPD,C111S,-0.8,1,462,0.0,16.45024106560259,1.0,0.0
1SPD,C6A,-0.1,1,462,0.0,12.716335829057344,1.0,0.0
1XXN,N32D,0.86,2,400,0.0,21.479057733264188,1.0,0.0
1XXN,N54E,0.645,1,401,0.0,19.20419619917308,1.0,0.0
1XXN,S22E,-0.239,1,401,0.0,21.80155450729492,1.0,0.0
1XXN,S27E,0.645,3,399,1.5281836134419768,17.39733036221481,1.0,0.0
1XZO,F42W,-2.87,5,429,13.38414909235182,14.962199568275286,0.2,15.799295625218953
1XZO,W101F,2.89,4,430,8.929708473489258,12.096153012648179,0.25,9.429675153435575
1XZO,W36A,8.93,8,426,6.7833744921431585,13.760613530701065,0.375,6.537034516275584
1XZO,W36F,4.25,4,430,9.928973622331696,13.66644759424761,0.25,8.708016304899765
2ARF,H1069Q,0.7170000000000001,1,362,0.0,18.87942496398572,1.0,0.0
2JIE,H104R,-1.536,1,431,0.0,17.00907095385181,1.0,0.0
2JIE,Q22S,0.209,1,431,0.0,14.657753898808418,1.0,0.0
2JIE,T18A,0.994,1,431,0.0,13.601954969438475,1.0,0.0
2JIE,W123F,-2.19,1,431,0.0,17.20181960265967,1.0,0.0
2JIE,W123H,-1.06,1,431,0.0,17.20181960265967,1.0,0.0
2JIE,Y21A,3.443,5,427,1.4337641837207336,14.162693464094648,0.8,0.0
2KS4,D9A,-1.26,1,506,0.0,19.601738141181443,1.0,0.0
2LTB,L558P,1.57,5,439,6.0999394886388325,16.847022883406265,0.4,5.191655991526045
2LTB,L569R,3.11,3,441,0.0,13.101004237629596,1.0,0.0
2LTB,R533Q,1.1,1,443,0.0,20.362937859688877,1.0,0.0
2LTB,R555W,-1.79,3,441,2.3291690295206204,20.44261728951274,0.6666666666666666,0.0
2M5S,H305A,2.0,1,472,0.0,14.91654674130872,1.0,0.0
2NTE,R658C,2.3,3,432,7.482567274136738,16.55008067392634,0.0,7.612908256775742
2PR5,A33Y,-0.5,1,449,0.0,20.577491237847774,1.0,0.0
2PR5,A81M,0.4,1,449,0.0,15.892732405431369,1.0,0.0
2PR5,D109E,-0.3,3,447,0.0,15.60830919124459,1.0,0.0
2PR5,H22K,-0.3,1,449,0.0,21.588289126315736,1.0,0.0
2PR5,H22W,-1.2,2,448,0.0,21.636477271686974,1.0,0.0
2PR5,M111F,-2.9,1,449,0.0,16.671722469087005,1.0,0.0
2PR5,N107F,-0.9,1,449,0.0,14.107460906241016,1.0,0.0
2PR5,N107Y,-0.8,1,449,0.0,14.107460906241016,1.0,0.0
2PR5,N124F,-1.1,9,441,3.7166169867961463,14.61188803228529,0.4444444444444444,5.396603475270589
2PR5,N124Y,-2.6,11,439,4.545292339378779,14.640760727530322,0.36363636363636365,7.013237351473681
2PR5,T30M,-0.5,3,447,3.316997005146384,13.450120333126321,0.6666666666666666,4.021564114174037
2PR5,T50M,0.5,2,448,3.238215313578013,12.832824674132704,0.5,3.238215313578013
2PR5,T54Y,-0.2,2,448,2.790340932768104,17.106388034696817,0.5,2.790340932768104
2VY0,E53A,6.597,1,382,0.0,20.19496981093941,1.0,0.0
3D3B,D118A,0.65,4,472,18.820743921339457,22.007096409546115,0.25,23.694316965914204
3D3B,D118E,0.6,5,471,15.056595137071564,22.05382060574473,0.4,23.694316965914204
3D3B,D118K,1.6,5,471,15.056595137071564,22.05382060574473,0.4,23.694316965914204
3D3B,D118N,1.34,4,472,18.820743921339457,22.007096409546115,0.25,23.694316965914204
3D3B,D118R,1.41,7,469,10.754710812193975,22.147866749052806,0.5714285714285714,4.200024787615206
3ECU,H46R,-0.8,2,486,0.0,12.59696584359457,1.0,0.0
3S4M,D122Y,1.3,1,469,0.0,20.425580138911048,1.0,0.0
3S4M,G130V,2.5,4,466,4.10605765572893,14.708381240106174,1.0,4.10605765572893
3S4M,I154F,-0.096,3,467,5.793125994324753,12.190998877695455,0.3333333333333333,8.68968899148713
3S4M,W155R,0.693,3,467,1.31633959208081,15.656901984272071,1.0,0.0
4BJX,A89V,-0.99,1,442,5.605611934849295,17.999807415947032,0.0,5.605611934849295
4WAA,K65A,-0.1,1,381,8.581621978974276,17.006178842421384,0.0,8.581621978974276
4WAA,K67A,2.07,2,380,0.0,14.488998224017566,1.0,0.0
4WAA,R27A,0.44,1,381,4.208465428059072,18.221365509924993,1.0,4.208465428059072
5VP3,R39K,-0.413,2,408,7.698197979654492,15.57080297161382,0.5,7.698197979654492
1BA3,H461D,1.745,28,1725,22.889163973568653,33.8124270533557,0.14285714285714285,23.342220780785247
1BA3,H489D,-0.287,26,1727,27.903011840834793,34.39166896700938,0.0,28.894358091941598
1BA3,H489K,0.287,24,1729,29.530285782408907,34.36157533551711,0.0,29.769950423199088
1BA3,H489M,0.263,24,1729,29.530285782408907,34.36157533551711,0.0,29.769950423199088
1F8I,F345A,0.455,2,1259,0.0,19.707122215971573,1.0,0.0
1NM1,D187N,0.88,10,1021,11.141996056094921,21.955987780370258,0.0,6.585316131068383
1NM1,D187Y,1.9,9,1022,10.433898736425768,21.951642265842615,0.3333333333333333,9.9910356325432
1PRE,C159S,2.4,1,1315,6.710316615587724,49.62422421943852,0.0,6.710316615587724
1R2Y,R244E,4.2,24,640,19.41252104654251,17.753943467951682,0.08333333333333333,18.879509754146422
3D2A,M134E,-3.02,2,209,0.0,16.065176167728954,1.0,0.0
3D2A,M137P,-3.34,1,210,0.0,15.360390461281684,1.0,0.0
3D2A,S163P,-2.11,1,210,0.0,14.583691849522264,1.0,0.0
