pdb_id,mut_info,n_broken,n_broken_nonself,mean_all,mean_nonself,mean_kept,median_nonself,frac_nonself_lt5,n_self_edges
1BFM,M35Y,1,0,0.0,,13.031469957688358,,,1
1D5G,H71Y,2,1,4.1982855069344875,8.396571013868975,13.838106897103437,8.396571013868975,0.0,1
1D5G,I20F,4,2,3.4562680561313748,6.9125361122627496,11.446575437232124,6.9125361122627496,0.5,2
1EKG,L203C,1,0,0.0,,13.10746819864854,,,1
1EKG,S181F,3,1,1.1930568853678656,3.5791706561035967,13.665558254140809,3.5791706561035967,1.0,2
1FRD,H42R,3,0,0.0,,13.3802606349135,,,3
1FXA,E94D,2,1,4.728091686380629,9.456183372761258,14.097488201919825,9.456183372761258,0.0,1
1FXA,E94K,4,1,2.3640458431903144,9.456183372761258,14.167450922524885,9.456183372761258,0.0,3
1FXA,E94Q,2,0,0.0,,14.120836802840223,,,2
1FXA,F65A,4,3,4.539477181602676,6.052636242136901,14.766428347898973,6.0526362421369,0.0,1
1FXA,F65I,1,0,0.0,,14.702040721501715,,,1
1FXA,F65W,1,0,0.0,,14.702040721501715,,,1
1FXA,R42A,4,2,2.8797434953086922,5.7594869906173844,13.953327344637998,5.7594869906173844,0.0,2
1FXA,R42H,2,1,2.9466263223442817,5.893252644688563,13.898312694384346,5.893252644688563,0.0,1
1GLU,C500A,2,1,2.334613124023181,4.669226248046362,9.558604721650978,4.669226248046362,1.0,1
1GUA,A118G,1,0,0.0,,10.698433648687399,,,1
1GUA,A118L,4,1,1.0398798497301318,4.159519398920527,10.80228413771023,4.159519398920527,1.0,3
1GUA,A85G,1,0,0.0,,11.23720302225982,,,1
1GUA,A97G,1,1,3.934137116447288,3.934137116447288,12.574486392327021,3.934137116447288,1.0,0
1GUA,C95A,1,1,5.215521246923754,5.215521246923754,15.674198308741973,5.215521246923754,0.0,0
1GUA,C96A,1,0,0.0,,11.934397954977355,,,1
1GUA,C96L,1,0,0.0,,11.934397954977355,,,1
1GUA,C96M,1,0,0.0,,11.934397954977355,,,1
1GUA,D117A,1,0,0.0,,13.929675842411598,,,1
1GUA,E124A,2,1,3.192687689350941,6.385375378701882,12.809015361252113,6.385375378701882,0.0,1
1GUA,E125A,2,2,5.30563634736394,5.30563634736394,12.976897480659185,5.30563634736394,0.0,0
1GUA,I58A,1,0,0.0,,9.993835993193764,,,1
1GUA,I58F,7,2,1.7309502016491984,6.058325705772194,10.173709544124659,6.058325705772194,0.0,5
1GUA,I58L,2,0,0.0,,10.030713616784885,,,2
1GUA,K109A,1,0,0.0,,13.87779504993197,,,1
1GUA,L126A,2,1,3.5263674020655293,7.052734804131059,9.381175064964797,7.052734804131059,0.0,1
1GUA,L62A,1,0,0.0,,10.970771520652995,,,1
1GUA,L78A,1,0,0.0,,9.404016116489156,,,1
1GUA,L82A,2,0,0.0,,9.126153913465062,,,2
1GUA,L82I,1,0,0.0,,9.092601877018499,,,1
1GUA,L86A,2,0,0.0,,10.728330816665485,,,2
1GUA,N56M,1,0,0.0,,15.449115178102144,,,1
1GUA,P93A,3,2,3.9345198651968523,5.901779797795278,12.107606613880556,5.901779797795278,0.5,1
1GUA,R100A,1,1,4.528108705533278,4.528108705533278,13.277290471261649,4.528108705533278,1.0,0
1GUA,V128A,1,1,4.973201853271993,4.973201853271993,9.82690811898413,4.973201853271993,1.0,0
1GUA,V60A,1,0,0.0,,9.323125843356078,,,1
1GUA,V72I,1,0,0.0,,11.70679982729866,,,1
1HCQ,C67A,6,6,9.002745048254656,9.002745048254656,9.254701645518743,8.852928331388526,0.0,0
1HCQ,C67S,7,6,7.716638612789706,9.002745048254656,9.288978318279923,8.852928331388526,0.0,1
1IOJ,G15A,1,1,5.161139659159624,5.161139659159624,18.649768649794787,5.161139659159624,0.0,0
1IV9,S76Y,1,0,0.0,,13.812798871506716,,,1
1J8I,K25A,2,1,2.3362055396183314,4.672411079236663,16.304335569488043,4.672411079236663,1.0,1
1J8I,K66A,1,0,0.0,,17.31011192942623,,,1
1J8I,R23A,1,1,6.9620393281377995,6.9620393281377995,19.536623872730154,6.9620393281377995,0.0,0
1J8I,R43A,5,5,11.858161077820569,11.858161077820569,20.23188915947623,12.496023456150686,0.0,0
1L6H,F39A,5,3,2.658495368775674,4.430825614626123,8.981196028848041,3.6329121589123723,0.6666666666666666,2
1L6H,Y45A,7,5,2.971024691875851,4.1594345686261915,11.05781583573095,3.6952421715465995,1.0,2
1L6H,Y48A,7,1,0.8992531305275152,6.294771913692607,10.927209841448699,6.294771913692607,0.0,6
1N88,F21A,8,4,2.7473523201705787,5.4947046403411575,12.726121035250113,5.739639722084083,0.25,4
1N88,I39A,3,3,4.926478852621501,4.926478852621501,10.731642436147805,4.4354215614286,0.6666666666666666,0
1N88,I80A,2,2,4.9537693235859805,4.9537693235859805,11.370612283154697,4.9537693235859805,0.5,0
1N88,I89A,4,4,6.847124361415528,6.847124361415528,12.113495771742999,7.575553753202483,0.25,0
1N88,I8V,3,2,3.596585533251018,5.3948782998765274,10.128777249180285,5.3948782998765274,0.5,1
1N88,L13A,10,8,4.498236875514529,5.622796094393161,13.994835351375428,6.006447871126106,0.375,2
1N88,L57A,2,1,3.9847623571102377,7.9695247142204755,13.394382391735922,7.9695247142204755,0.0,1
1N88,V12A,2,2,4.620296627393997,4.620296627393997,11.801259153421157,4.620296627393997,1.0,0
1N88,V30A,2,2,4.102381222055097,4.102381222055097,10.9118252325078,4.102381222055097,1.0,0
1N88,V43A,2,1,2.1455202001726,4.2910404003452,10.713598876184731,4.2910404003452,1.0,1
1N88,V49A,3,2,3.6489024672793193,5.473353700918979,13.59646795879993,5.473353700918979,0.0,1
1N88,V51A,3,2,3.005555450072979,4.508333175109469,12.410130896307608,4.508333175109469,0.5,1
1N88,V54A,2,1,2.2177107807143,4.4354215614286,11.344749003179087,4.4354215614286,1.0,1
1N88,V83A,3,3,5.294960944841751,5.294960944841751,13.59427616900676,5.312605353765433,0.3333333333333333,0
1N88,Y18A,7,5,3.937308159458254,5.5122314232415555,15.704815572616695,5.739639722084083,0.2,2
1N88,Y26A,4,2,3.3034776945866806,6.606955389173361,11.839944530638892,6.606955389173361,0.0,2
1O6X,A50G,5,5,6.691725598174756,6.691725598174756,10.32555924816148,4.452105425669011,0.6,0
1O6X,E14A,2,1,1.813011571805049,3.626023143610098,12.631237280043354,3.626023143610098,1.0,1
1O6X,F39L,6,5,3.950941379205761,4.7411296550469135,10.792455383716312,4.775629401848072,1.0,1
1O6X,F65A,1,0,0.0,,11.637122335231629,,,1
1O6X,H51A,8,8,7.98654781940533,7.98654781940533,12.391198055320682,6.156834355036643,0.0,0
1O6X,I15V,3,3,5.8337906246303675,5.8337906246303675,9.539933330938522,5.311753630855877,0.0,0
1O6X,I23V,1,0,0.0,,13.165203249206115,,,1
1O6X,I71V,7,5,3.253275580062577,4.554585812087607,11.327990641467721,3.759630936205427,0.6,2
1O6X,I75A,4,2,3.3572403595716986,6.714480719143397,13.382894504019893,6.714480719143397,0.0,2
1O6X,K41A,2,2,8.587429756002777,8.587429756002777,14.297367845170884,8.587429756002777,0.0,0
1O6X,L26V,5,3,3.1722680592978802,5.287113432163134,9.684541228986086,5.311753630855877,0.0,2
1O6X,Q60G,1,1,6.002845119137718,6.002845119137718,15.059021623894308,6.002845119137718,0.0,0
1O6X,V12A,10,10,11.415945403911754,11.415945403911754,12.072288924487525,12.18824544904313,0.0,0
1O6X,V52A,5,4,5.088398227010514,6.360497783763143,9.950666842151236,6.661811663506174,0.25,1
1O6X,Y73L,4,3,3.1381157506918558,4.184154334255807,11.485542214012721,3.619260883455977,0.6666666666666666,1
1R6R,L50S,7,7,5.744071584620855,5.744071584620855,12.398882429946443,4.788051927655374,0.5714285714285714,0
2BJD,V84D,1,0,0.0,,11.552580948165387,,,1
2C9Q,Y79F,1,0,0.0,,13.791696251864462,,,1
2C9Q,Y79W,1,0,0.0,,13.791696251864462,,,1
2CLR,H31F,1,0,0.0,,19.233005494246857,,,1
2CLR,H51F,1,0,0.0,,14.208670457993271,,,1
2CLR,H84A,2,1,2.245912987780209,4.491825975560418,15.368213429161543,4.491825975560418,1.0,1
2DVV,Q443H,8,7,13.464024601742073,15.387456687705226,13.21612920337171,19.262476673972344,0.2857142857142857,1
2DVV,R419W,12,7,7.063853555740515,12.109463238412312,13.927941317575844,13.81722966833523,0.14285714285714285,5
2HBB,A22G,1,0,0.0,,12.090836983241843,,,1
2HBB,A26G,1,0,0.0,,8.7365368127751,,,1
2HBB,A36G,1,0,0.0,,7.473673219928081,,,1
2HBB,D23A,2,1,2.1614903074758525,4.322980614951705,12.324283801081712,4.322980614951705,1.0,1
2HBB,D23N,1,1,4.322980614951705,4.322980614951705,12.25345458383412,4.322980614951705,1.0,0
2HBB,D8N,1,0,0.0,,13.308447972526466,,,1
2HBB,E38A,1,1,5.72559985400347,5.72559985400347,10.14121879336324,5.72559985400347,0.0,0
2HBB,E48Q,1,0,0.0,,14.863391812209008,,,1
2HBB,F31A,4,1,1.5310913021627006,6.1243652086508025,8.955813325549855,6.1243652086508025,0.0,3
2HBB,F5L,1,0,0.0,,8.335273976773102,,,1
2HBB,G24A,2,0,0.0,,12.64340954805809,,,2
2HBB,G34A,4,0,0.0,,10.716250486007896,,,4
2HBB,I37A,1,1,4.848071539630168,4.848071539630168,8.890079380553415,4.848071539630168,1.0,0
2HBB,K12A,1,0,0.0,,11.47854760679645,,,1
2HBB,K12G,1,0,0.0,,11.47854760679645,,,1
2HBB,K7M,1,0,0.0,,11.978937706555254,,,1
2HBB,L30A,1,0,0.0,,8.305251412149131,,,1
2HBB,L35A,2,2,5.2875140133195,5.2875140133195,10.197020646165525,5.2875140133195,0.0,0
2HBB,L47A,1,1,5.907785955266108,5.907785955266108,11.00539033682795,5.907785955266108,0.0,0
2HBB,M1A,1,0,0.0,,9.78507356258056,,,1
2HBB,V3A,2,1,3.010648290034172,6.021296580068344,7.481045660576932,6.021296580068344,0.0,1
2JUC,C57D,2,2,4.071620294871988,4.071620294871988,12.00159942957977,4.071620294871988,1.0,0
2JUC,R18A,2,1,2.267081102923663,4.534162205847326,12.74138439615036,4.534162205847326,1.0,1
2KJ3,D288A,1,1,4.249777347336993,4.249777347336993,17.37341060548879,4.249777347336993,1.0,0
2KJ3,E272A,1,1,3.9536835302430724,3.9536835302430724,20.35259478221978,3.9536835302430724,1.0,0
2KJ3,G278A,1,0,0.0,,11.0700424879539,,,1
2KJ3,L241A,1,0,0.0,,12.52887917937631,,,1
2KJ3,S273A,1,0,0.0,,15.90962932221297,,,1
2KJ3,V264A,1,0,0.0,,13.79929974581162,,,1
2KJ3,V267A,2,0,0.0,,13.495818518460679,,,2
2MPC,A89T,1,0,0.0,,13.535464939758816,,,1
2MPC,R42A,1,0,0.0,,16.794174138173247,,,1
2MPC,R42W,3,1,3.2286515788468404,9.685954736540522,16.866605633748414,9.685954736540522,0.0,2
2N7Z,P88A,1,1,6.70346285404402,6.70346285404402,13.451855504283756,6.70346285404402,0.0,0
2OUO,A420D,12,10,12.659417381022449,15.191300857226938,14.144810557672647,14.332024344345417,0.0,2
2PTL,A27P,2,2,6.328608751498616,6.328608751498616,19.47233014351757,6.328608751498616,0.0,0
2PTL,A27V,3,2,4.425260323055249,6.637890484582874,19.54374592638632,6.637890484582874,0.0,1
2PTL,A34G,3,1,1.2304297629052046,3.6912892887156135,11.788965115425189,3.6912892887156135,1.0,2
2PTL,A34V,2,2,4.7518798909302635,4.7518798909302635,11.722544603694736,4.7518798909302635,0.5,0
2PTL,A43G,4,3,3.6313388912726943,4.841785188363592,12.789717463659134,5.205816429683499,0.3333333333333333,1
2PTL,A47G,2,2,4.03308544081447,4.03308544081447,11.198556861508429,4.03308544081447,1.0,0
2PTL,A51G,2,2,3.5433371871862285,3.5433371871862285,12.148325220778755,3.5433371871862285,1.0,0
2PTL,A66G,2,1,2.3364832259272696,4.672966451854539,15.347391222389302,4.672966451854539,1.0,1
2PTL,D52A,4,3,5.052544052093153,6.736725402790871,15.73026811701223,6.58528987095253,0.0,1
2PTL,D52G,3,3,6.736725402790871,6.736725402790871,15.670683768084153,6.58528987095253,0.0,0
2PTL,D64A,1,0,0.0,,14.787495528653706,,,1
2PTL,E35A,1,1,8.207187058646248,8.207187058646248,13.409196558581195,8.207187058646248,0.0,0
2PTL,E46G,4,3,3.9122756031128496,5.216367470817133,13.652311531075535,4.58598828547003,0.6666666666666666,1
2PTL,E46I,2,1,3.238562920755669,6.477125841511338,13.583886449976626,6.477125841511338,0.0,1
2PTL,E60A,1,0,0.0,,17.68636858855999,,,1
2PTL,F26A,4,2,2.647052209388121,5.294104418776242,15.575028095366383,5.294104418776242,0.0,2
2PTL,F26L,1,1,5.294104418776242,5.294104418776242,15.419272531955395,5.294104418776242,0.0,0
2PTL,F40G,9,7,4.035460173964676,5.188448795097441,15.808306098018603,4.877662468086944,0.5714285714285714,2
2PTL,F40L,5,4,3.307483576843297,4.134354471054121,15.642460675459027,3.8865851387098465,1.0,1
2PTL,F76L,1,1,4.227206918695637,4.227206918695637,13.95959678478037,4.227206918695637,1.0,0
2PTL,F76V,2,2,4.714074856123692,4.714074856123692,13.992648309275575,4.714074856123692,0.5,0
2PTL,G29A,1,0,0.0,,20.050838219621852,,,1
2PTL,G29V,2,0,0.0,,20.126501760073257,,,2
2PTL,G38A,3,1,1.584299446136326,4.752898338408978,15.7865141528469,4.752898338408978,1.0,2
2PTL,G59A,2,0,0.0,,19.197835382121564,,,2
2PTL,G69A,5,2,2.396170838958679,5.990427097396698,15.246053959793361,5.990427097396698,0.0,3
2PTL,I20A,2,1,2.9182790516640735,5.836558103328147,12.04053293963215,5.836558103328147,0.0,1
2PTL,I20V,2,1,2.9182790516640735,5.836558103328147,12.04053293963215,5.836558103328147,0.0,1
2PTL,I25A,3,3,4.51121308479539,4.51121308479539,14.59458104094878,4.51121308479539,1.0,0
2PTL,I25V,3,3,4.51121308479539,4.51121308479539,14.59458104094878,4.51121308479539,1.0,0
2PTL,I74A,2,1,2.1608748309775754,4.321749661955151,11.662851629990413,4.321749661955151,1.0,1
2PTL,I74V,1,1,4.321749661955151,4.321749661955151,11.61900632311075,4.321749661955151,1.0,0
2PTL,K21A,2,1,2.388607948477914,4.777215896955828,12.447791619760478,4.777215896955828,1.0,1
2PTL,K37A,4,2,2.570182963897669,5.140365927795338,15.372778898434513,5.140365927795338,0.5,2
2PTL,K42G,1,0,0.0,,15.84918828911247,,,1
2PTL,K55A,2,2,6.86677490320065,6.86677490320065,18.467333575826487,6.86677490320065,0.0,0
2PTL,K56A,1,1,6.453807749962785,6.453807749962785,19.47415516456039,6.453807749962785,0.0,0
2PTL,K68A,1,0,0.0,,17.0669591220101,,,1
2PTL,K75A,1,0,0.0,,15.823073259909254,,,1
2PTL,L24A,1,1,5.166033026191124,5.166033026191124,12.30793781863495,5.166033026191124,0.0,0
2PTL,L54A,2,1,2.664077237806341,5.328154475612682,14.505903885288145,5.328154475612682,0.0,1
2PTL,L72A,1,0,0.0,,11.480953592717082,,,1
2PTL,N23A,1,0,0.0,,12.339626245846086,,,1
2PTL,N28A,1,1,4.340009105378181,4.340009105378181,19.369972876995785,4.340009105378181,1.0,0
2PTL,N58A,2,1,2.647052209388121,5.294104418776242,17.620547344167715,5.294104418776242,0.0,1
2PTL,N73A,1,0,0.0,,13.274429630366198,,,1
2PTL,S45A,1,1,5.512467023053715,5.512467023053715,14.55005619419086,5.512467023053715,0.0,0
2PTL,S45G,4,2,2.7562335115268577,5.512467023053715,14.695066466280284,5.512467023053715,0.0,2
2PTL,T19A,1,0,0.0,,14.823168887726831,,,1
2PTL,T33A,1,0,0.0,,13.232285317074025,,,1
2PTL,T44A,3,2,6.917483325688504,10.376224988532757,13.049420568584836,10.376224988532757,0.0,1
2PTL,T53G,1,0,0.0,,15.408608854549362,,,1
2PTL,T71A,4,3,3.582911922716871,4.777215896955828,13.06650806943837,4.777215896955828,1.0,1
2PTL,V63A,2,2,5.03184127164151,5.03184127164151,13.499988008649655,5.03184127164151,0.0,0
2PTL,Y48A,1,1,5.731817992882226,5.731817992882226,13.64968000021643,5.731817992882226,0.0,0
2PTL,Y50A,1,0,0.0,,12.374713422839601,,,1
2PTL,Y70A,6,4,3.352851371020755,5.029277056531132,13.655572016056224,3.582555171576212,0.75,2
2PTL,Y70L,1,1,7.7885894980745665,7.7885894980745665,13.445236146310997,7.7885894980745665,0.0,0
2RPN,V21K,9,5,3.2436178873353176,5.838512197203572,13.045405171246427,6.190971826318556,0.2,4
2WQG,D38A,2,1,3.1979636050182023,6.395927210036405,9.894245886102697,6.395927210036405,0.0,1
2WQG,D39A,2,1,3.149088502261487,6.298177004522974,10.12551481601004,6.298177004522974,0.0,1
2WQG,D39N,2,2,5.882087207263892,5.882087207263892,10.092387558979707,5.882087207263892,0.0,0
2WQG,I36A,1,1,5.6042343190483805,5.6042343190483805,10.108048078536285,5.6042343190483805,0.0,0
2WQG,I36V,1,1,5.6042343190483805,5.6042343190483805,10.108048078536285,5.6042343190483805,0.0,0
2WQG,K28A,3,0,0.0,,11.543005221233487,,,3
2WQG,L13A,1,1,5.5034435185156205,5.5034435185156205,8.945645355476481,5.5034435185156205,0.0,0
2WQG,L16A,2,1,2.5955483337773613,5.1910966675547225,9.042536065235014,5.1910966675547225,0.0,1
2WQG,L8A,1,0,0.0,,10.705123674823698,,,1
2WQG,Q12A,1,1,4.683264930012106,4.683264930012106,12.463376020849415,4.683264930012106,1.0,0
2WQG,Q12G,1,1,4.683264930012106,4.683264930012106,12.463376020849415,4.683264930012106,1.0,0
2WQG,Q33A,1,1,7.949482470063464,7.949482470063464,11.295390364726797,7.949482470063464,0.0,0
2WQG,R34A,6,3,2.2562812124847915,4.512562424969583,9.792879840307515,4.214345483008715,0.6666666666666666,3
2WQG,T9S,1,1,6.059010612610558,6.059010612610558,12.824741432248887,6.059010612610558,0.0,0
2WQG,V10G,4,3,3.2682468769415154,4.3576625025886875,12.522804098503919,4.3576625025886875,1.0,1
2WQG,Y5F,1,1,5.1910966675547225,5.1910966675547225,8.561717394163255,5.1910966675547225,0.0,0
2ZTA,E11Q,1,0,0.0,,12.671349447962768,,,1
2ZTA,E20Q,2,0,0.0,,12.309399341738906,,,2
2ZTA,E22Q,4,2,2.3293644861559963,4.658728972311993,14.133997539676072,4.658728972311993,1.0,2
2ZTA,R25A,1,1,4.658728972311993,4.658728972311993,16.304368484842577,4.658728972311993,1.0,0
3BN0,I20V,3,2,10.599627746289405,15.899441619434107,10.22204735886058,15.899441619434107,0.0,1
3C2I,F155S,2,0,0.0,,11.118276705132526,,,2
3C2I,T158M,1,0,0.0,,12.971702520255066,,,1
3FIS,P61A,1,0,0.0,,13.102186705093276,,,1
3G1G,D155Y,3,2,17.854808769245736,26.782213153868604,16.542873638633665,26.782213153868604,0.0,1
3G1G,F167Y,3,3,11.72086070959197,11.72086070959197,10.118686514651385,12.537349887964305,0.0,0
3G1G,I190V,3,2,10.740634724839595,16.110952087259392,10.375024642648196,16.110952087259392,0.0,1
3G1G,R185W,3,3,19.160659842188632,19.160659842188632,14.308058543868146,25.731749776788025,0.3333333333333333,0
3K82,E401R,2,1,2.5915425691100693,5.183085138220139,15.052116782415919,5.183085138220139,0.0,1
3MON,R39G,1,0,0.0,,15.101897234798715,,,1
3O39,L32P,25,25,17.758927547337407,17.758927547337407,21.52709513079803,16.901559585913855,0.08,0
3S92,H395R,4,3,18.779619540263845,25.03949272035179,19.426082904919582,35.053361017896044,0.3333333333333333,1
4N6V,H75W,1,1,5.50931603005999,5.50931603005999,23.822648377059718,5.50931603005999,0.0,0
4N6V,P36G,2,1,2.4945101505956515,4.989020301191303,17.497745594671,4.989020301191303,1.0,1
4N6V,P79S,2,1,2.7217499243812417,5.4434998487624835,16.896490466272645,5.4434998487624835,0.0,1
4YEE,V134T,4,3,15.006704225168946,20.00893896689193,12.995756508973127,26.093555889848794,0.0,1
4YEF,T134V,2,2,10.2484893555228,10.2484893555228,12.392498313275322,10.2484893555228,0.0,0
5JXB,D329G,9,9,14.762491507456161,14.762491507456161,18.470860376595994,15.121826987259043,0.0,0
5JXB,D329P,9,9,14.655224634603343,14.655224634603343,18.472914423097432,15.121826987259043,0.1111111111111111,0
1A0F,S11A,2,0,0.0,,12.601523242089309,,,2
1A7V,A104H,1,0,0.0,,20.24516434136264,,,1
1A7V,A66H,1,0,0.0,,18.1682224268438,,,1
1A7V,A91H,3,0,0.0,,16.489309919229942,,,3
1A7V,D58H,1,0,0.0,,23.867561745703313,,,1
1A7V,E73H,1,0,0.0,,23.924572963762085,,,1
1A7V,K13H,2,1,3.398619855203109,6.797239710406218,17.25654025678962,6.797239710406218,0.0,1
1A7V,K20H,1,0,0.0,,16.94682098458908,,,1
1A7V,K49H,2,0,0.0,,15.471228166835774,,,2
1A7V,K84H,2,2,5.829324235031355,5.829324235031355,15.611378860283613,5.829324235031355,0.0,0
1A7V,K97H,5,1,1.4796381191054597,7.398190595527299,22.13200680649889,7.398190595527299,0.0,4
1BNL,D76A,1,0,0.0,,16.100950547970506,,,1
1DIV,D23A,1,0,0.0,,35.699044419098456,,,1
1DIV,D23N,1,0,0.0,,35.699044419098456,,,1
1DIV,D8N,1,0,0.0,,27.4722807546828,,,1
1DIV,E100A,2,2,7.422333260407273,7.422333260407273,30.298719054196063,7.422333260407273,0.0,0
1DIV,E100G,2,2,7.422333260407273,7.422333260407273,30.298719054196063,7.422333260407273,0.0,0
1DIV,E38Q,1,1,4.890265270149042,4.890265270149042,30.15726604875672,4.890265270149042,1.0,0
1DIV,E48Q,4,1,1.261271193586298,5.045084774345192,26.748587975842703,5.045084774345192,0.0,3
1DIV,E54Q,7,3,2.7056569451338772,6.313199538645713,23.27651005393758,6.893852685196716,0.0,4
1DIV,H106Q,3,2,5.276199664817866,7.914299497226799,30.875676954505668,7.914299497226799,0.0,1
1DIV,I115A,1,0,0.0,,26.65434536793493,,,1
1DIV,I4A,5,5,6.1267998974385645,6.1267998974385645,25.978528010801817,5.534022504260755,0.2,0
1DIV,I4V,1,1,5.534022504260755,5.534022504260755,25.7769573328983,5.534022504260755,0.0,0
1DIV,K14M,3,1,2.2598309213018832,6.77949276390565,23.175708322682116,6.77949276390565,0.0,2
1DIV,L102A,1,1,5.615485092584648,5.615485092584648,27.63330932378607,5.615485092584648,0.0,0
1DIV,L108A,3,3,5.980593166316708,5.980593166316708,27.673909286900617,5.836824823857122,0.0,0
1DIV,L110A,1,1,5.13867826798674,5.13867826798674,25.404781138485642,5.13867826798674,0.0,0
1DIV,L6A,1,1,8.518028288175433,8.518028288175433,25.27682609196832,8.518028288175433,0.0,0
1DIV,L6V,2,2,6.689127259540703,6.689127259540703,25.329176348022322,6.689127259540703,0.5,0
1DIV,M1A,5,3,3.747103973657647,6.245173289429412,32.25271702902587,6.254741374357112,0.0,2
1DIV,M1G,7,3,2.6765028383268907,6.245173289429412,32.42026361099483,6.254741374357112,0.0,4
1DIV,V21A,1,1,3.912215966197961,3.912215966197961,29.608654093647758,3.912215966197961,1.0,0
1DIV,V21I,1,0,0.0,,29.618659761080483,,,1
1DIV,V21L,2,1,3.0724003492112955,6.144800698422591,29.678849143292428,6.144800698422591,0.0,1
1DIV,V3I,2,1,3.113018559787007,6.226037119574014,27.840371433803018,6.226037119574014,0.0,1
1DIV,V3L,3,1,2.075345706524671,6.226037119574014,27.91194051203901,6.226037119574014,0.0,2
1DXX,K18N,4,4,16.007091920623925,16.007091920623925,16.395456529412538,13.070941999935654,0.0,0
1FT8,L212V,1,0,0.0,,23.607858828777587,,,1
1FT8,L238I,5,4,6.165974306924944,7.7074678836561805,25.76850829563971,7.7074678836561805,0.0,1
1G3P,N138G,7,7,7.35966223762062,7.35966223762062,15.709972219920159,7.779383652612533,0.0,0
1GWY,A8D,3,3,7.184990231958911,7.184990231958911,18.676267595250323,7.066278317178794,0.0,0
1ITM,C24T,2,1,1.4005708986150287,2.8011417972300574,15.384102224284659,2.8011417972300574,1.0,1
1ITM,C3T,2,2,6.214509351044055,6.214509351044055,21.700486143030545,6.214509351044055,0.0,0
1ITM,W91S,3,1,1.960105888718106,5.880317666154318,17.14021462962973,5.880317666154318,0.0,2
1JLV,E64N,2,2,6.481119863078398,6.481119863078398,13.669102281466108,6.481119863078398,0.0,0
1JLV,E64Q,1,0,0.0,,13.667442979693082,,,1
1LVM,E106G,1,1,18.249900838991326,18.249900838991326,30.698327528924096,18.249900838991326,0.0,0
1LVM,K45F,3,1,13.406910680852546,40.220732042557636,17.66790957400255,40.220732042557636,0.0,2
1LVM,L56V,1,1,44.54218226422553,44.54218226422553,16.530100830714755,44.54218226422553,0.0,0
1LVM,Q58F,1,1,38.549698593627845,38.549698593627845,16.67270991889775,38.549698593627845,0.0,0
1N18,E100G,2,2,4.9246554527264665,4.9246554527264665,17.136631009675536,4.9246554527264665,1.0,0
1N18,G85R,11,3,2.4244395471621973,8.889611672928057,13.395739543146034,9.13004884158012,0.0,8
1N18,H46R,3,1,1.4126471029676617,4.237941308902985,12.441723327157918,4.237941308902985,1.0,2
1O1U,E110A,4,2,2.2256824040527627,4.4513648081055255,11.602703842983603,4.4513648081055255,0.5,2
1O1U,N61A,2,1,2.3846431754924793,4.769286350984959,11.896946181397977,4.769286350984959,1.0,1
1O1U,Q51A,2,1,2.6794479891166283,5.358895978233257,11.942474244572686,5.358895978233257,0.0,1
1O1U,Q99A,2,1,2.6038748456831655,5.207749691366331,11.416690999317968,5.207749691366331,0.0,1
1O1U,W49Y,2,1,2.8559055630211763,5.7118111260423525,11.86503907134355,5.7118111260423525,0.0,1
1OSI,S92F,3,1,2.1140589454986274,6.342176836495882,16.064118192029834,6.342176836495882,0.0,2
1PFL,A20T,1,0,0.0,,10.839036096853912,,,1
1PFL,G117V,4,1,1.5983316279290771,6.3933265117163085,18.66815898519153,6.3933265117163085,0.0,3
1PFL,M113T,8,6,4.572467717661998,6.096623623549331,11.687527668309494,6.14013443850928,0.16666666666666666,2
1PFL,T108M,6,4,3.6672891815350437,5.500933772302566,14.644239561978539,5.612807929776577,0.25,2
1PRG,Q286P,1,0,0.0,,20.309082622324908,,,1
1PRG,R288H,1,1,7.049000879762232,7.049000879762232,16.974939379402862,7.049000879762232,0.0,0
1PRG,V290M,3,1,1.9796981514505172,5.939094454351552,18.61049397536201,5.939094454351552,0.0,2
1SPD,C111S,1,0,0.0,,16.45024106560259,,,1
1SPD,C6A,1,0,0.0,,12.716335829057344,,,1
1XXN,N32D,2,0,0.0,,21.479057733264188,,,2
1XXN,N54E,1,0,0.0,,19.20419619917308,,,1
1XXN,S22E,1,0,0.0,,21.80155450729492,,,1
1XXN,S27E,3,1,1.5281836134419768,4.584550840325931,17.39733036221481,4.584550840325931,1.0,2
1XZO,F42W,5,4,13.38414909235182,16.730186365439774,14.962199568275286,18.354675875979694,0.0,1
1XZO,W101F,4,4,8.929708473489258,8.929708473489258,12.096153012648179,9.429675153435575,0.25,0
1XZO,W36A,8,6,6.7833744921431585,9.044499322857545,13.760613530701065,7.27555072390924,0.16666666666666666,2
1XZO,W36F,4,4,9.928973622331696,9.928973622331696,13.66644759424761,8.708016304899765,0.25,0
2ARF,H1069Q,1,0,0.0,,18.87942496398572,,,1
2JIE,H104R,1,0,0.0,,17.00907095385181,,,1
2JIE,Q22S,1,0,0.0,,14.657753898808418,,,1
2JIE,T18A,1,0,0.0,,13.601954969438475,,,1
2JIE,W123F,1,0,0.0,,17.20181960265967,,,1
2JIE,W123H,1,0,0.0,,17.20181960265967,,,1
2JIE,Y21A,5,1,1.4337641837207336,7.168820918603668,14.162693464094648,7.168820918603668,0.0,4
2KS4,D9A,1,0,0.0,,19.601738141181443,,,1
2LTB,L558P,5,5,6.0999394886388325,6.0999394886388325,16.847022883406265,5.191655991526045,0.4,0
2LTB,L569R,3,0,0.0,,13.101004237629596,,,3
2LTB,R533Q,1,0,0.0,,20.362937859688877,,,1
2LTB,R555W,3,1,2.3291690295206204,6.987507088561862,20.44261728951274,6.987507088561862,0.0,2
2M5S,H305A,1,0,0.0,,14.91654674130872,,,1
2NTE,R658C,3,3,7.482567274136738,7.482567274136738,16.55008067392634,7.612908256775742,0.0,0
2PR5,A33Y,1,0,0.0,,20.577491237847774,,,1
2PR5,A81M,1,0,0.0,,15.892732405431369,,,1
2PR5,D109E,3,0,0.0,,15.60830919124459,,,3
2PR5,H22K,1,0,0.0,,21.588289126315736,,,1
2PR5,H22W,2,0,0.0,,21.636477271686974,,,2
2PR5,M111F,1,0,0.0,,16.671722469087005,,,1
2PR5,N107F,1,0,0.0,,14.107460906241016,,,1
2PR5,N107Y,1,0,0.0,,14.107460906241016,,,1
2PR5,N124F,9,5,3.7166169867961463,6.689910576233063,14.61188803228529,7.013237351473681,0.0,4
2PR5,N124Y,11,7,4.545292339378779,7.142602247595225,14.640760727530322,7.013237351473681,0.0,4
2PR5,T30M,3,2,3.316997005146384,4.975495507719576,13.450120333126321,4.975495507719576,0.5,1
2PR5,T50M,2,1,3.238215313578013,6.476430627156026,12.832824674132704,6.476430627156026,0.0,1
2PR5,T54Y,2,1,2.790340932768104,5.580681865536208,17.106388034696817,5.580681865536208,0.0,1
2VY0,E53A,1,0,0.0,,20.19496981093941,,,1
3D3B,D118A,4,4,18.820743921339457,18.820743921339457,22.007096409546115,23.694316965914204,0.25,0
3D3B,D118E,5,4,15.056595137071564,18.820743921339457,22.05382060574473,23.694316965914204,0.25,1
3D3B,D118K,5,4,15.056595137071564,18.820743921339457,22.05382060574473,23.694316965914204,0.25,1
3D3B,D118N,4,4,18.820743921339457,18.820743921339457,22.007096409546115,23.694316965914204,0.25,0
3D3B,D118R,7,4,10.754710812193975,18.820743921339457,22.147866749052806,23.694316965914204,0.25,3
3ECU,H46R,2,0,0.0,,12.59696584359457,,,2
3S4M,D122Y,1,0,0.0,,20.425580138911048,,,1
3S4M,G130V,4,4,4.10605765572893,4.10605765572893,14.708381240106174,4.10605765572893,1.0,0
3S4M,I154F,3,2,5.793125994324753,8.68968899148713,12.190998877695455,8.68968899148713,0.0,1
3S4M,W155R,3,1,1.31633959208081,3.9490187762424305,15.656901984272071,3.9490187762424305,1.0,2
4BJX,A89V,1,1,5.605611934849295,5.605611934849295,17.999807415947032,5.605611934849295,0.0,0
4WAA,K65A,1,1,8.581621978974276,8.581621978974276,17.006178842421384,8.581621978974276,0.0,0
4WAA,K67A,2,0,0.0,,14.488998224017566,,,2
4WAA,R27A,1,1,4.208465428059072,4.208465428059072,18.221365509924993,4.208465428059072,1.0,0
5VP3,R39K,2,1,7.698197979654492,15.396395959308984,15.57080297161382,15.396395959308984,0.0,1
1BA3,H461D,28,27,22.889163973568653,23.736910787404526,33.8124270533557,23.78099393577661,0.1111111111111111,1
1BA3,H489D,26,26,27.903011840834793,27.903011840834793,34.39166896700938,28.894358091941598,0.0,0
1BA3,H489K,24,24,29.530285782408907,29.530285782408907,34.36157533551711,29.769950423199088,0.0,0
1BA3,H489M,24,24,29.530285782408907,29.530285782408907,34.36157533551711,29.769950423199088,0.0,0
1F8I,F345A,2,0,0.0,,19.707122215971573,,,2
1NM1,D187N,10,10,11.141996056094921,11.141996056094921,21.955987780370258,6.585316131068383,0.0,0
1NM1,D187Y,9,6,10.433898736425768,15.650848104638648,21.951642265842615,16.094769708840403,0.0,3
1PRE,C159S,1,1,6.710316615587724,6.710316615587724,49.62422421943852,6.710316615587724,0.0,0
1R2Y,R244E,24,23,19.41252104654251,20.256543700740007,17.753943467951682,18.879509754146422,0.043478260869565216,1
3D2A,M134E,2,0,0.0,,16.065176167728954,,,2
3D2A,M137P,1,0,0.0,,15.360390461281684,,,1
3D2A,S163P,1,0,0.0,,14.583691849522264,,,1
