pdb_id,mut_info,mut_idx,ddg,wt_has_h,gly_switch,atom_def,threshold,wt_edges,mt_edges,n_broken,n_formed,n_edit,wt,mt,d_vol,d_kd,vol_mt,kd_mt,chg_mt,abs_dvol
1BFM,M35W,34,0.7,1,0,centroid,8.0,222,223,0,1,1,M,W,-64.9,2.8,227.8,-0.9,0.0,64.9
1BFM,M35Y,34,0.4,1,0,centroid,8.0,222,222,1,1,2,M,Y,-30.69999999999999,3.2,193.6,-1.3,0.0,30.69999999999999
1D5G,H71Y,70,0.04,1,0,centroid,8.0,351,350,2,1,3,H,Y,-40.400000000000006,-1.9000000000000001,193.6,-1.3,0.0,40.400000000000006
1D5G,I20F,19,-0.91,1,0,centroid,8.0,351,350,4,3,7,I,F,-23.200000000000017,1.7000000000000002,189.9,2.8,0.0,23.200000000000017
1EKG,L198C,108,1.0,0,0,centroid,8.0,462,465,0,3,3,L,C,58.19999999999999,1.2999999999999998,108.5,2.5,0.0,58.19999999999999
1EKG,L200C,110,2.0,0,0,centroid,8.0,462,463,0,1,1,L,C,58.19999999999999,1.2999999999999998,108.5,2.5,0.0,58.19999999999999
1EKG,L203C,113,-1.0,0,0,centroid,8.0,462,462,1,1,2,L,C,58.19999999999999,1.2999999999999998,108.5,2.5,0.0,58.19999999999999
1EKG,S181F,91,2.6,0,0,centroid,8.0,462,461,3,2,5,S,F,-100.9,-3.5999999999999996,189.9,2.8,0.0,100.9
1FRD,H42R,41,-4.0,0,0,centroid,8.0,404,403,3,2,5,H,R,-20.200000000000017,1.2999999999999998,173.4,-4.5,1.0,20.200000000000017
1FXA,E94D,93,1.1,0,0,centroid,8.0,407,407,2,2,4,E,D,27.30000000000001,0.0,111.1,-3.5,-1.0,27.30000000000001
1FXA,E94K,93,0.4,0,0,centroid,8.0,407,405,4,2,6,E,K,-30.19999999999999,0.3999999999999999,168.6,-3.9,1.0,30.19999999999999
1FXA,E94Q,93,-0.6,0,0,centroid,8.0,407,407,2,2,4,E,Q,-5.400000000000006,0.0,143.8,-3.5,0.0,5.400000000000006
1FXA,E95K,94,-1.0,0,0,centroid,8.0,407,407,0,0,0,E,K,-30.19999999999999,0.3999999999999999,168.6,-3.9,1.0,30.19999999999999
1FXA,F65A,64,1.0,0,0,centroid,8.0,407,405,4,2,6,F,A,101.30000000000001,0.9999999999999998,88.6,1.8,0.0,101.30000000000001
1FXA,F65I,64,0.9,0,0,centroid,8.0,407,408,1,2,3,F,I,23.200000000000017,-1.7000000000000002,166.7,4.5,0.0,23.200000000000017
1FXA,F65W,64,0.6,0,0,centroid,8.0,407,409,1,3,4,F,W,-37.900000000000006,3.6999999999999997,227.8,-0.9,0.0,37.900000000000006
1FXA,F65Y,64,0.5,0,0,centroid,8.0,407,408,0,1,1,F,Y,-3.6999999999999886,4.1,193.6,-1.3,0.0,3.6999999999999886
1FXA,R42A,41,2.4,0,0,centroid,8.0,407,413,4,10,14,R,A,84.80000000000001,-6.3,88.6,1.8,0.0,84.80000000000001
1FXA,R42H,41,1.4,0,0,centroid,8.0,407,413,2,8,10,R,H,20.200000000000017,-1.2999999999999998,153.2,-3.2,0.0,20.200000000000017
1FXA,T48A,47,-0.1,0,0,centroid,8.0,407,408,0,1,1,T,A,27.5,-2.5,88.6,1.8,0.0,27.5
1GLU,C500A,66,1.22,0,0,centroid,8.0,290,291,2,3,5,C,A,19.900000000000006,0.7,88.6,1.8,0.0,19.900000000000006
1GUA,A118G,62,1.963,0,1,centroid,8.0,273,272,1,0,1,A,G,28.499999999999993,2.2,60.1,-0.4,0.0,28.499999999999993
1GUA,A118L,62,1.951,0,0,centroid,8.0,273,275,4,6,10,A,L,-78.1,-1.9999999999999998,166.7,3.8,0.0,78.1
1GUA,A85G,29,2.149,0,1,centroid,8.0,273,274,1,2,3,A,G,28.499999999999993,2.2,60.1,-0.4,0.0,28.499999999999993
1GUA,A97G,41,0.863,0,1,centroid,8.0,273,273,1,1,2,A,G,28.499999999999993,2.2,60.1,-0.4,0.0,28.499999999999993
1GUA,C81A,25,-0.283,0,0,centroid,8.0,273,274,0,1,1,C,A,19.900000000000006,0.7,88.6,1.8,0.0,19.900000000000006
1GUA,C81I,25,0.912,0,0,centroid,8.0,273,273,0,0,0,C,I,-58.19999999999999,-2.0,166.7,4.5,0.0,58.19999999999999
1GUA,C95A,39,0.08,0,0,centroid,8.0,273,272,1,0,1,C,A,19.900000000000006,0.7,88.6,1.8,0.0,19.900000000000006
1GUA,C96A,40,1.759,0,0,centroid,8.0,273,273,1,1,2,C,A,19.900000000000006,0.7,88.6,1.8,0.0,19.900000000000006
1GUA,C96L,40,0.043,0,0,centroid,8.0,273,274,1,2,3,C,L,-58.19999999999999,-1.2999999999999998,166.7,3.8,0.0,58.19999999999999
1GUA,C96M,40,0.337,0,0,centroid,8.0,273,274,1,2,3,C,M,-54.400000000000006,0.6000000000000001,162.9,1.9,0.0,54.400000000000006
1GUA,D117A,61,0.706,0,0,centroid,8.0,273,272,1,0,1,D,A,22.5,-5.3,88.6,1.8,0.0,22.5
1GUA,D129A,73,0.855,0,0,centroid,8.0,273,277,0,4,4,D,A,22.5,-5.3,88.6,1.8,0.0,22.5
1GUA,D80A,24,0.493,0,0,centroid,8.0,273,273,0,0,0,D,A,22.5,-5.3,88.6,1.8,0.0,22.5
1GUA,E104A,48,-0.021,0,0,centroid,8.0,273,274,0,1,1,E,A,49.80000000000001,-5.3,88.6,1.8,0.0,49.80000000000001
1GUA,E124A,68,0.101,0,0,centroid,8.0,273,274,2,3,5,E,A,49.80000000000001,-5.3,88.6,1.8,0.0,49.80000000000001
1GUA,E125A,69,0.591,0,0,centroid,8.0,273,273,2,2,4,E,A,49.80000000000001,-5.3,88.6,1.8,0.0,49.80000000000001
1GUA,I58A,2,3.274,0,0,centroid,8.0,273,272,1,0,1,I,A,78.1,2.7,88.6,1.8,0.0,78.1
1GUA,I58F,2,1.2990000000000002,0,0,centroid,8.0,273,268,7,2,9,I,F,-23.200000000000017,1.7000000000000002,189.9,2.8,0.0,23.200000000000017
1GUA,I58L,2,0.7709999999999999,0,0,centroid,8.0,273,271,2,0,2,I,L,0.0,0.7000000000000002,166.7,3.8,0.0,0.0
1GUA,K109A,53,0.327,0,0,centroid,8.0,273,274,1,2,3,K,A,80.0,-5.7,88.6,1.8,0.0,80.0
1GUA,L112A,56,2.593,0,0,centroid,8.0,273,278,0,5,5,L,A,78.1,1.9999999999999998,88.6,1.8,0.0,78.1
1GUA,L121A,65,2.5340000000000003,0,0,centroid,8.0,273,276,0,3,3,L,A,78.1,1.9999999999999998,88.6,1.8,0.0,78.1
1GUA,L126A,70,3.405,0,0,centroid,8.0,273,273,2,2,4,L,A,78.1,1.9999999999999998,88.6,1.8,0.0,78.1
1GUA,L62A,6,3.46,0,0,centroid,8.0,273,273,1,1,2,L,A,78.1,1.9999999999999998,88.6,1.8,0.0,78.1
1GUA,L78A,22,3.803,0,0,centroid,8.0,273,276,1,4,5,L,A,78.1,1.9999999999999998,88.6,1.8,0.0,78.1
1GUA,L82A,26,3.529,0,0,centroid,8.0,273,274,2,3,5,L,A,78.1,1.9999999999999998,88.6,1.8,0.0,78.1
1GUA,L82I,26,1.6,0,0,centroid,8.0,273,275,1,3,4,L,I,0.0,-0.7000000000000002,166.7,4.5,0.0,0.0
1GUA,L82V,26,1.7,0,0,centroid,8.0,273,276,0,3,3,L,V,26.69999999999999,-0.40000000000000036,140.0,4.2,0.0,26.69999999999999
1GUA,L86A,30,3.2260000000000004,0,0,centroid,8.0,273,277,2,6,8,L,A,78.1,1.9999999999999998,88.6,1.8,0.0,78.1
1GUA,L91A,35,1.575,0,0,centroid,8.0,273,277,0,4,4,L,A,78.1,1.9999999999999998,88.6,1.8,0.0,78.1
1GUA,M76A,20,0.961,0,0,centroid,8.0,273,275,0,2,2,M,A,74.30000000000001,0.09999999999999987,88.6,1.8,0.0,74.30000000000001
1GUA,N56M,0,-0.271,0,0,centroid,8.0,273,272,1,0,1,N,M,-48.80000000000001,-5.4,162.9,1.9,0.0,48.80000000000001
1GUA,N64A,8,1.14,0,0,centroid,8.0,273,275,0,2,2,N,A,25.5,-5.3,88.6,1.8,0.0,25.5
1GUA,P63A,7,1.7080000000000002,0,0,centroid,8.0,273,274,0,1,1,P,A,24.10000000000001,-3.4000000000000004,88.6,1.8,0.0,24.10000000000001
1GUA,P93A,37,0.0819999999999999,0,0,centroid,8.0,273,271,3,1,4,P,A,24.10000000000001,-3.4000000000000004,88.6,1.8,0.0,24.10000000000001
1GUA,Q66A,10,0.504,0,0,centroid,8.0,273,275,0,2,2,Q,A,55.20000000000002,-5.3,88.6,1.8,0.0,55.20000000000002
1GUA,R100A,44,0.693,0,0,centroid,8.0,273,276,1,4,5,R,A,84.80000000000001,-6.3,88.6,1.8,0.0,84.80000000000001
1GUA,R59A,3,-0.178,0,0,centroid,8.0,273,277,0,4,4,R,A,84.80000000000001,-6.3,88.6,1.8,0.0,84.80000000000001
1GUA,R89L,33,-1.078,0,0,centroid,8.0,273,273,0,0,0,R,L,6.700000000000017,-8.3,166.7,3.8,0.0,6.700000000000017
1GUA,S77A,21,1.5730000000000002,0,0,centroid,8.0,273,273,0,0,0,S,A,0.4000000000000057,-2.6,88.6,1.8,0.0,0.4000000000000057
1GUA,S77T,21,-0.581,0,0,centroid,8.0,273,273,0,0,0,S,T,-27.099999999999994,-0.10000000000000009,116.1,-0.7,0.0,27.099999999999994
1GUA,T68A,12,0.109,0,0,centroid,8.0,273,274,0,1,1,T,A,27.5,-2.5,88.6,1.8,0.0,27.5
1GUA,V128A,72,3.3680000000000003,0,0,centroid,8.0,273,272,1,0,1,V,A,51.400000000000006,2.4000000000000004,88.6,1.8,0.0,51.400000000000006
1GUA,V60A,4,2.251,0,0,centroid,8.0,273,273,1,1,2,V,A,51.400000000000006,2.4000000000000004,88.6,1.8,0.0,51.400000000000006
1GUA,V69A,13,1.116,0,0,centroid,8.0,273,273,0,0,0,V,A,51.400000000000006,2.4000000000000004,88.6,1.8,0.0,51.400000000000006
1GUA,V70A,14,1.77,0,0,centroid,8.0,273,273,0,0,0,V,A,51.400000000000006,2.4000000000000004,88.6,1.8,0.0,51.400000000000006
1GUA,V72A,16,1.052,0,0,centroid,8.0,273,273,0,0,0,V,A,51.400000000000006,2.4000000000000004,88.6,1.8,0.0,51.400000000000006
1GUA,V72I,16,0.8640000000000001,0,0,centroid,8.0,273,272,1,0,1,V,I,-26.69999999999999,-0.2999999999999998,166.7,4.5,0.0,26.69999999999999
1GUA,V98A,42,1.981,0,0,centroid,8.0,273,273,0,0,0,V,A,51.400000000000006,2.4000000000000004,88.6,1.8,0.0,51.400000000000006
1H0X,P18A,9,1.936,0,0,centroid,8.0,325,325,0,0,0,P,A,24.10000000000001,-3.4000000000000004,88.6,1.8,0.0,24.10000000000001
1H0X,P62A,53,2.5810000000000004,0,0,centroid,8.0,325,325,0,0,0,P,A,24.10000000000001,-3.4000000000000004,88.6,1.8,0.0,24.10000000000001
1HCQ,C67A,66,2.09,0,0,centroid,8.0,277,272,6,1,7,C,A,19.900000000000006,0.7,88.6,1.8,0.0,19.900000000000006
1HCQ,C67S,66,1.99,0,0,centroid,8.0,277,270,7,0,7,C,S,19.5,3.3,89.0,-0.8,0.0,19.5
1IOJ,G15A,14,-0.4,1,1,centroid,8.0,136,138,1,3,4,G,A,-28.499999999999993,-2.2,88.6,1.8,0.0,28.499999999999993
1IV9,S76Y,75,-4.299,0,0,centroid,8.0,337,340,1,4,5,S,Y,-104.6,0.5,193.6,-1.3,0.0,104.6
1J8I,K25A,24,-0.1,1,0,centroid,8.0,271,273,2,4,6,K,A,80.0,-5.7,88.6,1.8,0.0,80.0
1J8I,K66A,65,-0.1,1,0,centroid,8.0,271,275,1,5,6,K,A,80.0,-5.7,88.6,1.8,0.0,80.0
1J8I,R23A,22,-0.8,1,0,centroid,8.0,271,272,1,2,3,R,A,84.80000000000001,-6.3,88.6,1.8,0.0,84.80000000000001
1J8I,R35A,34,0.1,1,0,centroid,8.0,271,274,0,3,3,R,A,84.80000000000001,-6.3,88.6,1.8,0.0,84.80000000000001
1J8I,R43A,42,-0.7,1,0,centroid,8.0,271,270,5,4,9,R,A,84.80000000000001,-6.3,88.6,1.8,0.0,84.80000000000001
1J8I,R9A,8,0.1,1,0,centroid,8.0,271,272,0,1,1,R,A,84.80000000000001,-6.3,88.6,1.8,0.0,84.80000000000001
1JL9,A25C,19,1.44,0,0,centroid,8.0,120,120,0,0,0,A,C,-19.900000000000006,-0.7,108.5,2.5,0.0,19.900000000000006
1L6H,F39A,38,1.6969999999999998,1,0,centroid,8.0,335,339,5,9,14,F,A,101.30000000000001,0.9999999999999998,88.6,1.8,0.0,101.30000000000001
1L6H,Y45A,44,0.55,1,0,centroid,8.0,335,335,7,7,14,Y,A,105.0,-3.1,88.6,1.8,0.0,105.0
1L6H,Y48A,47,1.482,1,0,centroid,8.0,335,333,7,5,12,Y,A,105.0,-3.1,88.6,1.8,0.0,105.0
1N88,F21A,20,1.39,1,0,centroid,8.0,386,381,8,3,11,F,A,101.30000000000001,0.9999999999999998,88.6,1.8,0.0,101.30000000000001
1N88,I39A,38,1.39,1,0,centroid,8.0,386,388,3,5,8,I,A,78.1,2.7,88.6,1.8,0.0,78.1
1N88,I80A,79,2.79,1,0,centroid,8.0,386,387,2,3,5,I,A,78.1,2.7,88.6,1.8,0.0,78.1
1N88,I89A,88,2.35,1,0,centroid,8.0,386,391,4,9,13,I,A,78.1,2.7,88.6,1.8,0.0,78.1
1N88,I8V,7,1.52,1,0,centroid,8.0,386,386,3,3,6,I,V,26.69999999999999,0.2999999999999998,140.0,4.2,0.0,26.69999999999999
1N88,L13A,12,1.52,1,0,centroid,8.0,386,381,10,5,15,L,A,78.1,1.9999999999999998,88.6,1.8,0.0,78.1
1N88,L57A,56,1.11,1,0,centroid,8.0,386,385,2,1,3,L,A,78.1,1.9999999999999998,88.6,1.8,0.0,78.1
1N88,V12A,11,1.94,1,0,centroid,8.0,386,384,2,0,2,V,A,51.400000000000006,2.4000000000000004,88.6,1.8,0.0,51.400000000000006
1N88,V30A,29,2.84,1,0,centroid,8.0,386,385,2,1,3,V,A,51.400000000000006,2.4000000000000004,88.6,1.8,0.0,51.400000000000006
1N88,V43A,42,2.82,1,0,centroid,8.0,386,384,2,0,2,V,A,51.400000000000006,2.4000000000000004,88.6,1.8,0.0,51.400000000000006
1N88,V49A,48,2.83,1,0,centroid,8.0,386,385,3,2,5,V,A,51.400000000000006,2.4000000000000004,88.6,1.8,0.0,51.400000000000006
1N88,V51A,50,3.24,1,0,centroid,8.0,386,386,3,3,6,V,A,51.400000000000006,2.4000000000000004,88.6,1.8,0.0,51.400000000000006
1N88,V54A,53,3.73,1,0,centroid,8.0,386,386,2,2,4,V,A,51.400000000000006,2.4000000000000004,88.6,1.8,0.0,51.400000000000006
1N88,V81A,80,2.82,1,0,centroid,8.0,386,387,0,1,1,V,A,51.400000000000006,2.4000000000000004,88.6,1.8,0.0,51.400000000000006
1N88,V83A,82,3.1,1,0,centroid,8.0,386,387,3,4,7,V,A,51.400000000000006,2.4000000000000004,88.6,1.8,0.0,51.400000000000006
1N88,Y18A,17,-0.06,1,0,centroid,8.0,386,384,7,5,12,Y,A,105.0,-3.1,88.6,1.8,0.0,105.0
1N88,Y26A,25,4.61,1,0,centroid,8.0,386,392,4,10,14,Y,A,105.0,-3.1,88.6,1.8,0.0,105.0
1O6X,A31G,30,1.2,1,1,centroid,8.0,291,291,0,0,0,A,G,28.499999999999993,2.2,60.1,-0.4,0.0,28.499999999999993
1O6X,A50G,49,1.4,1,1,centroid,8.0,291,290,5,4,9,A,G,28.499999999999993,2.2,60.1,-0.4,0.0,28.499999999999993
1O6X,D38A,37,-0.36,1,0,centroid,8.0,291,292,0,1,1,D,A,22.5,-5.3,88.6,1.8,0.0,22.5
1O6X,E14A,13,0.3,1,0,centroid,8.0,291,292,2,3,5,E,A,49.80000000000001,-5.3,88.6,1.8,0.0,49.80000000000001
1O6X,E20G,19,1.42,1,1,centroid,8.0,291,294,0,3,3,E,G,78.30000000000001,-3.1,60.1,-0.4,0.0,78.30000000000001
1O6X,F39L,38,1.88,1,0,centroid,8.0,291,288,6,3,9,F,L,23.200000000000017,-1.0,166.7,3.8,0.0,23.200000000000017
1O6X,F65A,64,0.98,1,0,centroid,8.0,291,292,1,2,3,F,A,101.30000000000001,0.9999999999999998,88.6,1.8,0.0,101.30000000000001
1O6X,H51A,50,0.61,1,0,centroid,8.0,291,292,8,9,17,H,A,64.6,-5.0,88.6,1.8,0.0,64.6
1O6X,I15V,14,0.43,1,0,centroid,8.0,291,289,3,1,4,I,V,26.69999999999999,0.2999999999999998,140.0,4.2,0.0,26.69999999999999
1O6X,I23V,22,-0.42,1,0,centroid,8.0,291,291,1,1,2,I,V,26.69999999999999,0.2999999999999998,140.0,4.2,0.0,26.69999999999999
1O6X,I71V,70,1.31,1,0,centroid,8.0,291,284,7,0,7,I,V,26.69999999999999,0.2999999999999998,140.0,4.2,0.0,26.69999999999999
1O6X,I75A,74,1.31,1,0,centroid,8.0,291,292,4,5,9,I,A,78.1,2.7,88.6,1.8,0.0,78.1
1O6X,K41A,40,1.98,1,0,centroid,8.0,291,291,2,2,4,K,A,80.0,-5.7,88.6,1.8,0.0,80.0
1O6X,L26V,25,0.97,1,0,centroid,8.0,291,287,5,1,6,L,V,26.69999999999999,-0.40000000000000036,140.0,4.2,0.0,26.69999999999999
1O6X,N58A,57,0.08,1,0,centroid,8.0,291,292,0,1,1,N,A,25.5,-5.3,88.6,1.8,0.0,25.5
1O6X,Q60G,59,0.49,1,1,centroid,8.0,291,293,1,3,4,Q,G,83.70000000000002,-3.1,60.1,-0.4,0.0,83.70000000000002
1O6X,V12A,11,1.1,1,0,centroid,8.0,291,283,10,2,12,V,A,51.400000000000006,2.4000000000000004,88.6,1.8,0.0,51.400000000000006
1O6X,V52A,51,1.08,1,0,centroid,8.0,291,288,5,2,7,V,A,51.400000000000006,2.4000000000000004,88.6,1.8,0.0,51.400000000000006
1O6X,V64G,63,1.1,1,1,centroid,8.0,291,296,0,5,5,V,G,79.9,4.6000000000000005,60.1,-0.4,0.0,79.9
1O6X,Y73L,72,2.78,1,0,centroid,8.0,291,289,4,2,6,Y,L,26.900000000000006,-5.1,166.7,3.8,0.0,26.900000000000006
1R6R,I88N,67,0.13,1,0,centroid,8.0,261,262,0,1,1,I,N,52.599999999999994,8.0,114.1,-3.5,0.0,52.599999999999994
1R6R,L50S,29,2.81,1,0,centroid,8.0,261,257,7,3,10,L,S,77.69999999999999,4.6,89.0,-0.8,0.0,77.69999999999999
1R6R,L54S,33,0.24,1,0,centroid,8.0,261,269,0,8,8,L,S,77.69999999999999,4.6,89.0,-0.8,0.0,77.69999999999999
1R6R,L81N,60,6.84,1,0,centroid,8.0,261,261,0,0,0,L,N,52.599999999999994,7.3,114.1,-3.5,0.0,52.599999999999994
2BJD,V84D,72,4.493,0,0,centroid,8.0,374,373,1,0,1,V,D,28.900000000000006,7.7,111.1,-3.5,-1.0,28.900000000000006
2BJD,V84P,72,4.517,0,0,centroid,8.0,374,374,0,0,0,V,P,27.299999999999997,5.800000000000001,112.7,-1.6,0.0,27.299999999999997
2BJD,Y86E,74,2.103,0,0,centroid,8.0,374,374,0,0,0,Y,E,55.19999999999999,2.2,138.4,-3.5,-1.0,55.19999999999999
2C9Q,Y79F,78,0.012,0,0,centroid,8.0,418,418,1,1,2,Y,F,3.6999999999999886,-4.1,189.9,2.8,0.0,3.6999999999999886
2C9Q,Y79W,78,1.233,0,0,centroid,8.0,418,419,1,2,3,Y,W,-34.20000000000002,-0.4,227.8,-0.9,0.0,34.20000000000002
2CLR,H13F,13,-0.12,0,0,centroid,8.0,352,352,0,0,0,H,F,-36.70000000000002,-6.0,189.9,2.8,0.0,36.70000000000002
2CLR,H31F,31,-2.605,0,0,centroid,8.0,352,351,1,0,1,H,F,-36.70000000000002,-6.0,189.9,2.8,0.0,36.70000000000002
2CLR,H51F,51,1.912,0,0,centroid,8.0,352,351,1,0,1,H,F,-36.70000000000002,-6.0,189.9,2.8,0.0,36.70000000000002
2CLR,H84A,84,2.629,0,0,centroid,8.0,352,352,2,2,4,H,A,64.6,-5.0,88.6,1.8,0.0,64.6
2DVV,Q443H,99,-0.89,0,0,centroid,8.0,419,411,8,0,8,Q,H,-9.399999999999977,-0.2999999999999998,153.2,-3.2,0.0,9.399999999999977
2DVV,R419W,75,0.02,0,0,centroid,8.0,419,410,12,3,15,R,W,-54.400000000000006,-3.6,227.8,-0.9,0.0,54.400000000000006
2HBB,A22G,21,0.32,0,1,centroid,8.0,175,176,1,2,3,A,G,28.499999999999993,2.2,60.1,-0.4,0.0,28.499999999999993
2HBB,A26G,25,1.79,0,1,centroid,8.0,175,177,1,3,4,A,G,28.499999999999993,2.2,60.1,-0.4,0.0,28.499999999999993
2HBB,A36G,35,1.55,0,1,centroid,8.0,175,175,1,1,2,A,G,28.499999999999993,2.2,60.1,-0.4,0.0,28.499999999999993
2HBB,A39G,38,1.59,0,1,centroid,8.0,175,178,0,3,3,A,G,28.499999999999993,2.2,60.1,-0.4,0.0,28.499999999999993
2HBB,A42G,41,0.33,0,1,centroid,8.0,175,176,0,1,1,A,G,28.499999999999993,2.2,60.1,-0.4,0.0,28.499999999999993
2HBB,A46G,45,0.55,0,1,centroid,8.0,175,176,0,1,1,A,G,28.499999999999993,2.2,60.1,-0.4,0.0,28.499999999999993
2HBB,A49G,48,0.22,0,1,centroid,8.0,175,177,0,2,2,A,G,28.499999999999993,2.2,60.1,-0.4,0.0,28.499999999999993
2HBB,D23A,22,0.03,0,0,centroid,8.0,175,175,2,2,4,D,A,22.5,-5.3,88.6,1.8,0.0,22.5
2HBB,D23N,22,0.79,0,0,centroid,8.0,175,175,1,1,2,D,N,-3.0,0.0,114.1,-3.5,0.0,3.0
2HBB,D8A,7,1.3,0,0,centroid,8.0,175,178,0,3,3,D,A,22.5,-5.3,88.6,1.8,0.0,22.5
2HBB,D8N,7,0.38,0,0,centroid,8.0,175,176,1,2,3,D,N,-3.0,0.0,114.1,-3.5,0.0,3.0
2HBB,E17A,16,1.69,0,0,centroid,8.0,175,179,0,4,4,E,A,49.80000000000001,-5.3,88.6,1.8,0.0,49.80000000000001
2HBB,E17Q,16,0.33,0,0,centroid,8.0,175,175,0,0,0,E,Q,-5.400000000000006,0.0,143.8,-3.5,0.0,5.400000000000006
2HBB,E38A,37,0.41,0,0,centroid,8.0,175,178,1,4,5,E,A,49.80000000000001,-5.3,88.6,1.8,0.0,49.80000000000001
2HBB,E38Q,37,0.68,0,0,centroid,8.0,175,176,0,1,1,E,Q,-5.400000000000006,0.0,143.8,-3.5,0.0,5.400000000000006
2HBB,E48Q,47,-0.07,0,0,centroid,8.0,175,174,1,0,1,E,Q,-5.400000000000006,0.0,143.8,-3.5,0.0,5.400000000000006
2HBB,F31A,30,2.84,0,0,centroid,8.0,175,174,4,3,7,F,A,101.30000000000001,0.9999999999999998,88.6,1.8,0.0,101.30000000000001
2HBB,F5L,4,1.15,0,0,centroid,8.0,175,178,1,4,5,F,L,23.200000000000017,-1.0,166.7,3.8,0.0,23.200000000000017
2HBB,G24A,23,-0.02,0,1,centroid,8.0,175,173,2,0,2,G,A,-28.499999999999993,-2.2,88.6,1.8,0.0,28.499999999999993
2HBB,G34A,33,1.02,0,1,centroid,8.0,175,171,4,0,4,G,A,-28.499999999999993,-2.2,88.6,1.8,0.0,28.499999999999993
2HBB,I18A,17,2.05,0,0,centroid,8.0,175,181,0,6,6,I,A,78.1,2.7,88.6,1.8,0.0,78.1
2HBB,I18V,17,0.07,0,0,centroid,8.0,175,178,0,3,3,I,V,26.69999999999999,0.2999999999999998,140.0,4.2,0.0,26.69999999999999
2HBB,I37A,36,1.28,0,0,centroid,8.0,175,175,1,1,2,I,A,78.1,2.7,88.6,1.8,0.0,78.1
2HBB,I37V,36,-0.09,0,0,centroid,8.0,175,175,0,0,0,I,V,26.69999999999999,0.2999999999999998,140.0,4.2,0.0,26.69999999999999
2HBB,I4V,3,0.59,0,0,centroid,8.0,175,176,0,1,1,I,V,26.69999999999999,0.2999999999999998,140.0,4.2,0.0,26.69999999999999
2HBB,K10E,9,-0.13,0,0,centroid,8.0,175,177,0,2,2,K,E,30.19999999999999,-0.3999999999999999,138.4,-3.5,-1.0,30.19999999999999
2HBB,K10M,9,-0.47,0,0,centroid,8.0,175,179,0,4,4,K,M,5.699999999999989,-5.8,162.9,1.9,0.0,5.699999999999989
2HBB,K12A,11,-0.61,0,0,centroid,8.0,175,175,1,1,2,K,A,80.0,-5.7,88.6,1.8,0.0,80.0
2HBB,K12G,11,-0.03,0,1,centroid,8.0,175,175,1,1,2,K,G,108.5,-3.5,60.1,-0.4,0.0,108.5
2HBB,K12M,11,-1.8,0,0,centroid,8.0,175,176,0,1,1,K,M,5.699999999999989,-5.8,162.9,1.9,0.0,5.699999999999989
2HBB,K14A,13,0.73,0,0,centroid,8.0,175,179,0,4,4,K,A,80.0,-5.7,88.6,1.8,0.0,80.0
2HBB,K14G,13,1.3,0,1,centroid,8.0,175,182,0,7,7,K,G,108.5,-3.5,60.1,-0.4,0.0,108.5
2HBB,K14M,13,0.34,0,0,centroid,8.0,175,179,0,4,4,K,M,5.699999999999989,-5.8,162.9,1.9,0.0,5.699999999999989
2HBB,K15G,14,1.74,0,1,centroid,8.0,175,179,0,4,4,K,G,108.5,-3.5,60.1,-0.4,0.0,108.5
2HBB,K15M,14,0.44,0,0,centroid,8.0,175,175,0,0,0,K,M,5.699999999999989,-5.8,162.9,1.9,0.0,5.699999999999989
2HBB,K7M,6,-0.21,0,0,centroid,8.0,175,175,1,1,2,K,M,5.699999999999989,-5.8,162.9,1.9,0.0,5.699999999999989
2HBB,L30A,29,2.76,0,0,centroid,8.0,175,175,1,1,2,L,A,78.1,1.9999999999999998,88.6,1.8,0.0,78.1
2HBB,L35A,34,1.21,0,0,centroid,8.0,175,174,2,1,3,L,A,78.1,1.9999999999999998,88.6,1.8,0.0,78.1
2HBB,L44A,43,1.73,0,0,centroid,8.0,175,178,0,3,3,L,A,78.1,1.9999999999999998,88.6,1.8,0.0,78.1
2HBB,L47A,46,0.84,0,0,centroid,8.0,175,175,1,1,2,L,A,78.1,1.9999999999999998,88.6,1.8,0.0,78.1
2HBB,L6A,5,3.1,0,0,centroid,8.0,175,178,0,3,3,L,A,78.1,1.9999999999999998,88.6,1.8,0.0,78.1
2HBB,M1A,0,1.46,0,0,centroid,8.0,175,176,1,2,3,M,A,74.30000000000001,0.09999999999999987,88.6,1.8,0.0,74.30000000000001
2HBB,T40S,39,0.8,0,0,centroid,8.0,175,175,0,0,0,T,S,27.099999999999994,0.10000000000000009,89.0,-0.8,0.0,27.099999999999994
2HBB,V21A,20,2.33,0,0,centroid,8.0,175,177,0,2,2,V,A,51.400000000000006,2.4000000000000004,88.6,1.8,0.0,51.400000000000006
2HBB,V3A,2,2.55,0,0,centroid,8.0,175,175,2,2,4,V,A,51.400000000000006,2.4000000000000004,88.6,1.8,0.0,51.400000000000006
2HBB,V9A,8,1.81,0,0,centroid,8.0,175,176,0,1,1,V,A,51.400000000000006,2.4000000000000004,88.6,1.8,0.0,51.400000000000006
2JUC,C57D,52,2.54,1,0,centroid,8.0,194,194,2,2,4,C,D,-2.5999999999999943,6.0,111.1,-3.5,-1.0,2.5999999999999943
2JUC,C57S,52,0.71,1,0,centroid,8.0,194,196,0,2,2,C,S,19.5,3.3,89.0,-0.8,0.0,19.5
2JUC,R18A,13,1.75,1,0,centroid,8.0,194,195,2,3,5,R,A,84.80000000000001,-6.3,88.6,1.8,0.0,84.80000000000001
2KJ3,D288A,71,-1.2,1,0,centroid,8.0,254,257,1,4,5,D,A,22.5,-5.3,88.6,1.8,0.0,22.5
2KJ3,E272A,55,-1.9,1,0,centroid,8.0,254,255,1,2,3,E,A,49.80000000000001,-5.3,88.6,1.8,0.0,49.80000000000001
2KJ3,G278A,61,0.8,1,1,centroid,8.0,254,254,1,1,2,G,A,-28.499999999999993,-2.2,88.6,1.8,0.0,28.499999999999993
2KJ3,K229A,12,-1.5,1,0,centroid,8.0,254,258,0,4,4,K,A,80.0,-5.7,88.6,1.8,0.0,80.0
2KJ3,L241A,24,-1.0,1,0,centroid,8.0,254,253,1,0,1,L,A,78.1,1.9999999999999998,88.6,1.8,0.0,78.1
2KJ3,S273A,56,-1.4,1,0,centroid,8.0,254,253,1,0,1,S,A,0.4000000000000057,-2.6,88.6,1.8,0.0,0.4000000000000057
2KJ3,V239A,22,-1.0,1,0,centroid,8.0,254,254,0,0,0,V,A,51.400000000000006,2.4000000000000004,88.6,1.8,0.0,51.400000000000006
2KJ3,V264A,47,-1.0,1,0,centroid,8.0,254,253,1,0,1,V,A,51.400000000000006,2.4000000000000004,88.6,1.8,0.0,51.400000000000006
2KJ3,V267A,50,-0.2,1,0,centroid,8.0,254,252,2,0,2,V,A,51.400000000000006,2.4000000000000004,88.6,1.8,0.0,51.400000000000006
2MPC,A89T,85,0.24,1,0,centroid,8.0,333,335,1,3,4,A,T,-27.5,2.5,116.1,-0.7,0.0,27.5
2MPC,R42A,38,-0.62,1,0,centroid,8.0,333,339,1,7,8,R,A,84.80000000000001,-6.3,88.6,1.8,0.0,84.80000000000001
2MPC,R42W,38,-2.08,1,0,centroid,8.0,333,338,3,8,11,R,W,-54.400000000000006,-3.6,227.8,-0.9,0.0,54.400000000000006
2N7Z,P88A,87,0.6,1,0,centroid,8.0,375,375,1,1,2,P,A,24.10000000000001,-3.4000000000000004,88.6,1.8,0.0,24.10000000000001
2OUO,A420D,71,-0.44,0,0,centroid,8.0,417,408,12,3,15,A,D,-22.5,5.3,111.1,-3.5,-1.0,22.5
2PTL,A22G,21,2.43,1,1,centroid,8.0,267,269,0,2,2,A,G,28.499999999999993,2.2,60.1,-0.4,0.0,28.499999999999993
2PTL,A27P,26,-0.1,1,0,centroid,8.0,267,267,2,2,4,A,P,-24.10000000000001,3.4000000000000004,112.7,-1.6,0.0,24.10000000000001
2PTL,A27V,26,0.83,1,0,centroid,8.0,267,264,3,0,3,A,V,-51.400000000000006,-2.4000000000000004,140.0,4.2,0.0,51.400000000000006
2PTL,A34G,33,2.17,1,1,centroid,8.0,267,264,3,0,3,A,G,28.499999999999993,2.2,60.1,-0.4,0.0,28.499999999999993
2PTL,A34V,33,-1.47,1,0,centroid,8.0,267,266,2,1,3,A,V,-51.400000000000006,-2.4000000000000004,140.0,4.2,0.0,51.400000000000006
2PTL,A43G,42,2.54,1,1,centroid,8.0,267,264,4,1,5,A,G,28.499999999999993,2.2,60.1,-0.4,0.0,28.499999999999993
2PTL,A47G,46,3.1,1,1,centroid,8.0,267,266,2,1,3,A,G,28.499999999999993,2.2,60.1,-0.4,0.0,28.499999999999993
2PTL,A49G,48,1.32,1,1,centroid,8.0,267,267,0,0,0,A,G,28.499999999999993,2.2,60.1,-0.4,0.0,28.499999999999993
2PTL,A51G,50,3.12,1,1,centroid,8.0,267,265,2,0,2,A,G,28.499999999999993,2.2,60.1,-0.4,0.0,28.499999999999993
2PTL,A66G,65,0.49,1,1,centroid,8.0,267,265,2,0,2,A,G,28.499999999999993,2.2,60.1,-0.4,0.0,28.499999999999993
2PTL,D52A,51,1.21,1,0,centroid,8.0,267,267,4,4,8,D,A,22.5,-5.3,88.6,1.8,0.0,22.5
2PTL,D52G,51,2.14,1,1,centroid,8.0,267,271,3,7,10,D,G,50.99999999999999,-3.1,60.1,-0.4,0.0,50.99999999999999
2PTL,D64A,63,0.2,1,0,centroid,8.0,267,269,1,3,4,D,A,22.5,-5.3,88.6,1.8,0.0,22.5
2PTL,E35A,34,0.59,1,0,centroid,8.0,267,269,1,3,4,E,A,49.80000000000001,-5.3,88.6,1.8,0.0,49.80000000000001
2PTL,E46G,45,1.19,1,1,centroid,8.0,267,265,4,2,6,E,G,78.30000000000001,-3.1,60.1,-0.4,0.0,78.30000000000001
2PTL,E46I,45,1.08,1,0,centroid,8.0,267,265,2,0,2,E,I,-28.299999999999983,-8.0,166.7,4.5,0.0,28.299999999999983
2PTL,E60A,59,0.23,1,0,centroid,8.0,267,271,1,5,6,E,A,49.80000000000001,-5.3,88.6,1.8,0.0,49.80000000000001
2PTL,F26A,25,3.12,1,0,centroid,8.0,267,266,4,3,7,F,A,101.30000000000001,0.9999999999999998,88.6,1.8,0.0,101.30000000000001
2PTL,F26L,25,0.68,1,0,centroid,8.0,267,268,1,2,3,F,L,23.200000000000017,-1.0,166.7,3.8,0.0,23.200000000000017
2PTL,F36A,35,4.15,1,0,centroid,8.0,267,269,0,2,2,F,A,101.30000000000001,0.9999999999999998,88.6,1.8,0.0,101.30000000000001
2PTL,F36L,35,3.12,1,0,centroid,8.0,267,268,0,1,1,F,L,23.200000000000017,-1.0,166.7,3.8,0.0,23.200000000000017
2PTL,F40G,39,3.08,1,1,centroid,8.0,267,262,9,4,13,F,G,129.8,3.1999999999999997,60.1,-0.4,0.0,129.8
2PTL,F40L,39,0.38,1,0,centroid,8.0,267,263,5,1,6,F,L,23.200000000000017,-1.0,166.7,3.8,0.0,23.200000000000017
2PTL,F76L,75,3.34,1,0,centroid,8.0,267,268,1,2,3,F,L,23.200000000000017,-1.0,166.7,3.8,0.0,23.200000000000017
2PTL,F76V,75,3.73,1,0,centroid,8.0,267,268,2,3,5,F,V,49.900000000000006,-1.4000000000000004,140.0,4.2,0.0,49.900000000000006
2PTL,G29A,28,1.52,1,1,centroid,8.0,267,266,1,0,1,G,A,-28.499999999999993,-2.2,88.6,1.8,0.0,28.499999999999993
2PTL,G29V,28,2.53,1,1,centroid,8.0,267,265,2,0,2,G,V,-79.9,-4.6000000000000005,140.0,4.2,0.0,79.9
2PTL,G38A,37,2.08,1,1,centroid,8.0,267,266,3,2,5,G,A,-28.499999999999993,-2.2,88.6,1.8,0.0,28.499999999999993
2PTL,G59A,58,2.23,1,1,centroid,8.0,267,265,2,0,2,G,A,-28.499999999999993,-2.2,88.6,1.8,0.0,28.499999999999993
2PTL,G69A,68,2.04,1,1,centroid,8.0,267,262,5,0,5,G,A,-28.499999999999993,-2.2,88.6,1.8,0.0,28.499999999999993
2PTL,I20A,19,4.9,1,0,centroid,8.0,267,267,2,2,4,I,A,78.1,2.7,88.6,1.8,0.0,78.1
2PTL,I20V,19,0.56,1,0,centroid,8.0,267,267,2,2,4,I,V,26.69999999999999,0.2999999999999998,140.0,4.2,0.0,26.69999999999999
2PTL,I25A,24,1.37,1,0,centroid,8.0,267,267,3,3,6,I,A,78.1,2.7,88.6,1.8,0.0,78.1
2PTL,I25V,24,0.47,1,0,centroid,8.0,267,265,3,1,4,I,V,26.69999999999999,0.2999999999999998,140.0,4.2,0.0,26.69999999999999
2PTL,I74A,73,4.72,1,0,centroid,8.0,267,268,2,3,5,I,A,78.1,2.7,88.6,1.8,0.0,78.1
2PTL,I74V,73,1.69,1,0,centroid,8.0,267,267,1,1,2,I,V,26.69999999999999,0.2999999999999998,140.0,4.2,0.0,26.69999999999999
2PTL,K21A,20,0.92,1,0,centroid,8.0,267,269,2,4,6,K,A,80.0,-5.7,88.6,1.8,0.0,80.0
2PTL,K37A,36,0.88,1,0,centroid,8.0,267,268,4,5,9,K,A,80.0,-5.7,88.6,1.8,0.0,80.0
2PTL,K42G,41,-0.16,1,1,centroid,8.0,267,269,1,3,4,K,G,108.5,-3.5,60.1,-0.4,0.0,108.5
2PTL,K55A,54,-0.58,1,0,centroid,8.0,267,271,2,6,8,K,A,80.0,-5.7,88.6,1.8,0.0,80.0
2PTL,K56A,55,-0.35,1,0,centroid,8.0,267,271,1,5,6,K,A,80.0,-5.7,88.6,1.8,0.0,80.0
2PTL,K68A,67,0.09,1,0,centroid,8.0,267,266,1,0,1,K,A,80.0,-5.7,88.6,1.8,0.0,80.0
2PTL,K75A,74,0.45,1,0,centroid,8.0,267,268,1,2,3,K,A,80.0,-5.7,88.6,1.8,0.0,80.0
2PTL,L24A,23,3.12,1,0,centroid,8.0,267,267,1,1,2,L,A,78.1,1.9999999999999998,88.6,1.8,0.0,78.1
2PTL,L54A,53,2.44,1,0,centroid,8.0,267,268,2,3,5,L,A,78.1,1.9999999999999998,88.6,1.8,0.0,78.1
2PTL,L72A,71,3.77,1,0,centroid,8.0,267,268,1,2,3,L,A,78.1,1.9999999999999998,88.6,1.8,0.0,78.1
2PTL,N23A,22,1.87,1,0,centroid,8.0,267,267,1,1,2,N,A,25.5,-5.3,88.6,1.8,0.0,25.5
2PTL,N28A,27,1.78,1,0,centroid,8.0,267,267,1,1,2,N,A,25.5,-5.3,88.6,1.8,0.0,25.5
2PTL,N58A,57,0.34,1,0,centroid,8.0,267,267,2,2,4,N,A,25.5,-5.3,88.6,1.8,0.0,25.5
2PTL,N73A,72,1.73,1,0,centroid,8.0,267,269,1,3,4,N,A,25.5,-5.3,88.6,1.8,0.0,25.5
2PTL,S30A,29,0.3,1,0,centroid,8.0,267,267,0,0,0,S,A,0.4000000000000057,-2.6,88.6,1.8,0.0,0.4000000000000057
2PTL,S45A,44,-0.41,1,0,centroid,8.0,267,266,1,0,1,S,A,0.4000000000000057,-2.6,88.6,1.8,0.0,0.4000000000000057
2PTL,S45G,44,0.82,1,1,centroid,8.0,267,265,4,2,6,S,G,28.9,-0.4,60.1,-0.4,0.0,28.9
2PTL,T19A,18,1.63,1,0,centroid,8.0,267,267,1,1,2,T,A,27.5,-2.5,88.6,1.8,0.0,27.5
2PTL,T31A,30,1.17,1,0,centroid,8.0,267,268,0,1,1,T,A,27.5,-2.5,88.6,1.8,0.0,27.5
2PTL,T33A,32,1.11,1,0,centroid,8.0,267,271,1,5,6,T,A,27.5,-2.5,88.6,1.8,0.0,27.5
2PTL,T39A,38,1.25,1,0,centroid,8.0,267,267,0,0,0,T,A,27.5,-2.5,88.6,1.8,0.0,27.5
2PTL,T44A,43,1.09,1,0,centroid,8.0,267,270,3,6,9,T,A,27.5,-2.5,88.6,1.8,0.0,27.5
2PTL,T53G,52,0.17,1,1,centroid,8.0,267,267,1,1,2,T,G,55.99999999999999,-0.29999999999999993,60.1,-0.4,0.0,55.99999999999999
2PTL,T62A,61,0.97,1,0,centroid,8.0,267,268,0,1,1,T,A,27.5,-2.5,88.6,1.8,0.0,27.5
2PTL,T71A,70,1.83,1,0,centroid,8.0,267,266,4,3,7,T,A,27.5,-2.5,88.6,1.8,0.0,27.5
2PTL,V18A,17,1.22,1,0,centroid,8.0,267,269,0,2,2,V,A,51.400000000000006,2.4000000000000004,88.6,1.8,0.0,51.400000000000006
2PTL,V63A,62,0.92,1,0,centroid,8.0,267,267,2,2,4,V,A,51.400000000000006,2.4000000000000004,88.6,1.8,0.0,51.400000000000006
2PTL,V65A,64,1.14,1,0,centroid,8.0,267,268,0,1,1,V,A,51.400000000000006,2.4000000000000004,88.6,1.8,0.0,51.400000000000006
2PTL,Y48A,47,2.82,1,0,centroid,8.0,267,270,1,4,5,Y,A,105.0,-3.1,88.6,1.8,0.0,105.0
2PTL,Y50A,49,2.46,1,0,centroid,8.0,267,267,1,1,2,Y,A,105.0,-3.1,88.6,1.8,0.0,105.0
2PTL,Y70A,69,1.66,1,0,centroid,8.0,267,264,6,3,9,Y,A,105.0,-3.1,88.6,1.8,0.0,105.0
2PTL,Y70L,69,-0.43,1,0,centroid,8.0,267,268,1,2,3,Y,L,26.900000000000006,-5.1,166.7,3.8,0.0,26.900000000000006
2RPN,E7L,6,-1.05,1,0,centroid,8.0,243,243,0,0,0,E,L,-28.299999999999983,-7.3,166.7,3.8,0.0,28.299999999999983
2RPN,V21K,20,-0.39,1,0,centroid,8.0,243,237,9,3,12,V,K,-28.599999999999994,8.1,168.6,-3.9,1.0,28.599999999999994
2WQG,D15A,14,-0.3,1,0,centroid,8.0,167,169,0,2,2,D,A,22.5,-5.3,88.6,1.8,0.0,22.5
2WQG,D38A,37,-0.1,1,0,centroid,8.0,167,170,2,5,7,D,A,22.5,-5.3,88.6,1.8,0.0,22.5
2WQG,D39A,38,2.2,1,0,centroid,8.0,167,166,2,1,3,D,A,22.5,-5.3,88.6,1.8,0.0,22.5
2WQG,D39N,38,2.6,1,0,centroid,8.0,167,166,2,1,3,D,N,-3.0,0.0,114.1,-3.5,0.0,3.0
2WQG,E40Q,39,0.1,1,0,centroid,8.0,167,167,0,0,0,E,Q,-5.400000000000006,0.0,143.8,-3.5,0.0,5.400000000000006
2WQG,E41G,40,0.4,1,1,centroid,8.0,167,170,0,3,3,E,G,78.30000000000001,-3.1,60.1,-0.4,0.0,78.30000000000001
2WQG,I36A,35,0.9,1,0,centroid,8.0,167,167,1,1,2,I,A,78.1,2.7,88.6,1.8,0.0,78.1
2WQG,I36V,35,0.3,1,0,centroid,8.0,167,166,1,0,1,I,V,26.69999999999999,0.2999999999999998,140.0,4.2,0.0,26.69999999999999
2WQG,K14A,13,0.4,1,0,centroid,8.0,167,170,0,3,3,K,A,80.0,-5.7,88.6,1.8,0.0,80.0
2WQG,K14G,13,1.9,1,1,centroid,8.0,167,171,0,4,4,K,G,108.5,-3.5,60.1,-0.4,0.0,108.5
2WQG,K19A,18,0.3,1,0,centroid,8.0,167,169,0,2,2,K,A,80.0,-5.7,88.6,1.8,0.0,80.0
2WQG,K28A,27,0.6,1,0,centroid,8.0,167,164,3,0,3,K,A,80.0,-5.7,88.6,1.8,0.0,80.0
2WQG,L13A,12,0.5,1,0,centroid,8.0,167,169,1,3,4,L,A,78.1,1.9999999999999998,88.6,1.8,0.0,78.1
2WQG,L16A,15,1.3,1,0,centroid,8.0,167,166,2,1,3,L,A,78.1,1.9999999999999998,88.6,1.8,0.0,78.1
2WQG,L8A,7,2.0,1,0,centroid,8.0,167,168,1,2,3,L,A,78.1,1.9999999999999998,88.6,1.8,0.0,78.1
2WQG,Q12A,11,0.6,1,0,centroid,8.0,167,167,1,1,2,Q,A,55.20000000000002,-5.3,88.6,1.8,0.0,55.20000000000002
2WQG,Q12G,11,2.0,1,1,centroid,8.0,167,168,1,2,3,Q,G,83.70000000000002,-3.1,60.1,-0.4,0.0,83.70000000000002
2WQG,Q33A,32,-0.1,1,0,centroid,8.0,167,170,1,4,5,Q,A,55.20000000000002,-5.3,88.6,1.8,0.0,55.20000000000002
2WQG,R34A,33,0.8,1,0,centroid,8.0,167,165,6,4,10,R,A,84.80000000000001,-6.3,88.6,1.8,0.0,84.80000000000001
2WQG,S23A,22,0.6,1,0,centroid,8.0,167,168,0,1,1,S,A,0.4000000000000057,-2.6,88.6,1.8,0.0,0.4000000000000057
2WQG,S6A,5,-0.1,1,0,centroid,8.0,167,170,0,3,3,S,A,0.4000000000000057,-2.6,88.6,1.8,0.0,0.4000000000000057
2WQG,S6G,5,0.2,1,1,centroid,8.0,167,170,0,3,3,S,G,28.9,-0.4,60.1,-0.4,0.0,28.9
2WQG,T9S,8,-0.1,1,0,centroid,8.0,167,166,1,0,1,T,S,27.099999999999994,0.10000000000000009,89.0,-0.8,0.0,27.099999999999994
2WQG,V10A,9,0.1,1,0,centroid,8.0,167,168,0,1,1,V,A,51.400000000000006,2.4000000000000004,88.6,1.8,0.0,51.400000000000006
2WQG,V10G,9,0.7,1,1,centroid,8.0,167,165,4,2,6,V,G,79.9,4.6000000000000005,60.1,-0.4,0.0,79.9
2WQG,V11A,10,-0.4,1,0,centroid,8.0,167,167,0,0,0,V,A,51.400000000000006,2.4000000000000004,88.6,1.8,0.0,51.400000000000006
2WQG,V11G,10,-0.1,1,1,centroid,8.0,167,170,0,3,3,V,G,79.9,4.6000000000000005,60.1,-0.4,0.0,79.9
2WQG,V24A,23,0.5,1,0,centroid,8.0,167,168,0,1,1,V,A,51.400000000000006,2.4000000000000004,88.6,1.8,0.0,51.400000000000006
2WQG,Y5F,4,2.4,1,0,centroid,8.0,167,168,1,2,3,Y,F,3.6999999999999886,-4.1,189.9,2.8,0.0,3.6999999999999886
2ZTA,E11Q,10,0.74,0,0,centroid,8.0,69,68,1,0,1,E,Q,-5.400000000000006,0.0,143.8,-3.5,0.0,5.400000000000006
2ZTA,E20Q,19,-0.2,0,0,centroid,8.0,69,68,2,1,3,E,Q,-5.400000000000006,0.0,143.8,-3.5,0.0,5.400000000000006
2ZTA,E22Q,21,1.83,0,0,centroid,8.0,69,70,4,5,9,E,Q,-5.400000000000006,0.0,143.8,-3.5,0.0,5.400000000000006
2ZTA,K15A,14,0.41,0,0,centroid,8.0,69,72,0,3,3,K,A,80.0,-5.7,88.6,1.8,0.0,80.0
2ZTA,K27A,26,0.91,0,0,centroid,8.0,69,72,0,3,3,K,A,80.0,-5.7,88.6,1.8,0.0,80.0
2ZTA,K28A,27,0.06,0,0,centroid,8.0,69,72,0,3,3,K,A,80.0,-5.7,88.6,1.8,0.0,80.0
2ZTA,K8A,7,0.39,0,0,centroid,8.0,69,70,0,1,1,K,A,80.0,-5.7,88.6,1.8,0.0,80.0
2ZTA,R25A,24,1.66,0,0,centroid,8.0,69,72,1,4,5,R,A,84.80000000000001,-6.3,88.6,1.8,0.0,84.80000000000001
3BN0,I20V,18,1.506,0,0,centroid,8.0,327,325,3,1,4,I,V,26.69999999999999,0.2999999999999998,140.0,4.2,0.0,26.69999999999999
3C2I,F155S,64,-0.43,0,0,centroid,8.0,226,228,2,4,6,F,S,100.9,3.5999999999999996,89.0,-0.8,0.0,100.9
3C2I,T158A,67,-0.47,0,0,centroid,8.0,226,226,0,0,0,T,A,27.5,-2.5,88.6,1.8,0.0,27.5
3C2I,T158M,67,-0.25,0,0,centroid,8.0,226,226,1,1,2,T,M,-46.80000000000001,-2.5999999999999996,162.9,1.9,0.0,46.80000000000001
3FIS,P61A,35,0.5,0,0,centroid,8.0,230,229,1,0,1,P,A,24.10000000000001,-3.4000000000000004,88.6,1.8,0.0,24.10000000000001
3G1G,D155Y,4,-0.34,0,0,centroid,8.0,293,292,3,2,5,D,Y,-82.5,-2.2,193.6,-1.3,0.0,82.5
3G1G,F167Y,16,0.74,0,0,centroid,8.0,293,291,3,1,4,F,Y,-3.6999999999999886,4.1,193.6,-1.3,0.0,3.6999999999999886
3G1G,I190V,39,0.17,0,0,centroid,8.0,293,290,3,0,3,I,V,26.69999999999999,0.2999999999999998,140.0,4.2,0.0,26.69999999999999
3G1G,R185W,34,-1.32,0,0,centroid,8.0,293,291,3,1,4,R,W,-54.400000000000006,-3.6,227.8,-0.9,0.0,54.400000000000006
3K82,E334L,28,3.35,0,0,centroid,8.0,392,396,0,4,4,E,L,-28.299999999999983,-7.3,166.7,3.8,0.0,28.299999999999983
3K82,E334Q,28,1.68,0,0,centroid,8.0,392,392,0,0,0,E,Q,-5.400000000000006,0.0,143.8,-3.5,0.0,5.400000000000006
3K82,E401R,95,-5.49,0,0,centroid,8.0,392,392,2,2,4,E,R,-35.0,1.0,173.4,-4.5,1.0,35.0
3MON,R39G,38,-1.194,0,1,centroid,8.0,137,139,1,3,4,R,G,113.30000000000001,-4.1,60.1,-0.4,0.0,113.30000000000001
3MON,W3C,2,2.866,0,0,centroid,8.0,137,139,0,2,2,W,C,119.30000000000001,-3.4,108.5,2.5,0.0,119.30000000000001
3O39,L32P,3,3.25,0,0,centroid,8.0,296,276,25,5,30,L,P,53.999999999999986,5.4,112.7,-1.6,0.0,53.999999999999986
3S92,H395R,88,-2.03,0,0,centroid,8.0,413,413,4,4,8,H,R,-20.200000000000017,1.2999999999999998,173.4,-4.5,1.0,20.200000000000017
4N6V,H75W,67,-0.574,0,0,centroid,8.0,338,338,1,1,2,H,W,-74.60000000000002,-2.3000000000000003,227.8,-0.9,0.0,74.60000000000002
4N6V,P36G,28,1.362,0,1,centroid,8.0,338,338,2,2,4,P,G,52.6,-1.2000000000000002,60.1,-0.4,0.0,52.6
4N6V,P79S,71,-1.745,0,0,centroid,8.0,338,339,2,3,5,P,S,23.700000000000003,-0.8,89.0,-0.8,0.0,23.700000000000003
4YEE,V134T,59,0.71,0,0,centroid,8.0,299,298,4,3,7,V,T,23.900000000000006,4.9,116.1,-0.7,0.0,23.900000000000006
4YEF,T134V,57,0.93,0,0,centroid,8.0,283,283,2,2,4,T,V,-23.900000000000006,-4.9,140.0,4.2,0.0,23.900000000000006
5JXB,D329G,24,1.44,0,1,centroid,8.0,479,472,9,2,11,D,G,50.99999999999999,-3.1,60.1,-0.4,0.0,50.99999999999999
5JXB,D329P,24,1.44,0,0,centroid,8.0,479,473,9,3,12,D,P,-1.6000000000000085,-1.9,112.7,-1.6,0.0,1.6000000000000085
1A0F,S11A,10,1.8,0,0,centroid,8.0,423,422,2,1,3,S,A,0.4000000000000057,-2.6,88.6,1.8,0.0,0.4000000000000057
1A7V,A104H,103,2.69,0,0,centroid,8.0,495,494,1,0,1,A,H,-64.6,5.0,153.2,-3.2,0.0,64.6
1A7V,A66H,65,1.98,0,0,centroid,8.0,495,498,1,4,5,A,H,-64.6,5.0,153.2,-3.2,0.0,64.6
1A7V,A91H,90,1.7,0,0,centroid,8.0,495,492,3,0,3,A,H,-64.6,5.0,153.2,-3.2,0.0,64.6
1A7V,D3H,2,1.36,0,0,centroid,8.0,495,495,0,0,0,D,H,-42.099999999999994,-0.2999999999999998,153.2,-3.2,0.0,42.099999999999994
1A7V,D58H,57,2.05,0,0,centroid,8.0,495,494,1,0,1,D,H,-42.099999999999994,-0.2999999999999998,153.2,-3.2,0.0,42.099999999999994
1A7V,E73H,72,3.01,0,0,centroid,8.0,495,495,1,1,2,E,H,-14.799999999999983,-0.2999999999999998,153.2,-3.2,0.0,14.799999999999983
1A7V,K13H,12,0.6,0,0,centroid,8.0,495,496,2,3,5,K,H,15.400000000000006,-0.6999999999999997,153.2,-3.2,0.0,15.400000000000006
1A7V,K20H,19,2.88,0,0,centroid,8.0,495,496,1,2,3,K,H,15.400000000000006,-0.6999999999999997,153.2,-3.2,0.0,15.400000000000006
1A7V,K31H,30,1.36,0,0,centroid,8.0,495,497,0,2,2,K,H,15.400000000000006,-0.6999999999999997,153.2,-3.2,0.0,15.400000000000006
1A7V,K39H,38,1.86,0,0,centroid,8.0,495,495,0,0,0,K,H,15.400000000000006,-0.6999999999999997,153.2,-3.2,0.0,15.400000000000006
1A7V,K49H,48,2.02,0,0,centroid,8.0,495,495,2,2,4,K,H,15.400000000000006,-0.6999999999999997,153.2,-3.2,0.0,15.400000000000006
1A7V,K84H,83,2.88,0,0,centroid,8.0,495,495,2,2,4,K,H,15.400000000000006,-0.6999999999999997,153.2,-3.2,0.0,15.400000000000006
1A7V,K97H,96,1.97,0,0,centroid,8.0,495,490,5,0,5,K,H,15.400000000000006,-0.6999999999999997,153.2,-3.2,0.0,15.400000000000006
1BNL,D76A,75,0.821,0,0,centroid,8.0,422,422,1,1,2,D,A,22.5,-5.3,88.6,1.8,0.0,22.5
1DIV,D23A,22,0.46,1,0,centroid,8.0,392,392,1,1,2,D,A,22.5,-5.3,88.6,1.8,0.0,22.5
1DIV,D23N,22,0.58,1,0,centroid,8.0,392,392,1,1,2,D,N,-3.0,0.0,114.1,-3.5,0.0,3.0
1DIV,D8N,7,0.3,1,0,centroid,8.0,392,393,1,2,3,D,N,-3.0,0.0,114.1,-3.5,0.0,3.0
1DIV,E100A,99,0.98,1,0,centroid,8.0,392,390,2,0,2,E,A,49.80000000000001,-5.3,88.6,1.8,0.0,49.80000000000001
1DIV,E100G,99,1.52,1,1,centroid,8.0,392,393,2,3,5,E,G,78.30000000000001,-3.1,60.1,-0.4,0.0,78.30000000000001
1DIV,E17Q,16,0.21,1,0,centroid,8.0,392,392,0,0,0,E,Q,-5.400000000000006,0.0,143.8,-3.5,0.0,5.400000000000006
1DIV,E38Q,37,0.56,1,0,centroid,8.0,392,391,1,0,1,E,Q,-5.400000000000006,0.0,143.8,-3.5,0.0,5.400000000000006
1DIV,E48Q,47,-0.03,1,0,centroid,8.0,392,389,4,1,5,E,Q,-5.400000000000006,0.0,143.8,-3.5,0.0,5.400000000000006
1DIV,E54Q,53,-0.33,1,0,centroid,8.0,392,387,7,2,9,E,Q,-5.400000000000006,0.0,143.8,-3.5,0.0,5.400000000000006
1DIV,H106Q,105,1.53,1,0,centroid,8.0,392,390,3,1,4,H,Q,9.399999999999977,0.2999999999999998,143.8,-3.5,0.0,9.399999999999977
1DIV,I115A,114,3.52,1,0,centroid,8.0,392,392,1,1,2,I,A,78.1,2.7,88.6,1.8,0.0,78.1
1DIV,I4A,3,2.22,1,0,centroid,8.0,392,390,5,3,8,I,A,78.1,2.7,88.6,1.8,0.0,78.1
1DIV,I4V,3,0.59,1,0,centroid,8.0,392,394,1,3,4,I,V,26.69999999999999,0.2999999999999998,140.0,4.2,0.0,26.69999999999999
1DIV,I79A,78,3.49,1,0,centroid,8.0,392,392,0,0,0,I,A,78.1,2.7,88.6,1.8,0.0,78.1
1DIV,I93A,92,3.19,1,0,centroid,8.0,392,393,0,1,1,I,A,78.1,2.7,88.6,1.8,0.0,78.1
1DIV,I98A,97,4.28,1,0,centroid,8.0,392,393,0,1,1,I,A,78.1,2.7,88.6,1.8,0.0,78.1
1DIV,K10M,9,-0.05,1,0,centroid,8.0,392,394,0,2,2,K,M,5.699999999999989,-5.8,162.9,1.9,0.0,5.699999999999989
1DIV,K14M,13,-0.01,1,0,centroid,8.0,392,391,3,2,5,K,M,5.699999999999989,-5.8,162.9,1.9,0.0,5.699999999999989
1DIV,K15M,14,0.31,1,0,centroid,8.0,392,393,0,1,1,K,M,5.699999999999989,-5.8,162.9,1.9,0.0,5.699999999999989
1DIV,K7M,6,-0.35,1,0,centroid,8.0,392,392,0,0,0,K,M,5.699999999999989,-5.8,162.9,1.9,0.0,5.699999999999989
1DIV,K96A,95,-0.61,1,0,centroid,8.0,392,393,0,1,1,K,A,80.0,-5.7,88.6,1.8,0.0,80.0
1DIV,K96G,95,0.2,1,1,centroid,8.0,392,395,0,3,3,K,G,108.5,-3.5,60.1,-0.4,0.0,108.5
1DIV,L102A,101,2.37,1,0,centroid,8.0,392,394,1,3,4,L,A,78.1,1.9999999999999998,88.6,1.8,0.0,78.1
1DIV,L108A,107,2.33,1,0,centroid,8.0,392,394,3,5,8,L,A,78.1,1.9999999999999998,88.6,1.8,0.0,78.1
1DIV,L110A,109,3.21,1,0,centroid,8.0,392,392,1,1,2,L,A,78.1,1.9999999999999998,88.6,1.8,0.0,78.1
1DIV,L117A,116,0.82,1,0,centroid,8.0,392,392,0,0,0,L,A,78.1,1.9999999999999998,88.6,1.8,0.0,78.1
1DIV,L30A,29,2.76,1,0,centroid,8.0,392,393,0,1,1,L,A,78.1,1.9999999999999998,88.6,1.8,0.0,78.1
1DIV,L30V,29,3.62,1,0,centroid,8.0,392,394,0,2,2,L,V,26.69999999999999,-0.40000000000000036,140.0,4.2,0.0,26.69999999999999
1DIV,L6A,5,3.1,1,0,centroid,8.0,392,396,1,5,6,L,A,78.1,1.9999999999999998,88.6,1.8,0.0,78.1
1DIV,L6I,5,0.13,1,0,centroid,8.0,392,395,0,3,3,L,I,0.0,-0.7000000000000002,166.7,4.5,0.0,0.0
1DIV,L6V,5,0.41,1,0,centroid,8.0,392,393,2,3,5,L,V,26.69999999999999,-0.40000000000000036,140.0,4.2,0.0,26.69999999999999
1DIV,L72A,71,3.77,1,0,centroid,8.0,392,392,0,0,0,L,A,78.1,1.9999999999999998,88.6,1.8,0.0,78.1
1DIV,M1A,0,1.46,1,0,centroid,8.0,392,389,5,2,7,M,A,74.30000000000001,0.09999999999999987,88.6,1.8,0.0,74.30000000000001
1DIV,M1G,0,2.36,1,1,centroid,8.0,392,387,7,2,9,M,G,102.80000000000001,2.3,60.1,-0.4,0.0,102.80000000000001
1DIV,V21A,20,2.33,1,0,centroid,8.0,392,393,1,2,3,V,A,51.400000000000006,2.4000000000000004,88.6,1.8,0.0,51.400000000000006
1DIV,V21I,20,0.4,1,0,centroid,8.0,392,392,1,1,2,V,I,-26.69999999999999,-0.2999999999999998,166.7,4.5,0.0,26.69999999999999
1DIV,V21L,20,1.23,1,0,centroid,8.0,392,391,2,1,3,V,L,-26.69999999999999,0.40000000000000036,166.7,3.8,0.0,26.69999999999999
1DIV,V3A,2,2.55,1,0,centroid,8.0,392,393,0,1,1,V,A,51.400000000000006,2.4000000000000004,88.6,1.8,0.0,51.400000000000006
1DIV,V3I,2,0.31,1,0,centroid,8.0,392,391,2,1,3,V,I,-26.69999999999999,-0.2999999999999998,166.7,4.5,0.0,26.69999999999999
1DIV,V3L,2,2.21,1,0,centroid,8.0,392,391,3,2,5,V,L,-26.69999999999999,0.40000000000000036,166.7,3.8,0.0,26.69999999999999
1DXX,K18N,9,3.7,0,0,centroid,8.0,459,456,4,1,5,K,N,54.5,-0.3999999999999999,114.1,-3.5,0.0,54.5
1FH5,S18N,14,-0.6,0,0,centroid,8.0,456,456,0,0,0,S,N,-25.099999999999994,2.7,114.1,-3.5,0.0,25.099999999999994
1FT8,L212V,91,1.38,0,0,centroid,8.0,415,414,1,0,1,L,V,26.69999999999999,-0.40000000000000036,140.0,4.2,0.0,26.69999999999999
1FT8,L238I,117,0.35,0,0,centroid,8.0,415,415,5,5,10,L,I,0.0,-0.7000000000000002,166.7,4.5,0.0,0.0
1FT8,M216L,95,-0.27,0,0,centroid,8.0,415,416,0,1,1,M,L,-3.799999999999983,-1.9,166.7,3.8,0.0,3.799999999999983
1G3P,N138G,112,-0.765,0,1,centroid,8.0,407,404,7,4,11,N,G,53.99999999999999,-3.1,60.1,-0.4,0.0,53.99999999999999
1GWY,A8D,7,1.6,0,0,centroid,8.0,504,501,3,0,3,A,D,-22.5,5.3,111.1,-3.5,-1.0,22.5
1ITM,C24T,24,3.3,1,0,centroid,8.0,461,463,2,4,6,C,T,-7.599999999999994,3.2,116.1,-0.7,0.0,7.599999999999994
1ITM,C3T,3,5.0,1,0,centroid,8.0,461,459,2,0,2,C,T,-7.599999999999994,3.2,116.1,-0.7,0.0,7.599999999999994
1ITM,W91S,91,-1.4,1,0,centroid,8.0,461,462,3,4,7,W,S,138.8,-0.09999999999999998,89.0,-0.8,0.0,138.8
1JLV,E64D,63,1.162,0,0,centroid,8.0,427,429,0,2,2,E,D,27.30000000000001,0.0,111.1,-3.5,-1.0,27.30000000000001
1JLV,E64N,63,2.3040000000000003,0,0,centroid,8.0,427,428,2,3,5,E,N,24.30000000000001,0.0,114.1,-3.5,0.0,24.30000000000001
1JLV,E64Q,63,2.302,0,0,centroid,8.0,427,428,1,2,3,E,Q,-5.400000000000006,0.0,143.8,-3.5,0.0,5.400000000000006
1LVM,E106G,113,-1.4,0,1,centroid,8.0,381,381,1,1,2,E,G,78.30000000000001,-3.1,60.1,-0.4,0.0,78.30000000000001
1LVM,K45F,52,-0.43,0,0,centroid,8.0,381,380,3,2,5,K,F,-21.30000000000001,-6.699999999999999,189.9,2.8,0.0,21.30000000000001
1LVM,L56V,63,-0.0,0,0,centroid,8.0,381,381,1,1,2,L,V,26.69999999999999,-0.40000000000000036,140.0,4.2,0.0,26.69999999999999
1LVM,Q58F,65,-0.6,0,0,centroid,8.0,381,382,1,2,3,Q,F,-46.099999999999994,-6.3,189.9,2.8,0.0,46.099999999999994
1N18,E100G,99,2.5,0,1,centroid,8.0,484,489,2,7,9,E,G,78.30000000000001,-3.1,60.1,-0.4,0.0,78.30000000000001
1N18,G85R,84,1.4,0,1,centroid,8.0,484,476,11,3,14,G,R,-113.30000000000001,4.1,173.4,-4.5,1.0,113.30000000000001
1N18,H46R,45,-1.4,0,0,centroid,8.0,484,481,3,0,3,H,R,-20.200000000000017,1.2999999999999998,173.4,-4.5,1.0,20.200000000000017
1O1U,E110A,109,3.3,1,0,centroid,8.0,462,460,4,2,6,E,A,49.80000000000001,-5.3,88.6,1.8,0.0,49.80000000000001
1O1U,N61A,60,1.2,1,0,centroid,8.0,462,461,2,1,3,N,A,25.5,-5.3,88.6,1.8,0.0,25.5
1O1U,Q51A,50,0.3,1,0,centroid,8.0,462,463,2,3,5,Q,A,55.20000000000002,-5.3,88.6,1.8,0.0,55.20000000000002
1O1U,Q99A,98,-0.3,1,0,centroid,8.0,462,462,2,2,4,Q,A,55.20000000000002,-5.3,88.6,1.8,0.0,55.20000000000002
1O1U,T38A,37,1.2,1,0,centroid,8.0,462,463,0,1,1,T,A,27.5,-2.5,88.6,1.8,0.0,27.5
1O1U,W49Y,48,1.2,1,0,centroid,8.0,462,462,2,2,4,W,Y,34.20000000000002,0.4,193.6,-1.3,0.0,34.20000000000002
1OSI,I11V,10,0.05,1,0,centroid,8.0,469,469,0,0,0,I,V,26.69999999999999,0.2999999999999998,140.0,4.2,0.0,26.69999999999999
1OSI,S92F,91,-0.39,1,0,centroid,8.0,469,468,3,2,5,S,F,-100.9,-3.5999999999999996,189.9,2.8,0.0,100.9
1OSI,V15I,14,0.78,1,0,centroid,8.0,469,469,0,0,0,V,I,-26.69999999999999,-0.2999999999999998,166.7,4.5,0.0,26.69999999999999
1PFL,A20T,19,1.53,1,0,centroid,8.0,523,522,1,0,1,A,T,-27.5,2.5,116.1,-0.7,0.0,27.5
1PFL,G117V,116,1.96,1,1,centroid,8.0,523,519,4,0,4,G,V,-79.9,-4.6000000000000005,140.0,4.2,0.0,79.9
1PFL,M113T,112,3.53,1,0,centroid,8.0,523,525,8,10,18,M,T,46.80000000000001,2.5999999999999996,116.1,-0.7,0.0,46.80000000000001
1PFL,T108M,107,-0.07,1,0,centroid,8.0,523,518,6,1,7,T,M,-46.80000000000001,-2.5999999999999996,162.9,1.9,0.0,46.80000000000001
1PRG,Q286P,79,0.3,0,0,centroid,8.0,363,364,1,2,3,Q,P,31.10000000000001,-1.9,112.7,-1.6,0.0,31.10000000000001
1PRG,R288H,81,-0.06,0,0,centroid,8.0,363,366,1,4,5,R,H,20.200000000000017,-1.2999999999999998,153.2,-3.2,0.0,20.200000000000017
1PRG,V290M,83,-0.03,0,0,centroid,8.0,363,363,3,3,6,V,M,-22.900000000000006,2.3000000000000003,162.9,1.9,0.0,22.900000000000006
1SPD,C111S,110,-0.8,0,0,centroid,8.0,463,463,1,1,2,C,S,19.5,3.3,89.0,-0.8,0.0,19.5
1SPD,C6A,5,-0.1,0,0,centroid,8.0,463,462,1,0,1,C,A,19.900000000000006,0.7,88.6,1.8,0.0,19.900000000000006
1XWS,E124Q,91,2.9,0,0,centroid,8.0,408,409,0,1,1,E,Q,-5.400000000000006,0.0,143.8,-3.5,0.0,5.400000000000006
1XWS,E135K,102,4.59,0,0,centroid,8.0,408,408,0,0,0,E,K,-30.19999999999999,0.3999999999999999,168.6,-3.9,1.0,30.19999999999999
1XWS,E142D,109,3.22,0,0,centroid,8.0,408,408,0,0,0,E,D,27.30000000000001,0.0,111.1,-3.5,-1.0,27.30000000000001
1XWS,Y53H,20,3.3,0,0,centroid,8.0,408,415,0,7,7,Y,H,40.400000000000006,1.9000000000000001,153.2,-3.2,0.0,40.400000000000006
1XXN,N32D,31,0.86,0,0,centroid,8.0,402,401,2,1,3,N,D,3.0,0.0,111.1,-3.5,-1.0,3.0
1XXN,N54E,53,0.645,0,0,centroid,8.0,402,401,1,0,1,N,E,-24.30000000000001,0.0,138.4,-3.5,-1.0,24.30000000000001
1XXN,S22E,21,-0.239,0,0,centroid,8.0,402,401,1,0,1,S,E,-49.400000000000006,2.7,138.4,-3.5,-1.0,49.400000000000006
1XXN,S27E,26,0.645,0,0,centroid,8.0,402,401,3,2,5,S,E,-49.400000000000006,2.7,138.4,-3.5,-1.0,49.400000000000006
1XZO,F42W,39,-2.87,0,0,centroid,8.0,434,432,5,3,8,F,W,-37.900000000000006,3.6999999999999997,227.8,-0.9,0.0,37.900000000000006
1XZO,W101F,98,2.89,0,0,centroid,8.0,434,439,4,9,13,W,F,37.900000000000006,-3.6999999999999997,189.9,2.8,0.0,37.900000000000006
1XZO,W36A,33,8.93,0,0,centroid,8.0,434,433,8,7,15,W,A,139.20000000000002,-2.7,88.6,1.8,0.0,139.20000000000002
1XZO,W36F,33,4.25,0,0,centroid,8.0,434,433,4,3,7,W,F,37.900000000000006,-3.6999999999999997,189.9,2.8,0.0,37.900000000000006
2ARF,H1069Q,37,0.7170000000000001,1,0,centroid,8.0,363,365,1,3,4,H,Q,9.399999999999977,0.2999999999999998,143.8,-3.5,0.0,9.399999999999977
2H3F,E12A,10,-1.07,1,0,centroid,8.0,430,432,0,2,2,E,A,49.80000000000001,-5.3,88.6,1.8,0.0,49.80000000000001
2JIE,H104R,100,-1.536,0,0,centroid,8.0,432,432,1,1,2,H,R,-20.200000000000017,1.2999999999999998,173.4,-4.5,1.0,20.200000000000017
2JIE,Q22S,18,0.209,0,0,centroid,8.0,432,435,1,4,5,Q,S,54.80000000000001,-2.7,89.0,-0.8,0.0,54.80000000000001
2JIE,S17A,13,1.246,0,0,centroid,8.0,432,435,0,3,3,S,A,0.4000000000000057,-2.6,88.6,1.8,0.0,0.4000000000000057
2JIE,S19A,15,-0.951,0,0,centroid,8.0,432,434,0,2,2,S,A,0.4000000000000057,-2.6,88.6,1.8,0.0,0.4000000000000057
2JIE,T18A,14,0.994,0,0,centroid,8.0,432,432,1,1,2,T,A,27.5,-2.5,88.6,1.8,0.0,27.5
2JIE,W123F,119,-2.19,0,0,centroid,8.0,432,431,1,0,1,W,F,37.900000000000006,-3.6999999999999997,189.9,2.8,0.0,37.900000000000006
2JIE,W123H,119,-1.06,0,0,centroid,8.0,432,431,1,0,1,W,H,74.60000000000002,2.3000000000000003,153.2,-3.2,0.0,74.60000000000002
2JIE,Y21A,17,3.443,0,0,centroid,8.0,432,433,5,6,11,Y,A,105.0,-3.1,88.6,1.8,0.0,105.0
2KS4,D9A,8,-1.26,1,0,centroid,8.0,507,506,1,0,1,D,A,22.5,-5.3,88.6,1.8,0.0,22.5
2KS4,E2A,1,0.23,1,0,centroid,8.0,507,508,0,1,1,E,A,49.80000000000001,-5.3,88.6,1.8,0.0,49.80000000000001
2LTB,L558P,58,1.57,1,0,centroid,8.0,444,444,5,5,10,L,P,53.999999999999986,5.4,112.7,-1.6,0.0,53.999999999999986
2LTB,L569R,69,3.11,1,0,centroid,8.0,444,443,3,2,5,L,R,-6.700000000000017,8.3,173.4,-4.5,1.0,6.700000000000017
2LTB,M619K,119,3.34,1,0,centroid,8.0,444,444,0,0,0,M,K,-5.699999999999989,5.8,168.6,-3.9,1.0,5.699999999999989
2LTB,R533Q,33,1.1,1,0,centroid,8.0,444,446,1,3,4,R,Q,29.599999999999994,-1.0,143.8,-3.5,0.0,29.599999999999994
2LTB,R555Q,55,0.36,1,0,centroid,8.0,444,444,0,0,0,R,Q,29.599999999999994,-1.0,143.8,-3.5,0.0,29.599999999999994
2LTB,R555W,55,-1.79,1,0,centroid,8.0,444,442,3,1,4,R,W,-54.400000000000006,-3.6,227.8,-0.9,0.0,54.400000000000006
2M5S,D302A,80,4.0,1,0,centroid,8.0,473,475,0,2,2,D,A,22.5,-5.3,88.6,1.8,0.0,22.5
2M5S,H305A,83,2.0,1,0,centroid,8.0,473,475,1,3,4,H,A,64.6,-5.0,88.6,1.8,0.0,64.6
2NTE,R658C,90,2.3,0,0,centroid,8.0,435,441,3,9,12,R,C,64.9,-7.0,108.5,2.5,0.0,64.9
2PR5,A33Y,12,-0.5,0,0,centroid,8.0,450,451,1,2,3,A,Y,-105.0,3.1,193.6,-1.3,0.0,105.0
2PR5,A81M,60,0.4,0,0,centroid,8.0,450,451,1,2,3,A,M,-74.30000000000001,-0.09999999999999987,162.9,1.9,0.0,74.30000000000001
2PR5,D109E,88,-0.3,0,0,centroid,8.0,450,452,3,5,8,D,E,-27.30000000000001,0.0,138.4,-3.5,-1.0,27.30000000000001
2PR5,H22K,1,-0.3,0,0,centroid,8.0,450,451,1,2,3,H,K,-15.400000000000006,0.6999999999999997,168.6,-3.9,1.0,15.400000000000006
2PR5,H22W,1,-1.2,0,0,centroid,8.0,450,450,2,2,4,H,W,-74.60000000000002,-2.3000000000000003,227.8,-0.9,0.0,74.60000000000002
2PR5,M111F,90,-2.9,0,0,centroid,8.0,450,454,1,5,6,M,F,-27.0,-0.8999999999999999,189.9,2.8,0.0,27.0
2PR5,N107F,86,-0.9,0,0,centroid,8.0,450,451,1,2,3,N,F,-75.80000000000001,-6.3,189.9,2.8,0.0,75.80000000000001
2PR5,N107Y,86,-0.8,0,0,centroid,8.0,450,451,1,2,3,N,Y,-79.5,-2.2,193.6,-1.3,0.0,79.5
2PR5,N124F,103,-1.1,0,0,centroid,8.0,450,445,9,4,13,N,F,-75.80000000000001,-6.3,189.9,2.8,0.0,75.80000000000001
2PR5,N124Y,103,-2.6,0,0,centroid,8.0,450,445,11,6,17,N,Y,-79.5,-2.2,193.6,-1.3,0.0,79.5
2PR5,T30M,9,-0.5,0,0,centroid,8.0,450,452,3,5,8,T,M,-46.80000000000001,-2.5999999999999996,162.9,1.9,0.0,46.80000000000001
2PR5,T50M,29,0.5,0,0,centroid,8.0,450,452,2,4,6,T,M,-46.80000000000001,-2.5999999999999996,162.9,1.9,0.0,46.80000000000001
2PR5,T54Y,33,-0.2,0,0,centroid,8.0,450,450,2,2,4,T,Y,-77.5,0.6000000000000001,193.6,-1.3,0.0,77.5
2PR5,V120I,99,-1.4,0,0,centroid,8.0,450,453,0,3,3,V,I,-26.69999999999999,-0.2999999999999998,166.7,4.5,0.0,26.69999999999999
2PR5,V25I,4,-0.4,0,0,centroid,8.0,450,452,0,2,2,V,I,-26.69999999999999,-0.2999999999999998,166.7,4.5,0.0,26.69999999999999
2PR5,V88L,67,0.2,0,0,centroid,8.0,450,452,0,2,2,V,L,-26.69999999999999,0.40000000000000036,166.7,3.8,0.0,26.69999999999999
2PR5,V90I,69,0.7,0,0,centroid,8.0,450,454,0,4,4,V,I,-26.69999999999999,-0.2999999999999998,166.7,4.5,0.0,26.69999999999999
2VY0,E53A,19,6.597,0,0,centroid,8.0,383,386,1,4,5,E,A,49.80000000000001,-5.3,88.6,1.8,0.0,49.80000000000001
3BCI,E96Q,82,-1.369,0,0,centroid,8.0,448,448,0,0,0,E,Q,-5.400000000000006,0.0,143.8,-3.5,0.0,5.400000000000006
3D3B,D118A,117,0.65,0,0,centroid,8.0,476,473,4,1,5,D,A,22.5,-5.3,88.6,1.8,0.0,22.5
3D3B,D118E,117,0.6,0,0,centroid,8.0,476,472,5,1,6,D,E,-27.30000000000001,0.0,138.4,-3.5,-1.0,27.30000000000001
3D3B,D118K,117,1.6,0,0,centroid,8.0,476,472,5,1,6,D,K,-57.5,0.3999999999999999,168.6,-3.9,1.0,57.5
3D3B,D118N,117,1.34,0,0,centroid,8.0,476,473,4,1,5,D,N,-3.0,0.0,114.1,-3.5,0.0,3.0
3D3B,D118R,117,1.41,0,0,centroid,8.0,476,470,7,1,8,D,R,-62.30000000000001,1.0,173.4,-4.5,1.0,62.30000000000001
3ECU,H46R,45,-0.8,0,0,centroid,8.0,488,487,2,1,3,H,R,-20.200000000000017,1.2999999999999998,173.4,-4.5,1.0,20.200000000000017
3S4M,D122Y,33,1.3,0,0,centroid,8.0,470,471,1,2,3,D,Y,-82.5,-2.2,193.6,-1.3,0.0,82.5
3S4M,G130V,41,2.5,0,1,centroid,8.0,470,469,4,3,7,G,V,-79.9,-4.6000000000000005,140.0,4.2,0.0,79.9
3S4M,I154F,65,-0.096,0,0,centroid,8.0,470,470,3,3,6,I,F,-23.200000000000017,1.7000000000000002,189.9,2.8,0.0,23.200000000000017
3S4M,W155R,66,0.693,0,0,centroid,8.0,470,471,3,4,7,W,R,54.400000000000006,3.6,173.4,-4.5,1.0,54.400000000000006
4BJX,A89V,47,-0.99,0,0,centroid,8.0,443,444,1,2,3,A,V,-51.400000000000006,-2.4000000000000004,140.0,4.2,0.0,51.400000000000006
4BUQ,Y48A,47,1.435,0,0,centroid,8.0,442,447,0,5,5,Y,A,105.0,-3.1,88.6,1.8,0.0,105.0
4WAA,K65A,56,-0.1,0,0,centroid,8.0,382,385,1,4,5,K,A,80.0,-5.7,88.6,1.8,0.0,80.0
4WAA,K67A,58,2.07,0,0,centroid,8.0,382,383,2,3,5,K,A,80.0,-5.7,88.6,1.8,0.0,80.0
4WAA,R27A,18,0.44,0,0,centroid,8.0,382,382,1,1,2,R,A,84.80000000000001,-6.3,88.6,1.8,0.0,84.80000000000001
5VP3,R39K,38,-0.413,1,0,centroid,8.0,410,413,2,5,7,R,K,4.800000000000011,-0.6000000000000001,168.6,-3.9,1.0,4.800000000000011
1BA3,H461D,456,1.745,0,0,centroid,8.0,1753,1733,28,8,36,H,D,42.099999999999994,0.2999999999999998,111.1,-3.5,-1.0,42.099999999999994
1BA3,H489D,484,-0.287,0,0,centroid,8.0,1753,1736,26,9,35,H,D,42.099999999999994,0.2999999999999998,111.1,-3.5,-1.0,42.099999999999994
1BA3,H489K,484,0.287,0,0,centroid,8.0,1753,1738,24,9,33,H,K,-15.400000000000006,0.6999999999999997,168.6,-3.9,1.0,15.400000000000006
1BA3,H489M,484,0.263,0,0,centroid,8.0,1753,1739,24,10,34,H,M,-9.700000000000017,-5.1,162.9,1.9,0.0,9.700000000000017
1F8I,F345A,344,0.455,0,0,centroid,8.0,1261,1260,2,1,3,F,A,101.30000000000001,0.9999999999999998,88.6,1.8,0.0,101.30000000000001
1NM1,D187N,175,0.88,0,0,centroid,8.0,1031,1026,10,5,15,D,N,-3.0,0.0,114.1,-3.5,0.0,3.0
1NM1,D187Y,175,1.9,0,0,centroid,8.0,1031,1027,9,5,14,D,Y,-82.5,-2.2,193.6,-1.3,0.0,82.5
1PRE,C159S,157,2.4,0,0,centroid,8.0,1316,1316,1,1,2,C,S,19.5,3.3,89.0,-0.8,0.0,19.5
1R2Y,R244E,242,4.2,0,0,centroid,8.0,664,645,24,5,29,R,E,35.0,-1.0,138.4,-3.5,-1.0,35.0
3D2A,M134E,131,-3.02,0,0,centroid,8.0,211,209,2,0,2,M,E,24.5,5.4,138.4,-3.5,-1.0,24.5
3D2A,M137P,134,-3.34,0,0,centroid,8.0,211,211,1,1,2,M,P,50.2,3.5,112.7,-1.6,0.0,50.2
3D2A,S163P,160,-2.11,0,0,centroid,8.0,211,210,1,0,1,S,P,-23.700000000000003,0.8,112.7,-1.6,0.0,23.700000000000003
5OAQ,Y429H,198,2.99,0,0,centroid,8.0,191,191,0,0,0,Y,H,40.400000000000006,1.9000000000000001,153.2,-3.2,0.0,40.400000000000006
