benchmark,atom_def,model,seed,protein_id,mutation_id,y_true,y_pred
s669,centroid,egnn,42,1BFM,M35W,0.7,0.7162719368934631
s669,centroid,egnn,42,1BFM,M35Y,0.4,0.7162748575210571
s669,centroid,egnn,42,1D5G,H71Y,0.04,0.7050110697746277
s669,centroid,egnn,42,1D5G,I20F,-0.91,0.7188689112663269
s669,centroid,egnn,42,1EKG,L198C,1.0,0.7268356084823608
s669,centroid,egnn,42,1EKG,L200C,2.0,0.7338969111442566
s669,centroid,egnn,42,1EKG,L203C,-1.0,0.7289595007896423
s669,centroid,egnn,42,1EKG,S181F,2.6,0.7271414995193481
s669,centroid,egnn,42,1FRD,H42R,-4.0,0.7241448163986206
s669,centroid,egnn,42,1FXA,E94D,1.1,0.7210296988487244
s669,centroid,egnn,42,1FXA,E94K,0.4,0.7210230827331543
s669,centroid,egnn,42,1FXA,E94Q,-0.6,0.7210137248039246
s669,centroid,egnn,42,1FXA,E95K,-1.0,0.7055521607398987
s669,centroid,egnn,42,1FXA,F65A,1.0,0.717802882194519
s669,centroid,egnn,42,1FXA,F65I,0.9,0.7178000807762146
s669,centroid,egnn,42,1FXA,F65W,0.6,0.7178018093109131
s669,centroid,egnn,42,1FXA,F65Y,0.5,0.7177988886833191
s669,centroid,egnn,42,1FXA,R42A,2.4,0.7262499332427979
s669,centroid,egnn,42,1FXA,R42H,1.4,0.726256787776947
s669,centroid,egnn,42,1FXA,T48A,-0.1,0.7230042815208435
s669,centroid,egnn,42,1GLU,C500A,1.22,0.7390950322151184
s669,centroid,egnn,42,1GUA,A118G,1.963,0.7218616604804993
s669,centroid,egnn,42,1GUA,A118L,1.951,0.7218679785728455
s669,centroid,egnn,42,1GUA,A85G,2.149,0.7324792146682739
s669,centroid,egnn,42,1GUA,A97G,0.863,0.723121702671051
s669,centroid,egnn,42,1GUA,C81A,-0.283,0.7270738482475281
s669,centroid,egnn,42,1GUA,C81I,0.912,0.7270705699920654
s669,centroid,egnn,42,1GUA,C95A,0.08,0.7077483534812927
s669,centroid,egnn,42,1GUA,C96A,1.759,0.7199895977973938
s669,centroid,egnn,42,1GUA,C96L,0.043,0.7199761867523193
s669,centroid,egnn,42,1GUA,C96M,0.337,0.7199634909629822
s669,centroid,egnn,42,1GUA,D117A,0.706,0.7222242951393127
s669,centroid,egnn,42,1GUA,D129A,0.855,0.7222220301628113
s669,centroid,egnn,42,1GUA,D80A,0.493,0.7159063220024109
s669,centroid,egnn,42,1GUA,E104A,-0.021,0.7063301205635071
s669,centroid,egnn,42,1GUA,E124A,0.101,0.7332637906074524
s669,centroid,egnn,42,1GUA,E125A,0.591,0.7278682589530945
s669,centroid,egnn,42,1GUA,I58A,3.274,0.7252209782600403
s669,centroid,egnn,42,1GUA,I58F,1.2990000000000002,0.7252175211906433
s669,centroid,egnn,42,1GUA,I58L,0.7709999999999999,0.7252156138420105
s669,centroid,egnn,42,1GUA,K109A,0.327,0.7157556414604187
s669,centroid,egnn,42,1GUA,L112A,2.593,0.7397623062133789
s669,centroid,egnn,42,1GUA,L121A,2.5340000000000003,0.7308430075645447
s669,centroid,egnn,42,1GUA,L126A,3.405,0.7374773621559143
s669,centroid,egnn,42,1GUA,L62A,3.46,0.732658326625824
s669,centroid,egnn,42,1GUA,L78A,3.803,0.7362626194953918
s669,centroid,egnn,42,1GUA,L82A,3.529,0.7332695722579956
s669,centroid,egnn,42,1GUA,L82I,1.6,0.7332612872123718
s669,centroid,egnn,42,1GUA,L82V,1.7,0.7332442998886108
s669,centroid,egnn,42,1GUA,L86A,3.2260000000000004,0.720889151096344
s669,centroid,egnn,42,1GUA,L91A,1.575,0.7162235379219055
s669,centroid,egnn,42,1GUA,M76A,0.961,0.7134783267974854
s669,centroid,egnn,42,1GUA,N56M,-0.271,0.7018651366233826
s669,centroid,egnn,42,1GUA,N64A,1.14,0.7067590951919556
s669,centroid,egnn,42,1GUA,P63A,1.7080000000000002,0.7156525254249573
s669,centroid,egnn,42,1GUA,P93A,0.0819999999999999,0.7208680510520935
s669,centroid,egnn,42,1GUA,Q66A,0.504,0.7114851474761963
s669,centroid,egnn,42,1GUA,R100A,0.693,0.7335825562477112
s669,centroid,egnn,42,1GUA,R59A,-0.178,0.7130640745162964
s669,centroid,egnn,42,1GUA,R89L,-1.078,0.7219780087471008
s669,centroid,egnn,42,1GUA,S77A,1.5730000000000002,0.7207198739051819
s669,centroid,egnn,42,1GUA,S77T,-0.581,0.7207267880439758
s669,centroid,egnn,42,1GUA,T68A,0.109,0.7308872938156128
s669,centroid,egnn,42,1GUA,V128A,3.3680000000000003,0.7255093455314636
s669,centroid,egnn,42,1GUA,V60A,2.251,0.7258127331733704
s669,centroid,egnn,42,1GUA,V69A,1.116,0.7188000679016113
s669,centroid,egnn,42,1GUA,V70A,1.77,0.722065269947052
s669,centroid,egnn,42,1GUA,V72A,1.052,0.7198746800422668
s669,centroid,egnn,42,1GUA,V72I,0.8640000000000001,0.7198604941368103
s669,centroid,egnn,42,1GUA,V98A,1.981,0.731437623500824
s669,centroid,egnn,42,1H0X,P18A,1.936,0.721957266330719
s669,centroid,egnn,42,1H0X,P62A,2.5810000000000004,0.7303876876831055
s669,centroid,egnn,42,1HCQ,C67A,2.09,0.7231761813163757
s669,centroid,egnn,42,1HCQ,C67S,1.99,0.723160982131958
s669,centroid,egnn,42,1IOJ,G15A,-0.4,0.7342913150787354
s669,centroid,egnn,42,1IV7,A173C,-0.5,0.7219957709312439
s669,centroid,egnn,42,1IV7,F189C,2.5,0.7167953252792358
s669,centroid,egnn,42,1IV7,L162C,1.9,0.7233055233955383
s669,centroid,egnn,42,1IV9,S76Y,-4.299,0.7118157744407654
s669,centroid,egnn,42,1J8I,K25A,-0.1,0.7314063906669617
s669,centroid,egnn,42,1J8I,K66A,-0.1,0.7209122776985168
s669,centroid,egnn,42,1J8I,R23A,-0.8,0.7274385094642639
s669,centroid,egnn,42,1J8I,R35A,0.1,0.7436777949333191
s669,centroid,egnn,42,1J8I,R43A,-0.7,0.721910297870636
s669,centroid,egnn,42,1J8I,R9A,0.1,0.7595110535621643
s669,centroid,egnn,42,1JL9,A25C,1.44,0.7352343797683716
s669,centroid,egnn,42,1L6H,F39A,1.6969999999999998,0.7207010388374329
s669,centroid,egnn,42,1L6H,Y45A,0.55,0.7191920876502991
s669,centroid,egnn,42,1L6H,Y48A,1.482,0.7250832915306091
s669,centroid,egnn,42,1N88,F21A,1.39,0.717885434627533
s669,centroid,egnn,42,1N88,I39A,1.39,0.7269130945205688
s669,centroid,egnn,42,1N88,I80A,2.79,0.7306918501853943
s669,centroid,egnn,42,1N88,I89A,2.35,0.7252734899520874
s669,centroid,egnn,42,1N88,I8V,1.52,0.7279978394508362
s669,centroid,egnn,42,1N88,L13A,1.52,0.7180299162864685
s669,centroid,egnn,42,1N88,L57A,1.11,0.7286415696144104
s669,centroid,egnn,42,1N88,V12A,1.94,0.7276526093482971
s669,centroid,egnn,42,1N88,V30A,2.84,0.7289871573448181
s669,centroid,egnn,42,1N88,V43A,2.82,0.7270427346229553
s669,centroid,egnn,42,1N88,V49A,2.83,0.7209054827690125
s669,centroid,egnn,42,1N88,V51A,3.24,0.7192538380622864
s669,centroid,egnn,42,1N88,V54A,3.73,0.7277591228485107
s669,centroid,egnn,42,1N88,V81A,2.82,0.7241674065589905
s669,centroid,egnn,42,1N88,V83A,3.1,0.7187281250953674
s669,centroid,egnn,42,1N88,Y18A,-0.06,0.7159988880157471
s669,centroid,egnn,42,1N88,Y26A,4.61,0.7199825644493103
s669,centroid,egnn,42,1O6X,A31G,1.2,0.6839603781700134
s669,centroid,egnn,42,1O6X,A50G,1.4,0.699224054813385
s669,centroid,egnn,42,1O6X,D38A,-0.36,0.6982126235961914
s669,centroid,egnn,42,1O6X,E14A,0.3,0.6994326710700989
s669,centroid,egnn,42,1O6X,E20G,1.42,0.6810086369514465
s669,centroid,egnn,42,1O6X,F39L,1.88,0.6937518119812012
s669,centroid,egnn,42,1O6X,F65A,0.98,0.6949096322059631
s669,centroid,egnn,42,1O6X,H51A,0.61,0.6979564428329468
s669,centroid,egnn,42,1O6X,I15V,0.43,0.6977685689926147
s669,centroid,egnn,42,1O6X,I23V,-0.42,0.6842536926269531
s669,centroid,egnn,42,1O6X,I71V,1.31,0.6970011591911316
s669,centroid,egnn,42,1O6X,I75A,1.31,0.7038560509681702
s669,centroid,egnn,42,1O6X,K41A,1.98,0.6952365040779114
s669,centroid,egnn,42,1O6X,L26V,0.97,0.6869952082633972
s669,centroid,egnn,42,1O6X,N58A,0.08,0.6921319365501404
s669,centroid,egnn,42,1O6X,Q60G,0.49,0.6994263529777527
s669,centroid,egnn,42,1O6X,V12A,1.1,0.7060515880584717
s669,centroid,egnn,42,1O6X,V52A,1.08,0.6970445513725281
s669,centroid,egnn,42,1O6X,V64G,1.1,0.6967477202415466
s669,centroid,egnn,42,1O6X,Y73L,2.78,0.7033655643463135
s669,centroid,egnn,42,1R6R,I88N,0.13,0.7108752727508545
s669,centroid,egnn,42,1R6R,L50S,2.81,0.728117048740387
s669,centroid,egnn,42,1R6R,L54S,0.24,0.7268341779708862
s669,centroid,egnn,42,1R6R,L81N,6.84,0.7272109389305115
s669,centroid,egnn,42,2BJD,V84D,4.493,0.7206916213035583
s669,centroid,egnn,42,2BJD,V84P,4.517,0.7206946015357971
s669,centroid,egnn,42,2BJD,Y86E,2.103,0.726067066192627
s669,centroid,egnn,42,2C9Q,Y79F,0.012,0.7043753862380981
s669,centroid,egnn,42,2C9Q,Y79W,1.233,0.7043706178665161
s669,centroid,egnn,42,2CLR,H13F,-0.12,0.7284103035926819
s669,centroid,egnn,42,2CLR,H31F,-2.605,0.7117952704429626
s669,centroid,egnn,42,2CLR,H51F,1.912,0.7262828350067139
s669,centroid,egnn,42,2CLR,H84A,2.629,0.7108519673347473
s669,centroid,egnn,42,2DVV,Q443H,-0.89,0.7376457452774048
s669,centroid,egnn,42,2DVV,R419W,0.02,0.7445895075798035
s669,centroid,egnn,42,2HBB,A22G,0.32,0.7296821475028992
s669,centroid,egnn,42,2HBB,A26G,1.79,0.7362926006317139
s669,centroid,egnn,42,2HBB,A36G,1.55,0.7300577759742737
s669,centroid,egnn,42,2HBB,A39G,1.59,0.7182410359382629
s669,centroid,egnn,42,2HBB,A42G,0.33,0.6750823855400085
s669,centroid,egnn,42,2HBB,A46G,0.55,0.6796031594276428
s669,centroid,egnn,42,2HBB,A49G,0.22,0.6462300419807434
s669,centroid,egnn,42,2HBB,D23A,0.03,0.7405062317848206
s669,centroid,egnn,42,2HBB,D23N,0.79,0.7405194640159607
s669,centroid,egnn,42,2HBB,D8A,1.3,0.7135841846466064
s669,centroid,egnn,42,2HBB,D8N,0.38,0.7135930061340332
s669,centroid,egnn,42,2HBB,E17A,1.69,0.7226027846336365
s669,centroid,egnn,42,2HBB,E17Q,0.33,0.7225454449653625
s669,centroid,egnn,42,2HBB,E38A,0.41,0.730847179889679
s669,centroid,egnn,42,2HBB,E38Q,0.68,0.7308406829833984
s669,centroid,egnn,42,2HBB,E48Q,-0.07,0.6990772485733032
s669,centroid,egnn,42,2HBB,F31A,2.84,0.7346130013465881
s669,centroid,egnn,42,2HBB,F5L,1.15,0.7234336137771606
s669,centroid,egnn,42,2HBB,G24A,-0.02,0.7347893714904785
s669,centroid,egnn,42,2HBB,G34A,1.02,0.7362868785858154
s669,centroid,egnn,42,2HBB,I18A,2.05,0.726824939250946
s669,centroid,egnn,42,2HBB,I18V,0.07,0.7268221974372864
s669,centroid,egnn,42,2HBB,I37A,1.28,0.7223358750343323
s669,centroid,egnn,42,2HBB,I37V,-0.09,0.7223319411277771
s669,centroid,egnn,42,2HBB,I4V,0.59,0.7189604640007019
s669,centroid,egnn,42,2HBB,K10E,-0.13,0.6277030110359192
s669,centroid,egnn,42,2HBB,K10M,-0.47,0.6278036236763
s669,centroid,egnn,42,2HBB,K12A,-0.61,0.7086530327796936
s669,centroid,egnn,42,2HBB,K12G,-0.03,0.7086564898490906
s669,centroid,egnn,42,2HBB,K12M,-1.8,0.7086523771286011
s669,centroid,egnn,42,2HBB,K14A,0.73,0.7048436999320984
s669,centroid,egnn,42,2HBB,K14G,1.3,0.7048953175544739
s669,centroid,egnn,42,2HBB,K14M,0.34,0.704922080039978
s669,centroid,egnn,42,2HBB,K15G,1.74,0.7233035564422607
s669,centroid,egnn,42,2HBB,K15M,0.44,0.7233107686042786
s669,centroid,egnn,42,2HBB,K7M,-0.21,0.7238967418670654
s669,centroid,egnn,42,2HBB,L30A,2.76,0.7307894825935364
s669,centroid,egnn,42,2HBB,L35A,1.21,0.7271546721458435
s669,centroid,egnn,42,2HBB,L44A,1.73,0.6932551264762878
s669,centroid,egnn,42,2HBB,L47A,0.84,0.7027162909507751
s669,centroid,egnn,42,2HBB,L6A,3.1,0.7205330729484558
s669,centroid,egnn,42,2HBB,M1A,1.46,0.739801824092865
s669,centroid,egnn,42,2HBB,T40S,0.8,0.7038901448249817
s669,centroid,egnn,42,2HBB,V21A,2.33,0.7320111989974976
s669,centroid,egnn,42,2HBB,V3A,2.55,0.7309675812721252
s669,centroid,egnn,42,2HBB,V9A,1.81,0.7094530463218689
s669,centroid,egnn,42,2JUC,C57D,2.54,0.7261708378791809
s669,centroid,egnn,42,2JUC,C57S,0.71,0.7261983156204224
s669,centroid,egnn,42,2JUC,R18A,1.75,0.7242791652679443
s669,centroid,egnn,42,2KJ3,D288A,-1.2,0.6990986466407776
s669,centroid,egnn,42,2KJ3,E272A,-1.9,0.6904821991920471
s669,centroid,egnn,42,2KJ3,G278A,0.8,0.7302742004394531
s669,centroid,egnn,42,2KJ3,K229A,-1.5,0.6771471500396729
s669,centroid,egnn,42,2KJ3,L241A,-1.0,0.7308447360992432
s669,centroid,egnn,42,2KJ3,S273A,-1.4,0.7038783431053162
s669,centroid,egnn,42,2KJ3,V239A,-1.0,0.7124520540237427
s669,centroid,egnn,42,2KJ3,V264A,-1.0,0.7133414149284363
s669,centroid,egnn,42,2KJ3,V267A,-0.2,0.7124720215797424
s669,centroid,egnn,42,2MPC,A89T,0.24,0.7170199751853943
s669,centroid,egnn,42,2MPC,R42A,-0.62,0.7268129587173462
s669,centroid,egnn,42,2MPC,R42W,-2.08,0.7268101572990417
s669,centroid,egnn,42,2N7Z,P88A,0.6,0.7238361239433289
s669,centroid,egnn,42,2OUO,A420D,-0.44,0.7345723509788513
s669,centroid,egnn,42,2PTL,A22G,2.43,0.737363874912262
s669,centroid,egnn,42,2PTL,A27P,-0.1,0.7028480768203735
s669,centroid,egnn,42,2PTL,A27V,0.83,0.7028712630271912
s669,centroid,egnn,42,2PTL,A34G,2.17,0.7420485615730286
s669,centroid,egnn,42,2PTL,A34V,-1.47,0.7420459985733032
s669,centroid,egnn,42,2PTL,A43G,2.54,0.7355688214302063
s669,centroid,egnn,42,2PTL,A47G,3.1,0.7390391230583191
s669,centroid,egnn,42,2PTL,A49G,1.32,0.7409040331840515
s669,centroid,egnn,42,2PTL,A51G,3.12,0.7329962849617004
s669,centroid,egnn,42,2PTL,A66G,0.49,0.7155954241752625
s669,centroid,egnn,42,2PTL,D52A,1.21,0.7349543571472168
s669,centroid,egnn,42,2PTL,D52G,2.14,0.7349575757980347
s669,centroid,egnn,42,2PTL,D64A,0.2,0.7202869057655334
s669,centroid,egnn,42,2PTL,E35A,0.59,0.7433872818946838
s669,centroid,egnn,42,2PTL,E46G,1.19,0.7460142970085144
s669,centroid,egnn,42,2PTL,E46I,1.08,0.7460179924964905
s669,centroid,egnn,42,2PTL,E60A,0.23,0.7121427655220032
s669,centroid,egnn,42,2PTL,F26A,3.12,0.7084944248199463
s669,centroid,egnn,42,2PTL,F26L,0.68,0.7084946036338806
s669,centroid,egnn,42,2PTL,F36A,4.15,0.743524968624115
s669,centroid,egnn,42,2PTL,F36L,3.12,0.7435170412063599
s669,centroid,egnn,42,2PTL,F40G,3.08,0.7219219207763672
s669,centroid,egnn,42,2PTL,F40L,0.38,0.7219306230545044
s669,centroid,egnn,42,2PTL,F76L,3.34,0.7114965915679932
s669,centroid,egnn,42,2PTL,F76V,3.73,0.7115121483802795
s669,centroid,egnn,42,2PTL,G29A,1.52,0.7056552767753601
s669,centroid,egnn,42,2PTL,G29V,2.53,0.7056637406349182
s669,centroid,egnn,42,2PTL,G38A,2.08,0.7127274870872498
s669,centroid,egnn,42,2PTL,G59A,2.23,0.7016306519508362
s669,centroid,egnn,42,2PTL,G69A,2.04,0.723497748374939
s669,centroid,egnn,42,2PTL,I20A,4.9,0.7268547415733337
s669,centroid,egnn,42,2PTL,I20V,0.56,0.7268444895744324
s669,centroid,egnn,42,2PTL,I25A,1.37,0.725389301776886
s669,centroid,egnn,42,2PTL,I25V,0.47,0.7253805994987488
s669,centroid,egnn,42,2PTL,I74A,4.72,0.7344047427177429
s669,centroid,egnn,42,2PTL,I74V,1.69,0.7343863844871521
s669,centroid,egnn,42,2PTL,K21A,0.92,0.7303016185760498
s669,centroid,egnn,42,2PTL,K37A,0.88,0.7155517339706421
s669,centroid,egnn,42,2PTL,K42G,-0.16,0.7387782335281372
s669,centroid,egnn,42,2PTL,K55A,-0.58,0.6986821889877319
s669,centroid,egnn,42,2PTL,K56A,-0.35,0.6993544697761536
s669,centroid,egnn,42,2PTL,K68A,0.09,0.7111135125160217
s669,centroid,egnn,42,2PTL,K75A,0.45,0.7154050469398499
s669,centroid,egnn,42,2PTL,L24A,3.12,0.7248015999794006
s669,centroid,egnn,42,2PTL,L54A,2.44,0.7162333130836487
s669,centroid,egnn,42,2PTL,L72A,3.77,0.7294333577156067
s669,centroid,egnn,42,2PTL,N23A,1.87,0.7327383756637573
s669,centroid,egnn,42,2PTL,N28A,1.78,0.6879270076751709
s669,centroid,egnn,42,2PTL,N58A,0.34,0.7007310390472412
s669,centroid,egnn,42,2PTL,N73A,1.73,0.7297229766845703
s669,centroid,egnn,42,2PTL,S30A,0.3,0.7117330431938171
s669,centroid,egnn,42,2PTL,S45A,-0.41,0.7412989735603333
s669,centroid,egnn,42,2PTL,S45G,0.82,0.7413061857223511
s669,centroid,egnn,42,2PTL,T19A,1.63,0.7164814472198486
s669,centroid,egnn,42,2PTL,T31A,1.17,0.7261101007461548
s669,centroid,egnn,42,2PTL,T33A,1.11,0.7388138175010681
s669,centroid,egnn,42,2PTL,T39A,1.25,0.7255479693412781
s669,centroid,egnn,42,2PTL,T44A,1.09,0.7315337061882019
s669,centroid,egnn,42,2PTL,T53G,0.17,0.7369635701179504
s669,centroid,egnn,42,2PTL,T62A,0.97,0.7221726179122925
s669,centroid,egnn,42,2PTL,T71A,1.83,0.7301152348518372
s669,centroid,egnn,42,2PTL,V18A,1.22,0.715176522731781
s669,centroid,egnn,42,2PTL,V63A,0.92,0.7351065278053284
s669,centroid,egnn,42,2PTL,V65A,1.14,0.7199863791465759
s669,centroid,egnn,42,2PTL,Y48A,2.82,0.7348154783248901
s669,centroid,egnn,42,2PTL,Y50A,2.46,0.7387351393699646
s669,centroid,egnn,42,2PTL,Y70A,1.66,0.7184867262840271
s669,centroid,egnn,42,2PTL,Y70L,-0.43,0.7184710502624512
s669,centroid,egnn,42,2RPN,E7L,-1.05,0.7154236435890198
s669,centroid,egnn,42,2RPN,V21K,-0.39,0.7186201214790344
s669,centroid,egnn,42,2WQG,D15A,-0.3,0.7197181582450867
s669,centroid,egnn,42,2WQG,D38A,-0.1,0.7209916710853577
s669,centroid,egnn,42,2WQG,D39A,2.2,0.7252214550971985
s669,centroid,egnn,42,2WQG,D39N,2.6,0.7252148985862732
s669,centroid,egnn,42,2WQG,E40Q,0.1,0.7260926365852356
s669,centroid,egnn,42,2WQG,E41G,0.4,0.7052719593048096
s669,centroid,egnn,42,2WQG,I36A,0.9,0.722587525844574
s669,centroid,egnn,42,2WQG,I36V,0.3,0.7225775122642517
s669,centroid,egnn,42,2WQG,K14A,0.4,0.7126058340072632
s669,centroid,egnn,42,2WQG,K14G,1.9,0.7125834822654724
s669,centroid,egnn,42,2WQG,K19A,0.3,0.7193889021873474
s669,centroid,egnn,42,2WQG,K28A,0.6,0.7098482847213745
s669,centroid,egnn,42,2WQG,L13A,0.5,0.7118113040924072
s669,centroid,egnn,42,2WQG,L16A,1.3,0.7179185748100281
s669,centroid,egnn,42,2WQG,L8A,2.0,0.714762806892395
s669,centroid,egnn,42,2WQG,Q12A,0.6,0.7185563445091248
s669,centroid,egnn,42,2WQG,Q12G,2.0,0.7185476422309875
s669,centroid,egnn,42,2WQG,Q33A,-0.1,0.7229762673377991
s669,centroid,egnn,42,2WQG,R34A,0.8,0.719793975353241
s669,centroid,egnn,42,2WQG,S23A,0.6,0.7133893966674805
s669,centroid,egnn,42,2WQG,S6A,-0.1,0.7066940665245056
s669,centroid,egnn,42,2WQG,S6G,0.2,0.7066636681556702
s669,centroid,egnn,42,2WQG,T9S,-0.1,0.7093214392662048
s669,centroid,egnn,42,2WQG,V10A,0.1,0.713625967502594
s669,centroid,egnn,42,2WQG,V10G,0.7,0.7136042714118958
s669,centroid,egnn,42,2WQG,V11A,-0.4,0.7198566794395447
s669,centroid,egnn,42,2WQG,V11G,-0.1,0.7198532223701477
s669,centroid,egnn,42,2WQG,V24A,0.5,0.7137452960014343
s669,centroid,egnn,42,2WQG,Y5F,2.4,0.715317964553833
s669,centroid,egnn,42,2ZTA,E11Q,0.74,0.712156355381012
s669,centroid,egnn,42,2ZTA,E20Q,-0.2,0.7277229428291321
s669,centroid,egnn,42,2ZTA,E22Q,1.83,0.7333902716636658
s669,centroid,egnn,42,2ZTA,K15A,0.41,0.7292711138725281
s669,centroid,egnn,42,2ZTA,K27A,0.91,0.7232491374015808
s669,centroid,egnn,42,2ZTA,K28A,0.06,0.7383781671524048
s669,centroid,egnn,42,2ZTA,K8A,0.39,0.6607949137687683
s669,centroid,egnn,42,2ZTA,R25A,1.66,0.7401692271232605
s669,centroid,egnn,42,3BN0,I20V,1.506,0.7312822341918945
s669,centroid,egnn,42,3C2I,F155S,-0.43,0.7425658702850342
s669,centroid,egnn,42,3C2I,T158A,-0.47,0.7150689363479614
s669,centroid,egnn,42,3C2I,T158M,-0.25,0.7150649428367615
s669,centroid,egnn,42,3FIS,P61A,0.5,0.720918595790863
s669,centroid,egnn,42,3G1G,D155Y,-0.34,0.7165120244026184
s669,centroid,egnn,42,3G1G,F167Y,0.74,0.7177900075912476
s669,centroid,egnn,42,3G1G,I190V,0.17,0.7241859436035156
s669,centroid,egnn,42,3G1G,R185W,-1.32,0.709534227848053
s669,centroid,egnn,42,3K82,E334L,3.35,0.7144126296043396
s669,centroid,egnn,42,3K82,E334Q,1.68,0.7144263386726379
s669,centroid,egnn,42,3K82,E401R,-5.49,0.7140311598777771
s669,centroid,egnn,42,3MON,R39G,-1.194,0.7135847210884094
s669,centroid,egnn,42,3MON,W3C,2.866,0.735281229019165
s669,centroid,egnn,42,3O39,L32P,3.25,0.7296481132507324
s669,centroid,egnn,42,3S92,H395R,-2.03,0.6870779395103455
s669,centroid,egnn,42,4N6V,H75W,-0.574,0.6842575669288635
s669,centroid,egnn,42,4N6V,P36G,1.362,0.7271834015846252
s669,centroid,egnn,42,4N6V,P79S,-1.745,0.7200779318809509
s669,centroid,egnn,42,4YEE,V134T,0.71,0.7289045453071594
s669,centroid,egnn,42,4YEF,T134V,0.93,0.7248140573501587
s669,centroid,egnn,42,5JXB,D329G,1.44,0.6996895670890808
s669,centroid,egnn,42,5JXB,D329P,1.44,0.6996810436248779
s669,centroid,egnn,42,1A0F,S11A,1.8,0.7434789538383484
s669,centroid,egnn,42,1A7V,A104H,2.69,0.7171474695205688
s669,centroid,egnn,42,1A7V,A66H,1.98,0.7097635269165039
s669,centroid,egnn,42,1A7V,A91H,1.7,0.7275785207748413
s669,centroid,egnn,42,1A7V,D3H,1.36,0.7026543021202087
s669,centroid,egnn,42,1A7V,D58H,2.05,0.7029078602790833
s669,centroid,egnn,42,1A7V,E73H,3.01,0.6876606345176697
s669,centroid,egnn,42,1A7V,K13H,0.6,0.728452205657959
s669,centroid,egnn,42,1A7V,K20H,2.88,0.7251625061035156
s669,centroid,egnn,42,1A7V,K31H,1.36,0.6795527338981628
s669,centroid,egnn,42,1A7V,K39H,1.86,0.7258262634277344
s669,centroid,egnn,42,1A7V,K49H,2.02,0.7275441884994507
s669,centroid,egnn,42,1A7V,K84H,2.88,0.7231897115707397
s669,centroid,egnn,42,1A7V,K97H,1.97,0.713606595993042
s669,centroid,egnn,42,1BNL,D76A,0.821,0.7364908456802368
s669,centroid,egnn,42,1DIV,D23A,0.46,0.7040092349052429
s669,centroid,egnn,42,1DIV,D23N,0.58,0.7040647864341736
s669,centroid,egnn,42,1DIV,D8N,0.3,0.70721834897995
s669,centroid,egnn,42,1DIV,E100A,0.98,0.7150711417198181
s669,centroid,egnn,42,1DIV,E100G,1.52,0.7150628566741943
s669,centroid,egnn,42,1DIV,E17Q,0.21,0.7216241955757141
s669,centroid,egnn,42,1DIV,E38Q,0.56,0.7223743200302124
s669,centroid,egnn,42,1DIV,E48Q,-0.03,0.7299115061759949
s669,centroid,egnn,42,1DIV,E54Q,-0.33,0.7177616953849792
s669,centroid,egnn,42,1DIV,H106Q,1.53,0.7398291230201721
s669,centroid,egnn,42,1DIV,I115A,3.52,0.7190478444099426
s669,centroid,egnn,42,1DIV,I4A,2.22,0.7275187373161316
s669,centroid,egnn,42,1DIV,I4V,0.59,0.727567732334137
s669,centroid,egnn,42,1DIV,I79A,3.49,0.7340860962867737
s669,centroid,egnn,42,1DIV,I93A,3.19,0.7232767343521118
s669,centroid,egnn,42,1DIV,I98A,4.28,0.7282910943031311
s669,centroid,egnn,42,1DIV,K10M,-0.05,0.7022712230682373
s669,centroid,egnn,42,1DIV,K14M,-0.01,0.7149294018745422
s669,centroid,egnn,42,1DIV,K15M,0.31,0.7150248289108276
s669,centroid,egnn,42,1DIV,K7M,-0.35,0.7105951309204102
s669,centroid,egnn,42,1DIV,K96A,-0.61,0.7197751998901367
s669,centroid,egnn,42,1DIV,K96G,0.2,0.7197662591934204
s669,centroid,egnn,42,1DIV,L102A,2.37,0.7133808732032776
s669,centroid,egnn,42,1DIV,L108A,2.33,0.7234787344932556
s669,centroid,egnn,42,1DIV,L110A,3.21,0.717434287071228
s669,centroid,egnn,42,1DIV,L117A,0.82,0.7145546078681946
s669,centroid,egnn,42,1DIV,L30A,2.76,0.7114596962928772
s669,centroid,egnn,42,1DIV,L30V,3.62,0.7114465832710266
s669,centroid,egnn,42,1DIV,L6A,3.1,0.729205846786499
s669,centroid,egnn,42,1DIV,L6I,0.13,0.7292503714561462
s669,centroid,egnn,42,1DIV,L6V,0.41,0.7291738390922546
s669,centroid,egnn,42,1DIV,L72A,3.77,0.722757875919342
s669,centroid,egnn,42,1DIV,M1A,1.46,0.7171316146850586
s669,centroid,egnn,42,1DIV,M1G,2.36,0.7171109914779663
s669,centroid,egnn,42,1DIV,V21A,2.33,0.7171877026557922
s669,centroid,egnn,42,1DIV,V21I,0.4,0.7171621322631836
s669,centroid,egnn,42,1DIV,V21L,1.23,0.7171586155891418
s669,centroid,egnn,42,1DIV,V3A,2.55,0.7188819050788879
s669,centroid,egnn,42,1DIV,V3I,0.31,0.7188830375671387
s669,centroid,egnn,42,1DIV,V3L,2.21,0.7188835740089417
s669,centroid,egnn,42,1DXX,K18N,3.7,0.7337617874145508
s669,centroid,egnn,42,1FH5,S18N,-0.6,0.7313361167907715
s669,centroid,egnn,42,1FT8,L212V,1.38,0.7151328325271606
s669,centroid,egnn,42,1FT8,L238I,0.35,0.7030943036079407
s669,centroid,egnn,42,1FT8,M216L,-0.27,0.7110130190849304
s669,centroid,egnn,42,1GWY,A8D,1.6,0.7111380696296692
s669,centroid,egnn,42,1ITM,C24T,3.3,0.6999791264533997
s669,centroid,egnn,42,1ITM,C3T,5.0,0.7021983861923218
s669,centroid,egnn,42,1ITM,W91S,-1.4,0.7272760272026062
s669,centroid,egnn,42,1JLV,E64D,1.162,0.7311338186264038
s669,centroid,egnn,42,1JLV,E64N,2.3040000000000003,0.7311319708824158
s669,centroid,egnn,42,1JLV,E64Q,2.302,0.7311320900917053
s669,centroid,egnn,42,1LVM,E106G,-1.4,0.7310322523117065
s669,centroid,egnn,42,1LVM,K45F,-0.43,0.7041992545127869
s669,centroid,egnn,42,1LVM,L56V,-0.0,0.7376572489738464
s669,centroid,egnn,42,1LVM,Q58F,-0.6,0.7376686334609985
s669,centroid,egnn,42,1N18,E100G,2.5,0.7289159297943115
s669,centroid,egnn,42,1N18,G85R,1.4,0.7348870635032654
s669,centroid,egnn,42,1N18,H46R,-1.4,0.7361399531364441
s669,centroid,egnn,42,1O1U,E110A,3.3,0.7383409142494202
s669,centroid,egnn,42,1O1U,N61A,1.2,0.7379344701766968
s669,centroid,egnn,42,1O1U,Q51A,0.3,0.7459713816642761
s669,centroid,egnn,42,1O1U,Q99A,-0.3,0.7329606413841248
s669,centroid,egnn,42,1O1U,T38A,1.2,0.7439541220664978
s669,centroid,egnn,42,1O1U,W49Y,1.2,0.7385180592536926
s669,centroid,egnn,42,1OSI,I11V,0.05,0.7164224982261658
s669,centroid,egnn,42,1OSI,S92F,-0.39,0.7178195118904114
s669,centroid,egnn,42,1OSI,V15I,0.78,0.7259222865104675
s669,centroid,egnn,42,1PFL,A20T,1.53,0.7322603464126587
s669,centroid,egnn,42,1PFL,G117V,1.96,0.6911570429801941
s669,centroid,egnn,42,1PFL,M113T,3.53,0.7316214442253113
s669,centroid,egnn,42,1PFL,T108M,-0.07,0.7164313197135925
s669,centroid,egnn,42,1PRG,Q286P,0.3,0.7331239581108093
s669,centroid,egnn,42,1PRG,R288H,-0.06,0.7399302124977112
s669,centroid,egnn,42,1PRG,V290M,-0.03,0.7358159422874451
s669,centroid,egnn,42,1SPD,C111S,-0.8,0.7213940024375916
s669,centroid,egnn,42,1SPD,C6A,-0.1,0.7327678799629211
s669,centroid,egnn,42,1XWS,E124Q,2.9,0.7204893827438354
s669,centroid,egnn,42,1XWS,E135K,4.59,0.6909822821617126
s669,centroid,egnn,42,1XWS,E142D,3.22,0.6802722215652466
s669,centroid,egnn,42,1XWS,Y53H,3.3,0.7352673411369324
s669,centroid,egnn,42,1XXN,N32D,0.86,0.6888024806976318
s669,centroid,egnn,42,1XXN,N54E,0.645,0.7088691592216492
s669,centroid,egnn,42,1XXN,S22E,-0.239,0.6956706643104553
s669,centroid,egnn,42,1XXN,S27E,0.645,0.7030743360519409
s669,centroid,egnn,42,1XZO,F42W,-2.87,0.7275820374488831
s669,centroid,egnn,42,1XZO,W101F,2.89,0.7259131669998169
s669,centroid,egnn,42,1XZO,W36A,8.93,0.7317081689834595
s669,centroid,egnn,42,1XZO,W36F,4.25,0.7317116856575012
s669,centroid,egnn,42,2ARF,H1069Q,0.7170000000000001,0.7052933573722839
s669,centroid,egnn,42,2H3F,E12A,-1.07,0.7371493577957153
s669,centroid,egnn,42,2JIE,H104R,-1.536,0.7306662201881409
s669,centroid,egnn,42,2JIE,Q22S,0.209,0.7259350419044495
s669,centroid,egnn,42,2JIE,S17A,1.246,0.7042561173439026
s669,centroid,egnn,42,2JIE,S19A,-0.951,0.7171245217323303
s669,centroid,egnn,42,2JIE,T18A,0.994,0.7214120030403137
s669,centroid,egnn,42,2JIE,W123F,-2.19,0.7208945751190186
s669,centroid,egnn,42,2JIE,W123H,-1.06,0.720893383026123
s669,centroid,egnn,42,2JIE,Y21A,3.443,0.720408022403717
s669,centroid,egnn,42,2KS4,D9A,-1.26,0.7314134240150452
s669,centroid,egnn,42,2KS4,E2A,0.23,0.7205231785774231
s669,centroid,egnn,42,2LTB,L558P,1.57,0.6986531615257263
s669,centroid,egnn,42,2LTB,L569R,3.11,0.7225233316421509
s669,centroid,egnn,42,2LTB,M619K,3.34,0.7143568396568298
s669,centroid,egnn,42,2LTB,R533Q,1.1,0.6747111678123474
s669,centroid,egnn,42,2LTB,R555Q,0.36,0.6808374524116516
s669,centroid,egnn,42,2LTB,R555W,-1.79,0.6808302998542786
s669,centroid,egnn,42,2M5S,D302A,4.0,0.71047043800354
s669,centroid,egnn,42,2M5S,H305A,2.0,0.7257997393608093
s669,centroid,egnn,42,2NTE,R658C,2.3,0.7130996584892273
s669,centroid,egnn,42,2PR5,A33Y,-0.5,0.7008622288703918
s669,centroid,egnn,42,2PR5,A81M,0.4,0.7161656618118286
s669,centroid,egnn,42,2PR5,D109E,-0.3,0.7316149473190308
s669,centroid,egnn,42,2PR5,H22K,-0.3,0.7178351283073425
s669,centroid,egnn,42,2PR5,H22W,-1.2,0.7178583145141602
s669,centroid,egnn,42,2PR5,M111F,-2.9,0.7179799675941467
s669,centroid,egnn,42,2PR5,N107F,-0.9,0.7361161708831787
s669,centroid,egnn,42,2PR5,N107Y,-0.8,0.7361122965812683
s669,centroid,egnn,42,2PR5,N124F,-1.1,0.7372646927833557
s669,centroid,egnn,42,2PR5,N124Y,-2.6,0.737272322177887
s669,centroid,egnn,42,2PR5,T30M,-0.5,0.7282854914665222
s669,centroid,egnn,42,2PR5,T50M,0.5,0.7413470149040222
s669,centroid,egnn,42,2PR5,T54Y,-0.2,0.7313252091407776
s669,centroid,egnn,42,2PR5,V120I,-1.4,0.7374098896980286
s669,centroid,egnn,42,2PR5,V25I,-0.4,0.742644727230072
s669,centroid,egnn,42,2PR5,V88L,0.2,0.7240549921989441
s669,centroid,egnn,42,2PR5,V90I,0.7,0.7239943146705627
s669,centroid,egnn,42,2VY0,E53A,6.597,0.7074849009513855
s669,centroid,egnn,42,3BCI,E96Q,-1.369,0.7121011018753052
s669,centroid,egnn,42,3D3B,D118A,0.65,0.7202166318893433
s669,centroid,egnn,42,3D3B,D118E,0.6,0.7201486825942993
s669,centroid,egnn,42,3D3B,D118K,1.6,0.7201544642448425
s669,centroid,egnn,42,3D3B,D118N,1.34,0.7203114628791809
s669,centroid,egnn,42,3D3B,D118R,1.41,0.7202775478363037
s669,centroid,egnn,42,3ECU,H46R,-0.8,0.7405233979225159
s669,centroid,egnn,42,3S4M,D122Y,1.3,0.7085331082344055
s669,centroid,egnn,42,3S4M,G130V,2.5,0.7188578248023987
s669,centroid,egnn,42,3S4M,I154F,-0.096,0.7305459380149841
s669,centroid,egnn,42,3S4M,W155R,0.693,0.7209748029708862
s669,centroid,egnn,42,4BJX,A89V,-0.99,0.6685199737548828
s669,centroid,egnn,42,4BUQ,Y48A,1.435,0.6836608052253723
s669,centroid,egnn,42,4WAA,K65A,-0.1,0.7214964032173157
s669,centroid,egnn,42,4WAA,K67A,2.07,0.7032365202903748
s669,centroid,egnn,42,4WAA,R27A,0.44,0.6880157589912415
s669,centroid,egnn,42,5VP3,R39K,-0.413,0.719752848148346
s669,centroid,egnn,42,1BA3,H461D,1.745,0.7116137146949768
s669,centroid,egnn,42,1BA3,H489D,-0.287,0.5707763433456421
s669,centroid,egnn,42,1BA3,H489K,0.287,0.5694640278816223
s669,centroid,egnn,42,1BA3,H489M,0.263,0.5697298049926758
s669,centroid,egnn,42,1DIV,V129A,1.81,0.7173720598220825
s669,centroid,egnn,42,1F8I,F345A,0.455,0.7355572581291199
s669,centroid,egnn,42,1FT8,L349I,-0.05,0.7115201354026794
s669,centroid,egnn,42,1LVM,S135G,-0.0,0.7597827911376953
s669,centroid,egnn,42,1NM1,D187N,0.88,0.7224676012992859
s669,centroid,egnn,42,1NM1,D187Y,1.9,0.722468912601471
s669,centroid,egnn,42,1PRE,C159S,2.4,0.6950168013572693
s669,centroid,egnn,42,1R2Y,R244E,4.2,0.7212653160095215
s669,centroid,egnn,42,1XXN,N181R,-0.358,0.7021512985229492
s669,centroid,egnn,42,3D2A,M134E,-3.02,0.705354630947113
s669,centroid,egnn,42,3D2A,M137P,-3.34,0.7055215239524841
s669,centroid,egnn,42,3D2A,S163P,-2.11,0.7071823477745056
s669,centroid,egnn,42,5OAQ,Y429H,2.99,0.7322364449501038
