benchmark,threshold,n,mean_edges,r,ci_low,ci_high
S669,6.0,511,140.29158512720156,0.4095492626690302,0.24512891376317633,0.5187151017966725
S669,7.0,511,236.5068493150685,0.3856062559746523,0.23117883622413674,0.4931048883344121
S669,8.0,511,338.01956947162427,0.3822763006033998,0.21838976550934533,0.48957590668049245
S669,9.0,511,465.25244618395305,0.3530226266069746,0.19593952689835767,0.455140479065057
S669,10.0,511,615.0391389432485,0.35330895219293124,0.21923997052704478,0.44968251945289545
ssym,6.0,342,272.5409356725146,0.3809390359059824,0.1447314224203021,0.5495229285219567
ssym,7.0,342,446.9824561403509,0.370736891603796,0.10075708083676337,0.5417044434154721
ssym,8.0,342,625.0233918128655,0.41049835826177167,0.12674713551501907,0.5919980118303111
ssym,9.0,342,861.4590643274854,0.35866833718656127,0.11306658141168993,0.5249725653212356
ssym,10.0,342,1176.345029239766,0.3476030980512374,0.12861524359951892,0.5062110701760622
