rung,atom_def,seed,protein_id,mutation_id,y_true,y_pred
wine_50k,ca,42,1BFM,M35W,0.7,0.6828579306602478
wine_50k,ca,42,1BFM,M35Y,0.4,0.6960554718971252
wine_50k,ca,42,1D5G,H71Y,0.04,0.7470752000808716
wine_50k,ca,42,1D5G,I20F,-0.91,1.1060034036636353
wine_50k,ca,42,1EKG,L198C,1.0,0.9178731441497803
wine_50k,ca,42,1EKG,L200C,2.0,0.8575679063796997
wine_50k,ca,42,1EKG,L203C,-1.0,0.9538240432739258
wine_50k,ca,42,1EKG,S181F,2.6,0.7726160883903503
wine_50k,ca,42,1FRD,H42R,-4.0,0.9223603010177612
wine_50k,ca,42,1FXA,E94D,1.1,0.5238103866577148
wine_50k,ca,42,1FXA,E94K,0.4,0.5125899910926819
wine_50k,ca,42,1FXA,E94Q,-0.6,0.5193406343460083
wine_50k,ca,42,1FXA,E95K,-1.0,0.23258131742477417
wine_50k,ca,42,1FXA,F65A,1.0,0.8143266439437866
wine_50k,ca,42,1FXA,F65I,0.9,0.801705002784729
wine_50k,ca,42,1FXA,F65W,0.6,0.8117120862007141
wine_50k,ca,42,1FXA,F65Y,0.5,0.8234339952468872
wine_50k,ca,42,1FXA,R42A,2.4,1.0003609657287598
wine_50k,ca,42,1FXA,R42H,1.4,1.014438271522522
wine_50k,ca,42,1FXA,T48A,-0.1,0.8045790195465088
wine_50k,ca,42,1GLU,C500A,1.22,0.8222455978393555
wine_50k,ca,42,1GUA,A118G,1.963,0.8362735509872437
wine_50k,ca,42,1GUA,A118L,1.951,0.8296362161636353
wine_50k,ca,42,1GUA,A85G,2.149,0.7915714383125305
wine_50k,ca,42,1GUA,A97G,0.863,0.8819313645362854
wine_50k,ca,42,1GUA,C81A,-0.283,0.7985052466392517
wine_50k,ca,42,1GUA,C81I,0.912,0.7900811433792114
wine_50k,ca,42,1GUA,C95A,0.08,0.8542481064796448
wine_50k,ca,42,1GUA,C96A,1.759,0.8376674056053162
wine_50k,ca,42,1GUA,C96L,0.043,0.815026044845581
wine_50k,ca,42,1GUA,C96M,0.337,0.831170916557312
wine_50k,ca,42,1GUA,D117A,0.706,0.6771965622901917
wine_50k,ca,42,1GUA,D129A,0.855,0.9011828899383545
wine_50k,ca,42,1GUA,D80A,0.493,0.8232934474945068
wine_50k,ca,42,1GUA,E104A,-0.021,0.22003552317619324
wine_50k,ca,42,1GUA,E124A,0.101,0.7437286972999573
wine_50k,ca,42,1GUA,E125A,0.591,0.719201385974884
wine_50k,ca,42,1GUA,I58A,3.274,0.8793697953224182
wine_50k,ca,42,1GUA,I58F,1.2990000000000002,0.8773330450057983
wine_50k,ca,42,1GUA,I58L,0.7709999999999999,0.862950325012207
wine_50k,ca,42,1GUA,K109A,0.327,0.5866740942001343
wine_50k,ca,42,1GUA,L112A,2.593,0.7909578680992126
wine_50k,ca,42,1GUA,L121A,2.5340000000000003,0.8860597014427185
wine_50k,ca,42,1GUA,L126A,3.405,0.8912508487701416
wine_50k,ca,42,1GUA,L62A,3.46,0.6163610219955444
wine_50k,ca,42,1GUA,L78A,3.803,0.675845205783844
wine_50k,ca,42,1GUA,L82A,3.529,0.9305373430252075
wine_50k,ca,42,1GUA,L82I,1.6,0.9201380014419556
wine_50k,ca,42,1GUA,L82V,1.7,0.9357399940490723
wine_50k,ca,42,1GUA,L86A,3.2260000000000004,0.7876173257827759
wine_50k,ca,42,1GUA,L91A,1.575,0.766575813293457
wine_50k,ca,42,1GUA,M76A,0.961,0.697615385055542
wine_50k,ca,42,1GUA,N56M,-0.271,0.7448892593383789
wine_50k,ca,42,1GUA,N64A,1.14,0.33621224761009216
wine_50k,ca,42,1GUA,P63A,1.7080000000000002,0.5876630544662476
wine_50k,ca,42,1GUA,P93A,0.0819999999999999,0.7416183948516846
wine_50k,ca,42,1GUA,Q66A,0.504,0.4663391709327698
wine_50k,ca,42,1GUA,R100A,0.693,0.7390730977058411
wine_50k,ca,42,1GUA,R59A,-0.178,0.8301602602005005
wine_50k,ca,42,1GUA,R89L,-1.078,0.7845199704170227
wine_50k,ca,42,1GUA,S77A,1.5730000000000002,0.6323894262313843
wine_50k,ca,42,1GUA,S77T,-0.581,0.6378583312034607
wine_50k,ca,42,1GUA,T68A,0.109,0.8565797805786133
wine_50k,ca,42,1GUA,V128A,3.3680000000000003,1.0132170915603638
wine_50k,ca,42,1GUA,V60A,2.251,0.906194806098938
wine_50k,ca,42,1GUA,V69A,1.116,0.8228273391723633
wine_50k,ca,42,1GUA,V70A,1.77,0.9983879327774048
wine_50k,ca,42,1GUA,V72A,1.052,0.870147705078125
wine_50k,ca,42,1GUA,V72I,0.8640000000000001,0.861851692199707
wine_50k,ca,42,1GUA,V98A,1.981,0.783509373664856
wine_50k,ca,42,1H0X,P18A,1.936,0.459209680557251
wine_50k,ca,42,1H0X,P62A,2.5810000000000004,0.5851519107818604
wine_50k,ca,42,1HCQ,C67A,2.09,0.9165128469467163
wine_50k,ca,42,1HCQ,C67S,1.99,0.9208693504333496
wine_50k,ca,42,1IOJ,G15A,-0.4,0.7354304790496826
wine_50k,ca,42,1IV7,A173C,-0.5,0.9445991516113281
wine_50k,ca,42,1IV7,F189C,2.5,0.8502002358436584
wine_50k,ca,42,1IV7,L162C,1.9,0.9729962348937988
wine_50k,ca,42,1IV9,S76Y,-4.299,0.5769069194793701
wine_50k,ca,42,1J8I,K25A,-0.1,0.6922162771224976
wine_50k,ca,42,1J8I,K66A,-0.1,0.4890594482421875
wine_50k,ca,42,1J8I,R23A,-0.8,0.7397124171257019
wine_50k,ca,42,1J8I,R35A,0.1,0.7328470945358276
wine_50k,ca,42,1J8I,R43A,-0.7,0.6528191566467285
wine_50k,ca,42,1J8I,R9A,0.1,0.5187149047851562
wine_50k,ca,42,1JL9,A25C,1.44,0.6966147422790527
wine_50k,ca,42,1L6H,F39A,1.6969999999999998,0.7867255210876465
wine_50k,ca,42,1L6H,Y45A,0.55,0.4925140142440796
wine_50k,ca,42,1L6H,Y48A,1.482,0.34735772013664246
wine_50k,ca,42,1N88,F21A,1.39,0.7737385034561157
wine_50k,ca,42,1N88,I39A,1.39,0.8834559917449951
wine_50k,ca,42,1N88,I80A,2.79,0.8065301179885864
wine_50k,ca,42,1N88,I89A,2.35,0.8756240606307983
wine_50k,ca,42,1N88,I8V,1.52,1.0237042903900146
wine_50k,ca,42,1N88,L13A,1.52,0.9243471622467041
wine_50k,ca,42,1N88,L57A,1.11,0.6910305023193359
wine_50k,ca,42,1N88,V12A,1.94,0.9289486408233643
wine_50k,ca,42,1N88,V30A,2.84,0.8122796416282654
wine_50k,ca,42,1N88,V43A,2.82,0.9339795112609863
wine_50k,ca,42,1N88,V49A,2.83,0.8626337051391602
wine_50k,ca,42,1N88,V51A,3.24,0.9602611064910889
wine_50k,ca,42,1N88,V54A,3.73,0.8615940809249878
wine_50k,ca,42,1N88,V81A,2.82,0.8957698345184326
wine_50k,ca,42,1N88,V83A,3.1,0.8388527631759644
wine_50k,ca,42,1N88,Y18A,-0.06,0.7524375915527344
wine_50k,ca,42,1N88,Y26A,4.61,0.9049180150032043
wine_50k,ca,42,1O6X,A31G,1.2,0.5186156034469604
wine_50k,ca,42,1O6X,A50G,1.4,0.7542232871055603
wine_50k,ca,42,1O6X,D38A,-0.36,0.6168327927589417
wine_50k,ca,42,1O6X,E14A,0.3,0.9339812994003296
wine_50k,ca,42,1O6X,E20G,1.42,0.291973352432251
wine_50k,ca,42,1O6X,F39L,1.88,0.6743779182434082
wine_50k,ca,42,1O6X,F65A,0.98,0.8633365631103516
wine_50k,ca,42,1O6X,H51A,0.61,0.7871256470680237
wine_50k,ca,42,1O6X,I15V,0.43,0.9108493328094482
wine_50k,ca,42,1O6X,I23V,-0.42,0.5469169616699219
wine_50k,ca,42,1O6X,I71V,1.31,0.8131579756736755
wine_50k,ca,42,1O6X,I75A,1.31,0.9060273766517639
wine_50k,ca,42,1O6X,K41A,1.98,0.5463595390319824
wine_50k,ca,42,1O6X,L26V,0.97,0.6766800284385681
wine_50k,ca,42,1O6X,N58A,0.08,0.9895734786987305
wine_50k,ca,42,1O6X,Q60G,0.49,0.911996603012085
wine_50k,ca,42,1O6X,V12A,1.1,0.8346742987632751
wine_50k,ca,42,1O6X,V52A,1.08,0.856803297996521
wine_50k,ca,42,1O6X,V64G,1.1,0.8725892305374146
wine_50k,ca,42,1O6X,Y73L,2.78,0.984211802482605
wine_50k,ca,42,1R6R,I88N,0.13,0.6882022619247437
wine_50k,ca,42,1R6R,L50S,2.81,1.039724349975586
wine_50k,ca,42,1R6R,L54S,0.24,0.9336836338043213
wine_50k,ca,42,1R6R,L81N,6.84,0.8492470979690552
wine_50k,ca,42,2BJD,V84D,4.493,0.8133697509765625
wine_50k,ca,42,2BJD,V84P,4.517,0.8241531848907471
wine_50k,ca,42,2BJD,Y86E,2.103,0.7906044721603394
wine_50k,ca,42,2C9Q,Y79F,0.012,0.8710353374481201
wine_50k,ca,42,2C9Q,Y79W,1.233,0.8683295249938965
wine_50k,ca,42,2CLR,H13F,-0.12,0.4879723787307739
wine_50k,ca,42,2CLR,H31F,-2.605,0.6082618236541748
wine_50k,ca,42,2CLR,H51F,1.912,0.7468365430831909
wine_50k,ca,42,2CLR,H84A,2.629,0.7313888072967529
wine_50k,ca,42,2DVV,Q443H,-0.89,0.733762264251709
wine_50k,ca,42,2DVV,R419W,0.02,0.9101821184158325
wine_50k,ca,42,2HBB,A22G,0.32,0.791318416595459
wine_50k,ca,42,2HBB,A26G,1.79,0.8891611099243164
wine_50k,ca,42,2HBB,A36G,1.55,1.012033224105835
wine_50k,ca,42,2HBB,A39G,1.59,0.8448275923728943
wine_50k,ca,42,2HBB,A42G,0.33,0.6889777779579163
wine_50k,ca,42,2HBB,A46G,0.55,0.7171962261199951
wine_50k,ca,42,2HBB,A49G,0.22,0.5437537431716919
wine_50k,ca,42,2HBB,D23A,0.03,0.7426282167434692
wine_50k,ca,42,2HBB,D23N,0.79,0.7445332407951355
wine_50k,ca,42,2HBB,D8A,1.3,0.5381190180778503
wine_50k,ca,42,2HBB,D8N,0.38,0.5400758981704712
wine_50k,ca,42,2HBB,E17A,1.69,0.605807900428772
wine_50k,ca,42,2HBB,E17Q,0.33,0.6135284304618835
wine_50k,ca,42,2HBB,E38A,0.41,0.8572810888290405
wine_50k,ca,42,2HBB,E38Q,0.68,0.8639507293701172
wine_50k,ca,42,2HBB,E48Q,-0.07,0.6058749556541443
wine_50k,ca,42,2HBB,F31A,2.84,0.7694026231765747
wine_50k,ca,42,2HBB,F5L,1.15,0.7809368371963501
wine_50k,ca,42,2HBB,G24A,-0.02,0.634567141532898
wine_50k,ca,42,2HBB,G34A,1.02,0.8910971283912659
wine_50k,ca,42,2HBB,I18A,2.05,0.8380395174026489
wine_50k,ca,42,2HBB,I18V,0.07,0.8443066477775574
wine_50k,ca,42,2HBB,I37A,1.28,1.0257744789123535
wine_50k,ca,42,2HBB,I37V,-0.09,1.0296289920806885
wine_50k,ca,42,2HBB,I4V,0.59,0.8703652620315552
wine_50k,ca,42,2HBB,K10E,-0.13,0.32377591729164124
wine_50k,ca,42,2HBB,K10M,-0.47,0.28404173254966736
wine_50k,ca,42,2HBB,K12A,-0.61,0.2928699851036072
wine_50k,ca,42,2HBB,K12G,-0.03,0.28396672010421753
wine_50k,ca,42,2HBB,K12M,-1.8,0.28404173254966736
wine_50k,ca,42,2HBB,K14A,0.73,0.4672304391860962
wine_50k,ca,42,2HBB,K14G,1.3,0.4628669023513794
wine_50k,ca,42,2HBB,K14M,0.34,0.46168220043182373
wine_50k,ca,42,2HBB,K15G,1.74,0.6141823530197144
wine_50k,ca,42,2HBB,K15M,0.44,0.6136130690574646
wine_50k,ca,42,2HBB,K7M,-0.21,0.7144078016281128
wine_50k,ca,42,2HBB,L30A,2.76,0.8141389489173889
wine_50k,ca,42,2HBB,L35A,1.21,0.8970518708229065
wine_50k,ca,42,2HBB,L44A,1.73,0.7969298362731934
wine_50k,ca,42,2HBB,L47A,0.84,0.6421090960502625
wine_50k,ca,42,2HBB,L6A,3.1,0.793612003326416
wine_50k,ca,42,2HBB,M1A,1.46,0.8217745423316956
wine_50k,ca,42,2HBB,T40S,0.8,0.7184315919876099
wine_50k,ca,42,2HBB,V21A,2.33,0.8049348592758179
wine_50k,ca,42,2HBB,V3A,2.55,0.9651787281036377
wine_50k,ca,42,2HBB,V9A,1.81,0.3986923098564148
wine_50k,ca,42,2JUC,C57D,2.54,0.7270362377166748
wine_50k,ca,42,2JUC,C57S,0.71,0.7259670495986938
wine_50k,ca,42,2JUC,R18A,1.75,0.6234278678894043
wine_50k,ca,42,2KJ3,D288A,-1.2,0.3357081413269043
wine_50k,ca,42,2KJ3,E272A,-1.9,0.2701411247253418
wine_50k,ca,42,2KJ3,G278A,0.8,0.6711453199386597
wine_50k,ca,42,2KJ3,K229A,-1.5,0.7612683773040771
wine_50k,ca,42,2KJ3,L241A,-1.0,0.938467264175415
wine_50k,ca,42,2KJ3,S273A,-1.4,0.46787333488464355
wine_50k,ca,42,2KJ3,V239A,-1.0,0.926886796951294
wine_50k,ca,42,2KJ3,V264A,-1.0,0.6993680596351624
wine_50k,ca,42,2KJ3,V267A,-0.2,0.8893148899078369
wine_50k,ca,42,2MPC,A89T,0.24,0.7467825412750244
wine_50k,ca,42,2MPC,R42A,-0.62,0.4604020118713379
wine_50k,ca,42,2MPC,R42W,-2.08,0.465140700340271
wine_50k,ca,42,2N7Z,P88A,0.6,0.7909306883811951
wine_50k,ca,42,2OUO,A420D,-0.44,0.734196662902832
wine_50k,ca,42,2PTL,A22G,2.43,0.9027604460716248
wine_50k,ca,42,2PTL,A27P,-0.1,0.9771356582641602
wine_50k,ca,42,2PTL,A27V,0.83,0.9703879356384277
wine_50k,ca,42,2PTL,A34G,2.17,0.8518979549407959
wine_50k,ca,42,2PTL,A34V,-1.47,0.8760944604873657
wine_50k,ca,42,2PTL,A43G,2.54,0.8044160008430481
wine_50k,ca,42,2PTL,A47G,3.1,0.8999106884002686
wine_50k,ca,42,2PTL,A49G,1.32,0.7357266545295715
wine_50k,ca,42,2PTL,A51G,3.12,0.8624804019927979
wine_50k,ca,42,2PTL,A66G,0.49,0.7543516159057617
wine_50k,ca,42,2PTL,D52A,1.21,0.6510458588600159
wine_50k,ca,42,2PTL,D52G,2.14,0.6365869045257568
wine_50k,ca,42,2PTL,D64A,0.2,0.9260451793670654
wine_50k,ca,42,2PTL,E35A,0.59,0.8203643560409546
wine_50k,ca,42,2PTL,E46G,1.19,0.7572609186172485
wine_50k,ca,42,2PTL,E46I,1.08,0.7652485370635986
wine_50k,ca,42,2PTL,E60A,0.23,0.4973834753036499
wine_50k,ca,42,2PTL,F26A,3.12,0.9049468636512756
wine_50k,ca,42,2PTL,F26L,0.68,0.8829169273376465
wine_50k,ca,42,2PTL,F36A,4.15,0.8706760406494141
wine_50k,ca,42,2PTL,F36L,3.12,0.8524049520492554
wine_50k,ca,42,2PTL,F40G,3.08,0.7843095064163208
wine_50k,ca,42,2PTL,F40L,0.38,0.7848008275032043
wine_50k,ca,42,2PTL,F76L,3.34,0.8967985510826111
wine_50k,ca,42,2PTL,F76V,3.73,0.9219858646392822
wine_50k,ca,42,2PTL,G29A,1.52,0.8908766508102417
wine_50k,ca,42,2PTL,G29V,2.53,0.9037912487983704
wine_50k,ca,42,2PTL,G38A,2.08,0.9071135520935059
wine_50k,ca,42,2PTL,G59A,2.23,0.5629270672798157
wine_50k,ca,42,2PTL,G69A,2.04,0.8128427863121033
wine_50k,ca,42,2PTL,I20A,4.9,0.9039450883865356
wine_50k,ca,42,2PTL,I20V,0.56,0.9119535684585571
wine_50k,ca,42,2PTL,I25A,1.37,0.9165513515472412
wine_50k,ca,42,2PTL,I25V,0.47,0.9272944927215576
wine_50k,ca,42,2PTL,I74A,4.72,1.0038566589355469
wine_50k,ca,42,2PTL,I74V,1.69,1.0096046924591064
wine_50k,ca,42,2PTL,K21A,0.92,0.8536288142204285
wine_50k,ca,42,2PTL,K37A,0.88,0.7937802672386169
wine_50k,ca,42,2PTL,K42G,-0.16,0.6161320209503174
wine_50k,ca,42,2PTL,K55A,-0.58,0.40633416175842285
wine_50k,ca,42,2PTL,K56A,-0.35,0.3212476074695587
wine_50k,ca,42,2PTL,K68A,0.09,0.6961175203323364
wine_50k,ca,42,2PTL,K75A,0.45,0.9583624601364136
wine_50k,ca,42,2PTL,L24A,3.12,1.0022401809692383
wine_50k,ca,42,2PTL,L54A,2.44,0.6417833566665649
wine_50k,ca,42,2PTL,L72A,3.77,0.937077522277832
wine_50k,ca,42,2PTL,N23A,1.87,0.8516846895217896
wine_50k,ca,42,2PTL,N28A,1.78,0.7307837009429932
wine_50k,ca,42,2PTL,N58A,0.34,0.4536581039428711
wine_50k,ca,42,2PTL,N73A,1.73,0.9567573070526123
wine_50k,ca,42,2PTL,S30A,0.3,0.7967082858085632
wine_50k,ca,42,2PTL,S45A,-0.41,0.700874924659729
wine_50k,ca,42,2PTL,S45G,0.82,0.6842828989028931
wine_50k,ca,42,2PTL,T19A,1.63,0.761536180973053
wine_50k,ca,42,2PTL,T31A,1.17,0.9200947284698486
wine_50k,ca,42,2PTL,T33A,1.11,0.7914016842842102
wine_50k,ca,42,2PTL,T39A,1.25,0.7298619747161865
wine_50k,ca,42,2PTL,T44A,1.09,0.7851322889328003
wine_50k,ca,42,2PTL,T53G,0.17,0.6319404244422913
wine_50k,ca,42,2PTL,T62A,0.97,0.784079909324646
wine_50k,ca,42,2PTL,T71A,1.83,0.7844628691673279
wine_50k,ca,42,2PTL,V18A,1.22,0.7568432688713074
wine_50k,ca,42,2PTL,V63A,0.92,0.9264039993286133
wine_50k,ca,42,2PTL,V65A,1.14,0.8103209733963013
wine_50k,ca,42,2PTL,Y48A,2.82,0.8937088847160339
wine_50k,ca,42,2PTL,Y50A,2.46,0.8417717218399048
wine_50k,ca,42,2PTL,Y70A,1.66,0.7848620414733887
wine_50k,ca,42,2PTL,Y70L,-0.43,0.7752108573913574
wine_50k,ca,42,2RPN,E7L,-1.05,0.609341025352478
wine_50k,ca,42,2RPN,V21K,-0.39,0.6793882846832275
wine_50k,ca,42,2WQG,D15A,-0.3,0.7958529591560364
wine_50k,ca,42,2WQG,D38A,-0.1,0.4808918237686157
wine_50k,ca,42,2WQG,D39A,2.2,0.5333711504936218
wine_50k,ca,42,2WQG,D39N,2.6,0.53464674949646
wine_50k,ca,42,2WQG,E40Q,0.1,0.33214855194091797
wine_50k,ca,42,2WQG,E41G,0.4,0.3132898211479187
wine_50k,ca,42,2WQG,I36A,0.9,0.6837621927261353
wine_50k,ca,42,2WQG,I36V,0.3,0.6956732273101807
wine_50k,ca,42,2WQG,K14A,0.4,0.8860122561454773
wine_50k,ca,42,2WQG,K14G,1.9,0.8850045204162598
wine_50k,ca,42,2WQG,K19A,0.3,0.6465346813201904
wine_50k,ca,42,2WQG,K28A,0.6,0.7661232948303223
wine_50k,ca,42,2WQG,L13A,0.5,0.9838418960571289
wine_50k,ca,42,2WQG,L16A,1.3,0.7163993120193481
wine_50k,ca,42,2WQG,L8A,2.0,0.8790465593338013
wine_50k,ca,42,2WQG,Q12A,0.6,0.9435570240020752
wine_50k,ca,42,2WQG,Q12G,2.0,0.9371976852416992
wine_50k,ca,42,2WQG,Q33A,-0.1,0.6561276912689209
wine_50k,ca,42,2WQG,R34A,0.8,0.7269850969314575
wine_50k,ca,42,2WQG,S23A,0.6,0.6989473104476929
wine_50k,ca,42,2WQG,S6A,-0.1,0.6755921840667725
wine_50k,ca,42,2WQG,S6G,0.2,0.660819411277771
wine_50k,ca,42,2WQG,T9S,-0.1,0.880898654460907
wine_50k,ca,42,2WQG,V10A,0.1,0.9831628799438477
wine_50k,ca,42,2WQG,V10G,0.7,0.9746719598770142
wine_50k,ca,42,2WQG,V11A,-0.4,0.8812916278839111
wine_50k,ca,42,2WQG,V11G,-0.1,0.8660442233085632
wine_50k,ca,42,2WQG,V24A,0.5,0.9230923652648926
wine_50k,ca,42,2WQG,Y5F,2.4,0.8883798122406006
wine_50k,ca,42,2ZTA,E11Q,0.74,0.6262392997741699
wine_50k,ca,42,2ZTA,E20Q,-0.2,0.5763463377952576
wine_50k,ca,42,2ZTA,E22Q,1.83,0.6710257530212402
wine_50k,ca,42,2ZTA,K15A,0.41,0.6266270875930786
wine_50k,ca,42,2ZTA,K27A,0.91,0.8530752658843994
wine_50k,ca,42,2ZTA,K28A,0.06,0.7839535474777222
wine_50k,ca,42,2ZTA,K8A,0.39,0.5907716751098633
wine_50k,ca,42,2ZTA,R25A,1.66,0.7039053440093994
wine_50k,ca,42,3BN0,I20V,1.506,0.9642360210418701
wine_50k,ca,42,3C2I,F155S,-0.43,0.6563762426376343
wine_50k,ca,42,3C2I,T158A,-0.47,0.8134822845458984
wine_50k,ca,42,3C2I,T158M,-0.25,0.7899286150932312
wine_50k,ca,42,3FIS,P61A,0.5,0.760140597820282
wine_50k,ca,42,3G1G,D155Y,-0.34,0.7981920838356018
wine_50k,ca,42,3G1G,F167Y,0.74,0.7804098725318909
wine_50k,ca,42,3G1G,I190V,0.17,0.97747802734375
wine_50k,ca,42,3G1G,R185W,-1.32,0.8094730377197266
wine_50k,ca,42,3K82,E334L,3.35,0.5377101898193359
wine_50k,ca,42,3K82,E334Q,1.68,0.5578298568725586
wine_50k,ca,42,3K82,E401R,-5.49,0.5023359060287476
wine_50k,ca,42,3MON,R39G,-1.194,0.9419171810150146
wine_50k,ca,42,3MON,W3C,2.866,0.5400924682617188
wine_50k,ca,42,3O39,L32P,3.25,0.6964651942253113
wine_50k,ca,42,3S92,H395R,-2.03,0.6265421509742737
wine_50k,ca,42,4N6V,H75W,-0.574,0.30985891819000244
wine_50k,ca,42,4N6V,P36G,1.362,0.9427063465118408
wine_50k,ca,42,4N6V,P79S,-1.745,0.443955659866333
wine_50k,ca,42,4YEE,V134T,0.71,0.8262065649032593
wine_50k,ca,42,4YEF,T134V,0.93,0.6987947821617126
wine_50k,ca,42,5JXB,D329G,1.44,0.2038467526435852
wine_50k,ca,42,5JXB,D329P,1.44,0.23619988560676575
wine_50k,ca,42,1A0F,S11A,1.8,0.8161041736602783
wine_50k,ca,42,1A7V,A104H,2.69,0.8422795534133911
wine_50k,ca,42,1A7V,A66H,1.98,0.7715334892272949
wine_50k,ca,42,1A7V,A91H,1.7,0.8099826574325562
wine_50k,ca,42,1A7V,D3H,1.36,0.6695160865783691
wine_50k,ca,42,1A7V,D58H,2.05,0.3983646333217621
wine_50k,ca,42,1A7V,E73H,3.01,0.37545251846313477
wine_50k,ca,42,1A7V,K13H,0.6,0.6340283155441284
wine_50k,ca,42,1A7V,K20H,2.88,0.7355451583862305
wine_50k,ca,42,1A7V,K31H,1.36,0.6102054715156555
wine_50k,ca,42,1A7V,K39H,1.86,0.9525482654571533
wine_50k,ca,42,1A7V,K49H,2.02,0.7200264930725098
wine_50k,ca,42,1A7V,K84H,2.88,0.8652140498161316
wine_50k,ca,42,1A7V,K97H,1.97,0.5293431282043457
wine_50k,ca,42,1BNL,D76A,0.821,0.6272621750831604
wine_50k,ca,42,1DIV,D23A,0.46,0.768489420413971
wine_50k,ca,42,1DIV,D23N,0.58,0.7707153558731079
wine_50k,ca,42,1DIV,D8N,0.3,0.6357492208480835
wine_50k,ca,42,1DIV,E100A,0.98,0.6413241028785706
wine_50k,ca,42,1DIV,E100G,1.52,0.6294624209403992
wine_50k,ca,42,1DIV,E17Q,0.21,0.7596532106399536
wine_50k,ca,42,1DIV,E38Q,0.56,0.8087087273597717
wine_50k,ca,42,1DIV,E48Q,-0.03,0.5748527646064758
wine_50k,ca,42,1DIV,E54Q,-0.33,0.14596185088157654
wine_50k,ca,42,1DIV,H106Q,1.53,0.740928053855896
wine_50k,ca,42,1DIV,I115A,3.52,0.6145083904266357
wine_50k,ca,42,1DIV,I4A,2.22,0.9279524087905884
wine_50k,ca,42,1DIV,I4V,0.59,0.9326595067977905
wine_50k,ca,42,1DIV,I79A,3.49,0.9878504276275635
wine_50k,ca,42,1DIV,I93A,3.19,0.9246368408203125
wine_50k,ca,42,1DIV,I98A,4.28,0.8436527252197266
wine_50k,ca,42,1DIV,K10M,-0.05,0.37704500555992126
wine_50k,ca,42,1DIV,K14M,-0.01,0.5828664898872375
wine_50k,ca,42,1DIV,K15M,0.31,0.44076210260391235
wine_50k,ca,42,1DIV,K7M,-0.35,0.6857082843780518
wine_50k,ca,42,1DIV,K96A,-0.61,0.5821173191070557
wine_50k,ca,42,1DIV,K96G,0.2,0.5753211379051208
wine_50k,ca,42,1DIV,L102A,2.37,0.834679901599884
wine_50k,ca,42,1DIV,L108A,2.33,0.8142913579940796
wine_50k,ca,42,1DIV,L110A,3.21,0.7024518847465515
wine_50k,ca,42,1DIV,L117A,0.82,0.8702321648597717
wine_50k,ca,42,1DIV,L30A,2.76,0.8618608117103577
wine_50k,ca,42,1DIV,L30V,3.62,0.8691998720169067
wine_50k,ca,42,1DIV,L6A,3.1,0.7330244779586792
wine_50k,ca,42,1DIV,L6I,0.13,0.7227727174758911
wine_50k,ca,42,1DIV,L6V,0.41,0.7390733957290649
wine_50k,ca,42,1DIV,L72A,3.77,0.6021676063537598
wine_50k,ca,42,1DIV,M1A,1.46,0.9166609048843384
wine_50k,ca,42,1DIV,M1G,2.36,0.9055793881416321
wine_50k,ca,42,1DIV,V21A,2.33,0.8439846038818359
wine_50k,ca,42,1DIV,V21I,0.4,0.8303800821304321
wine_50k,ca,42,1DIV,V21L,1.23,0.8216261267662048
wine_50k,ca,42,1DIV,V3A,2.55,0.9786967039108276
wine_50k,ca,42,1DIV,V3I,0.31,0.9708265066146851
wine_50k,ca,42,1DIV,V3L,2.21,0.9622594118118286
wine_50k,ca,42,1DXX,K18N,3.7,0.6375744342803955
wine_50k,ca,42,1FH5,S18N,-0.6,0.8339856863021851
wine_50k,ca,42,1FT8,L212V,1.38,0.8828888535499573
wine_50k,ca,42,1FT8,L238I,0.35,0.7663903832435608
wine_50k,ca,42,1FT8,M216L,-0.27,0.8050373196601868
wine_50k,ca,42,1GWY,A8D,1.6,0.8714503049850464
wine_50k,ca,42,1ITM,C24T,3.3,0.8454219698905945
wine_50k,ca,42,1ITM,C3T,5.0,0.7798781394958496
wine_50k,ca,42,1ITM,W91S,-1.4,0.7992547154426575
wine_50k,ca,42,1JLV,E64D,1.162,0.8070875406265259
wine_50k,ca,42,1JLV,E64N,2.3040000000000003,0.8024691939353943
wine_50k,ca,42,1JLV,E64Q,2.302,0.8047628402709961
wine_50k,ca,42,1LVM,E106G,-1.4,0.042934127151966095
wine_50k,ca,42,1LVM,K45F,-0.43,0.6737864017486572
wine_50k,ca,42,1LVM,L56V,-0.0,0.9673638343811035
wine_50k,ca,42,1LVM,Q58F,-0.6,0.9755725860595703
wine_50k,ca,42,1N18,E100G,2.5,0.7626546621322632
wine_50k,ca,42,1N18,G85R,1.4,0.7145801186561584
wine_50k,ca,42,1N18,H46R,-1.4,0.8581936955451965
wine_50k,ca,42,1O1U,E110A,3.3,0.7216095924377441
wine_50k,ca,42,1O1U,N61A,1.2,0.558944582939148
wine_50k,ca,42,1O1U,Q51A,0.3,0.584757924079895
wine_50k,ca,42,1O1U,Q99A,-0.3,0.7362351417541504
wine_50k,ca,42,1O1U,T38A,1.2,0.7714145183563232
wine_50k,ca,42,1O1U,W49Y,1.2,0.5946614742279053
wine_50k,ca,42,1OSI,I11V,0.05,0.7306406497955322
wine_50k,ca,42,1OSI,S92F,-0.39,0.7252110838890076
wine_50k,ca,42,1OSI,V15I,0.78,0.7951369881629944
wine_50k,ca,42,1PFL,A20T,1.53,1.0787358283996582
wine_50k,ca,42,1PFL,G117V,1.96,0.5585148334503174
wine_50k,ca,42,1PFL,M113T,3.53,0.8382666707038879
wine_50k,ca,42,1PFL,T108M,-0.07,0.6134914755821228
wine_50k,ca,42,1PRG,Q286P,0.3,0.7939327955245972
wine_50k,ca,42,1PRG,R288H,-0.06,0.7968466281890869
wine_50k,ca,42,1PRG,V290M,-0.03,0.7906796932220459
wine_50k,ca,42,1SPD,C111S,-0.8,0.8181318044662476
wine_50k,ca,42,1SPD,C6A,-0.1,1.0888867378234863
wine_50k,ca,42,1XWS,E124Q,2.9,0.4341459274291992
wine_50k,ca,42,1XWS,E135K,4.59,0.5380531549453735
wine_50k,ca,42,1XWS,E142D,3.22,0.475247859954834
wine_50k,ca,42,1XWS,Y53H,3.3,0.8771306276321411
wine_50k,ca,42,1XXN,N32D,0.86,0.6859842538833618
wine_50k,ca,42,1XXN,N54E,0.645,0.5301706194877625
wine_50k,ca,42,1XXN,S22E,-0.239,0.39710772037506104
wine_50k,ca,42,1XXN,S27E,0.645,0.7944498062133789
wine_50k,ca,42,1XZO,F42W,-2.87,0.8511614203453064
wine_50k,ca,42,1XZO,W101F,2.89,0.7106291651725769
wine_50k,ca,42,1XZO,W36A,8.93,1.0138914585113525
wine_50k,ca,42,1XZO,W36F,4.25,1.0152877569198608
wine_50k,ca,42,2ARF,H1069Q,0.7170000000000001,0.5573108792304993
wine_50k,ca,42,2H3F,E12A,-1.07,0.6365814208984375
wine_50k,ca,42,2JIE,H104R,-1.536,0.7263840436935425
wine_50k,ca,42,2JIE,Q22S,0.209,0.6831625699996948
wine_50k,ca,42,2JIE,S17A,1.246,0.524878203868866
wine_50k,ca,42,2JIE,S19A,-0.951,0.6869669556617737
wine_50k,ca,42,2JIE,T18A,0.994,0.5943651795387268
wine_50k,ca,42,2JIE,W123F,-2.19,0.35422998666763306
wine_50k,ca,42,2JIE,W123H,-1.06,0.3796074390411377
wine_50k,ca,42,2JIE,Y21A,3.443,0.6230463981628418
wine_50k,ca,42,2KS4,D9A,-1.26,0.7742875814437866
wine_50k,ca,42,2KS4,E2A,0.23,0.6921329498291016
wine_50k,ca,42,2LTB,L558P,1.57,0.566207230091095
wine_50k,ca,42,2LTB,L569R,3.11,0.9126666784286499
wine_50k,ca,42,2LTB,M619K,3.34,0.7277204990386963
wine_50k,ca,42,2LTB,R533Q,1.1,0.3107925057411194
wine_50k,ca,42,2LTB,R555Q,0.36,0.5388196706771851
wine_50k,ca,42,2LTB,R555W,-1.79,0.5325265526771545
wine_50k,ca,42,2M5S,D302A,4.0,0.8848553895950317
wine_50k,ca,42,2M5S,H305A,2.0,0.8863908648490906
wine_50k,ca,42,2NTE,R658C,2.3,0.5026679635047913
wine_50k,ca,42,2PR5,A33Y,-0.5,0.5985457897186279
wine_50k,ca,42,2PR5,A81M,0.4,0.6280225515365601
wine_50k,ca,42,2PR5,D109E,-0.3,0.873291015625
wine_50k,ca,42,2PR5,H22K,-0.3,0.4373210668563843
wine_50k,ca,42,2PR5,H22W,-1.2,0.4362223148345947
wine_50k,ca,42,2PR5,M111F,-2.9,0.8727502226829529
wine_50k,ca,42,2PR5,N107F,-0.9,0.8582832217216492
wine_50k,ca,42,2PR5,N107Y,-0.8,0.8695560693740845
wine_50k,ca,42,2PR5,N124F,-1.1,0.6974517107009888
wine_50k,ca,42,2PR5,N124Y,-2.6,0.7064080238342285
wine_50k,ca,42,2PR5,T30M,-0.5,0.8843812942504883
wine_50k,ca,42,2PR5,T50M,0.5,0.6806179285049438
wine_50k,ca,42,2PR5,T54Y,-0.2,0.800560712814331
wine_50k,ca,42,2PR5,V120I,-1.4,1.048306941986084
wine_50k,ca,42,2PR5,V25I,-0.4,0.9038455486297607
wine_50k,ca,42,2PR5,V88L,0.2,0.8594720363616943
wine_50k,ca,42,2PR5,V90I,0.7,0.8041177988052368
wine_50k,ca,42,2VY0,E53A,6.597,0.4920218586921692
wine_50k,ca,42,3BCI,E96Q,-1.369,0.32709333300590515
wine_50k,ca,42,3D3B,D118A,0.65,0.30707862973213196
wine_50k,ca,42,3D3B,D118E,0.6,0.33216649293899536
wine_50k,ca,42,3D3B,D118K,1.6,0.3007734417915344
wine_50k,ca,42,3D3B,D118N,1.34,0.30623531341552734
wine_50k,ca,42,3D3B,D118R,1.41,0.318869411945343
wine_50k,ca,42,3ECU,H46R,-0.8,0.8109085559844971
wine_50k,ca,42,3S4M,D122Y,1.3,0.5658024549484253
wine_50k,ca,42,3S4M,G130V,2.5,0.8240228891372681
wine_50k,ca,42,3S4M,I154F,-0.096,0.6449310183525085
wine_50k,ca,42,3S4M,W155R,0.693,0.6302599906921387
wine_50k,ca,42,4BJX,A89V,-0.99,0.8253060579299927
wine_50k,ca,42,4BUQ,Y48A,1.435,0.43410724401474
wine_50k,ca,42,4WAA,K65A,-0.1,0.5916435122489929
wine_50k,ca,42,4WAA,K67A,2.07,0.8713499903678894
wine_50k,ca,42,4WAA,R27A,0.44,0.316053181886673
wine_50k,ca,42,5VP3,R39K,-0.413,0.640625
wine_50k,ca,42,1BA3,H461D,1.745,0.7563292384147644
wine_50k,ca,42,1BA3,H489D,-0.287,0.49829089641571045
wine_50k,ca,42,1BA3,H489K,0.287,0.486342191696167
wine_50k,ca,42,1BA3,H489M,0.263,0.4721996784210205
wine_50k,ca,42,1DIV,V129A,1.81,0.5015993714332581
wine_50k,ca,42,1F8I,F345A,0.455,0.8777594566345215
wine_50k,ca,42,1FT8,L349I,-0.05,0.7625875473022461
wine_50k,ca,42,1LVM,S135G,-0.0,0.7854048609733582
wine_50k,ca,42,1NM1,D187N,0.88,0.527103066444397
wine_50k,ca,42,1NM1,D187Y,1.9,0.5398722887039185
wine_50k,ca,42,1PRE,C159S,2.4,0.5495645403862
wine_50k,ca,42,1R2Y,R244E,4.2,0.4903968572616577
wine_50k,ca,42,1XXN,N181R,-0.358,0.4521338939666748
wine_50k,ca,42,3D2A,M134E,-3.02,0.839601993560791
wine_50k,ca,42,3D2A,M137P,-3.34,0.907341480255127
wine_50k,ca,42,3D2A,S163P,-2.11,0.7072567939758301
wine_50k,ca,42,5OAQ,Y429H,2.99,0.6599128246307373
