model,atom_def,n_prot,within_z,within_r
gnn_global,ca,19,0.49259010301907186,0.4562697446506757
gnn_global,cb,19,0.4923790909845543,0.45610264545482015
gnn_global,centroid,19,0.4403996221946313,0.413975633571033
gnn_global,allatom,19,0.5225514012418561,0.47966678914747995
gnn_local,ca,19,0.32050497705328235,0.3099634528323707
gnn_local,cb,19,0.29781664024360055,0.28931327075277474
gnn_local,centroid,19,0.33071665632229885,0.3191645774395637
gnn_local,allatom,19,0.37546155255158553,0.35875961175721083
gnn_edge,ca,19,0.26482921421309763,0.25880688459571366
gnn_edge,cb,19,0.27682213432849573,0.26996135031739255
gnn_edge,centroid,19,0.3845121876188295,0.36661961746129335
gnn_edge,allatom,19,0.3813128575445329,0.36384706659453453
deep_gine,ca,19,0.24631280516279924,0.2414495273808338
deep_gine,cb,19,0.41971274286903276,0.3966884057279919
deep_gine,centroid,19,0.46528121969792696,0.4343787566403039
