model,comparison,n_prot,delta_z,ci_lo,ci_hi,p,excludes_zero,p_holm
gnn_global,ca vs centroid,19,0.052190480824440555,-0.07347646391774255,0.17989900325146094,0.406,False,1.0
gnn_global,cb vs centroid,19,0.05197946878992299,-0.05173441950586001,0.15310480800386603,0.324,False,1.0
gnn_global,allatom vs centroid,19,0.08215177904722476,-0.06865885192634981,0.24913125498467076,0.345,False,1.0
gnn_local,ca vs centroid,19,-0.010211679269016505,-0.12741376710549482,0.14543998747496278,0.83,False,1.0
gnn_local,cb vs centroid,19,-0.0329000160786983,-0.13360059420082135,0.1146694352111505,0.566,False,1.0
gnn_local,allatom vs centroid,19,0.04474489622928668,-0.12454858134513053,0.23766363453219566,0.644,False,1.0
gnn_edge,ca vs centroid,19,-0.11968297340573186,-0.20748317830086224,-0.033263185966000065,0.008,True,0.088
gnn_edge,cb vs centroid,19,-0.10769005329033376,-0.23517231847201583,0.008554659243880167,0.072,False,0.72
gnn_edge,allatom vs centroid,19,-0.003199330074296569,-0.11338667446755822,0.11260567189875291,0.991,False,1.0
deep_gine,ca vs centroid,19,-0.21896841453512772,-0.45573426023639535,0.02373640415339052,0.079,False,0.72
deep_gine,cb vs centroid,19,-0.0455684768288942,-0.1806489985513879,0.10316032396846019,0.496,False,1.0
